[2026-02-09 02:30:09] local.ERROR: could not find driver (Connection: sqlite, Database: G:\Projects\customer-management\database\database.sqlite, SQL: select exists (select 1 from "main".sqlite_master where name = 'migrations' and type = 'table') as "exists") {"exception":"[object] (Illuminate\\Database\\QueryException(code: 0): could not find driver (Connection: sqlite, Database: G:\\Projects\\customer-management\\database\\database.sqlite, SQL: select exists (select 1 from \"main\".sqlite_master where name = 'migrations' and type = 'table') as \"exists\") at G:/Projects/customer-management/vendor/laravel/framework/src/Illuminate/Database/Connection.php:838)
[stacktrace]
#0 G:/Projects/customer-management/vendor/laravel/framework/src/Illuminate/Database/Connection.php(794): Illuminate/Database/Connection->runQueryCallback()
#1 G:/Projects/customer-management/vendor/laravel/framework/src/Illuminate/Database/Connection.php(411): Illuminate/Database/Connection->run()
#2 G:/Projects/customer-management/vendor/laravel/framework/src/Illuminate/Database/Connection.php(357): Illuminate/Database/Connection->select()
#3 G:/Projects/customer-management/vendor/laravel/framework/src/Illuminate/Database/Connection.php(374): Illuminate/Database/Connection->selectOne()
#4 G:/Projects/customer-management/vendor/laravel/framework/src/Illuminate/Database/Schema/Builder.php(176): Illuminate/Database/Connection->scalar()
#5 G:/Projects/customer-management/vendor/laravel/framework/src/Illuminate/Database/Migrations/DatabaseMigrationRepository.php(185): Illuminate/Database/Schema/Builder->hasTable()
#6 G:/Projects/customer-management/vendor/laravel/framework/src/Illuminate/Database/Migrations/Migrator.php(758): Illuminate/Database/Migrations/DatabaseMigrationRepository->repositoryExists()
#7 G:/Projects/customer-management/vendor/laravel/framework/src/Illuminate/Database/Console/Migrations/MigrateCommand.php(164): Illuminate/Database/Migrations/Migrator->repositoryExists()
#8 G:/Projects/customer-management/vendor/laravel/framework/src/Illuminate/Support/helpers.php(327): Illuminate/Database/Console/Migrations/MigrateCommand->Illuminate/Database/Console/Migrations/{closure}()
#9 G:/Projects/customer-management/vendor/laravel/framework/src/Illuminate/Database/Console/Migrations/MigrateCommand.php(164): retry()
#10 G:/Projects/customer-management/vendor/laravel/framework/src/Illuminate/Database/Console/Migrations/MigrateCommand.php(140): Illuminate/Database/Console/Migrations/MigrateCommand->repositoryExists()
#11 G:/Projects/customer-management/vendor/laravel/framework/src/Illuminate/Database/Console/Migrations/MigrateCommand.php(110): Illuminate/Database/Console/Migrations/MigrateCommand->prepareDatabase()
#12 G:/Projects/customer-management/vendor/laravel/framework/src/Illuminate/Database/Migrations/Migrator.php(671): Illuminate/Database/Console/Migrations/MigrateCommand->Illuminate/Database/Console/Migrations/{closure}()
#13 G:/Projects/customer-management/vendor/laravel/framework/src/Illuminate/Database/Console/Migrations/MigrateCommand.php(109): Illuminate/Database/Migrations/Migrator->usingConnection()
#14 G:/Projects/customer-management/vendor/laravel/framework/src/Illuminate/Database/Console/Migrations/MigrateCommand.php(88): Illuminate/Database/Console/Migrations/MigrateCommand->runMigrations()
#15 G:/Projects/customer-management/vendor/laravel/framework/src/Illuminate/Container/BoundMethod.php(36): Illuminate/Database/Console/Migrations/MigrateCommand->handle()
#16 G:/Projects/customer-management/vendor/laravel/framework/src/Illuminate/Container/Util.php(43): Illuminate/Container/BoundMethod::Illuminate/Container/{closure}()
#17 G:/Projects/customer-management/vendor/laravel/framework/src/Illuminate/Container/BoundMethod.php(96): Illuminate/Container/Util::unwrapIfClosure()
#18 G:/Projects/customer-management/vendor/laravel/framework/src/Illuminate/Container/BoundMethod.php(35): Illuminate/Container/BoundMethod::callBoundMethod()
#19 G:/Projects/customer-management/vendor/laravel/framework/src/Illuminate/Container/Container.php(799): Illuminate/Container/BoundMethod::call()
#20 G:/Projects/customer-management/vendor/laravel/framework/src/Illuminate/Console/Command.php(211): Illuminate/Container/Container->call()
#21 G:/Projects/customer-management/vendor/symfony/console/Command/Command.php(341): Illuminate/Console/Command->execute()
#22 G:/Projects/customer-management/vendor/laravel/framework/src/Illuminate/Console/Command.php(180): Symfony/Component/Console/Command/Command->run()
#23 G:/Projects/customer-management/vendor/symfony/console/Application.php(1102): Illuminate/Console/Command->run()
#24 G:/Projects/customer-management/vendor/symfony/console/Application.php(356): Symfony/Component/Console/Application->doRunCommand()
#25 G:/Projects/customer-management/vendor/symfony/console/Application.php(195): Symfony/Component/Console/Application->doRun()
#26 G:/Projects/customer-management/vendor/laravel/framework/src/Illuminate/Foundation/Console/Kernel.php(198): Symfony/Component/Console/Application->run()
#27 G:/Projects/customer-management/vendor/laravel/framework/src/Illuminate/Foundation/Application.php(1235): Illuminate/Foundation/Console/Kernel->handle()
#28 G:/Projects/customer-management/artisan(16): Illuminate/Foundation/Application->handleCommand()
#29 {main}

[previous exception] [object] (PDOException(code: 0): could not find driver at G:/Projects/customer-management/vendor/laravel/framework/src/Illuminate/Database/Connectors/Connector.php:66)
[stacktrace]
#0 G:/Projects/customer-management/vendor/laravel/framework/src/Illuminate/Database/Connectors/Connector.php(66): PDO->__construct()
#1 G:/Projects/customer-management/vendor/laravel/framework/src/Illuminate/Database/Connectors/Connector.php(44): Illuminate/Database/Connectors/Connector->createPdoConnection()
#2 G:/Projects/customer-management/vendor/laravel/framework/src/Illuminate/Database/Connectors/SQLiteConnector.php(21): Illuminate/Database/Connectors/Connector->createConnection()
#3 G:/Projects/customer-management/vendor/laravel/framework/src/Illuminate/Database/Connectors/ConnectionFactory.php(225): Illuminate/Database/Connectors/SQLiteConnector->connect()
#4 [internal function]: Illuminate/Database/Connectors/ConnectionFactory->Illuminate/Database/Connectors/{closure}()
#5 G:/Projects/customer-management/vendor/laravel/framework/src/Illuminate/Database/Connection.php(1257): call_user_func()
#6 G:/Projects/customer-management/vendor/laravel/framework/src/Illuminate/Database/Connection.php(1295): Illuminate/Database/Connection->getPdo()
#7 G:/Projects/customer-management/vendor/laravel/framework/src/Illuminate/Database/Connection.php(525): Illuminate/Database/Connection->getReadPdo()
#8 G:/Projects/customer-management/vendor/laravel/framework/src/Illuminate/Database/Connection.php(420): Illuminate/Database/Connection->getPdoForSelect()
#9 G:/Projects/customer-management/vendor/laravel/framework/src/Illuminate/Database/Connection.php(827): Illuminate/Database/Connection->Illuminate/Database/{closure}()
#10 G:/Projects/customer-management/vendor/laravel/framework/src/Illuminate/Database/Connection.php(794): Illuminate/Database/Connection->runQueryCallback()
#11 G:/Projects/customer-management/vendor/laravel/framework/src/Illuminate/Database/Connection.php(411): Illuminate/Database/Connection->run()
#12 G:/Projects/customer-management/vendor/laravel/framework/src/Illuminate/Database/Connection.php(357): Illuminate/Database/Connection->select()
#13 G:/Projects/customer-management/vendor/laravel/framework/src/Illuminate/Database/Connection.php(374): Illuminate/Database/Connection->selectOne()
#14 G:/Projects/customer-management/vendor/laravel/framework/src/Illuminate/Database/Schema/Builder.php(176): Illuminate/Database/Connection->scalar()
#15 G:/Projects/customer-management/vendor/laravel/framework/src/Illuminate/Database/Migrations/DatabaseMigrationRepository.php(185): Illuminate/Database/Schema/Builder->hasTable()
#16 G:/Projects/customer-management/vendor/laravel/framework/src/Illuminate/Database/Migrations/Migrator.php(758): Illuminate/Database/Migrations/DatabaseMigrationRepository->repositoryExists()
#17 G:/Projects/customer-management/vendor/laravel/framework/src/Illuminate/Database/Console/Migrations/MigrateCommand.php(164): Illuminate/Database/Migrations/Migrator->repositoryExists()
#18 G:/Projects/customer-management/vendor/laravel/framework/src/Illuminate/Support/helpers.php(327): Illuminate/Database/Console/Migrations/MigrateCommand->Illuminate/Database/Console/Migrations/{closure}()
#19 G:/Projects/customer-management/vendor/laravel/framework/src/Illuminate/Database/Console/Migrations/MigrateCommand.php(164): retry()
#20 G:/Projects/customer-management/vendor/laravel/framework/src/Illuminate/Database/Console/Migrations/MigrateCommand.php(140): Illuminate/Database/Console/Migrations/MigrateCommand->repositoryExists()
#21 G:/Projects/customer-management/vendor/laravel/framework/src/Illuminate/Database/Console/Migrations/MigrateCommand.php(110): Illuminate/Database/Console/Migrations/MigrateCommand->prepareDatabase()
#22 G:/Projects/customer-management/vendor/laravel/framework/src/Illuminate/Database/Migrations/Migrator.php(671): Illuminate/Database/Console/Migrations/MigrateCommand->Illuminate/Database/Console/Migrations/{closure}()
#23 G:/Projects/customer-management/vendor/laravel/framework/src/Illuminate/Database/Console/Migrations/MigrateCommand.php(109): Illuminate/Database/Migrations/Migrator->usingConnection()
#24 G:/Projects/customer-management/vendor/laravel/framework/src/Illuminate/Database/Console/Migrations/MigrateCommand.php(88): Illuminate/Database/Console/Migrations/MigrateCommand->runMigrations()
#25 G:/Projects/customer-management/vendor/laravel/framework/src/Illuminate/Container/BoundMethod.php(36): Illuminate/Database/Console/Migrations/MigrateCommand->handle()
#26 G:/Projects/customer-management/vendor/laravel/framework/src/Illuminate/Container/Util.php(43): Illuminate/Container/BoundMethod::Illuminate/Container/{closure}()
#27 G:/Projects/customer-management/vendor/laravel/framework/src/Illuminate/Container/BoundMethod.php(96): Illuminate/Container/Util::unwrapIfClosure()
#28 G:/Projects/customer-management/vendor/laravel/framework/src/Illuminate/Container/BoundMethod.php(35): Illuminate/Container/BoundMethod::callBoundMethod()
#29 G:/Projects/customer-management/vendor/laravel/framework/src/Illuminate/Container/Container.php(799): Illuminate/Container/BoundMethod::call()
#30 G:/Projects/customer-management/vendor/laravel/framework/src/Illuminate/Console/Command.php(211): Illuminate/Container/Container->call()
#31 G:/Projects/customer-management/vendor/symfony/console/Command/Command.php(341): Illuminate/Console/Command->execute()
#32 G:/Projects/customer-management/vendor/laravel/framework/src/Illuminate/Console/Command.php(180): Symfony/Component/Console/Command/Command->run()
#33 G:/Projects/customer-management/vendor/symfony/console/Application.php(1102): Illuminate/Console/Command->run()
#34 G:/Projects/customer-management/vendor/symfony/console/Application.php(356): Symfony/Component/Console/Application->doRunCommand()
#35 G:/Projects/customer-management/vendor/symfony/console/Application.php(195): Symfony/Component/Console/Application->doRun()
#36 G:/Projects/customer-management/vendor/laravel/framework/src/Illuminate/Foundation/Console/Kernel.php(198): Symfony/Component/Console/Application->run()
#37 G:/Projects/customer-management/vendor/laravel/framework/src/Illuminate/Foundation/Application.php(1235): Illuminate/Foundation/Console/Kernel->handle()
#38 G:/Projects/customer-management/artisan(16): Illuminate/Foundation/Application->handleCommand()
#39 {main}
"} 
[2026-02-09 02:30:33] local.ERROR: could not find driver (Connection: sqlite, Database: laravel, SQL: select exists (select 1 from "main".sqlite_master where name = 'migrations' and type = 'table') as "exists") {"exception":"[object] (Illuminate\\Database\\QueryException(code: 0): could not find driver (Connection: sqlite, Database: laravel, SQL: select exists (select 1 from \"main\".sqlite_master where name = 'migrations' and type = 'table') as \"exists\") at G:/Projects/customer-management/vendor/laravel/framework/src/Illuminate/Database/Connection.php:838)
[stacktrace]
#0 G:/Projects/customer-management/vendor/laravel/framework/src/Illuminate/Database/Connection.php(794): Illuminate/Database/Connection->runQueryCallback()
#1 G:/Projects/customer-management/vendor/laravel/framework/src/Illuminate/Database/Connection.php(411): Illuminate/Database/Connection->run()
#2 G:/Projects/customer-management/vendor/laravel/framework/src/Illuminate/Database/Connection.php(357): Illuminate/Database/Connection->select()
#3 G:/Projects/customer-management/vendor/laravel/framework/src/Illuminate/Database/Connection.php(374): Illuminate/Database/Connection->selectOne()
#4 G:/Projects/customer-management/vendor/laravel/framework/src/Illuminate/Database/Schema/Builder.php(176): Illuminate/Database/Connection->scalar()
#5 G:/Projects/customer-management/vendor/laravel/framework/src/Illuminate/Database/Migrations/DatabaseMigrationRepository.php(185): Illuminate/Database/Schema/Builder->hasTable()
#6 G:/Projects/customer-management/vendor/laravel/framework/src/Illuminate/Database/Migrations/Migrator.php(758): Illuminate/Database/Migrations/DatabaseMigrationRepository->repositoryExists()
#7 G:/Projects/customer-management/vendor/laravel/framework/src/Illuminate/Database/Console/Migrations/MigrateCommand.php(164): Illuminate/Database/Migrations/Migrator->repositoryExists()
#8 G:/Projects/customer-management/vendor/laravel/framework/src/Illuminate/Support/helpers.php(327): Illuminate/Database/Console/Migrations/MigrateCommand->Illuminate/Database/Console/Migrations/{closure}()
#9 G:/Projects/customer-management/vendor/laravel/framework/src/Illuminate/Database/Console/Migrations/MigrateCommand.php(164): retry()
#10 G:/Projects/customer-management/vendor/laravel/framework/src/Illuminate/Database/Console/Migrations/MigrateCommand.php(140): Illuminate/Database/Console/Migrations/MigrateCommand->repositoryExists()
#11 G:/Projects/customer-management/vendor/laravel/framework/src/Illuminate/Database/Console/Migrations/MigrateCommand.php(110): Illuminate/Database/Console/Migrations/MigrateCommand->prepareDatabase()
#12 G:/Projects/customer-management/vendor/laravel/framework/src/Illuminate/Database/Migrations/Migrator.php(671): Illuminate/Database/Console/Migrations/MigrateCommand->Illuminate/Database/Console/Migrations/{closure}()
#13 G:/Projects/customer-management/vendor/laravel/framework/src/Illuminate/Database/Console/Migrations/MigrateCommand.php(109): Illuminate/Database/Migrations/Migrator->usingConnection()
#14 G:/Projects/customer-management/vendor/laravel/framework/src/Illuminate/Database/Console/Migrations/MigrateCommand.php(88): Illuminate/Database/Console/Migrations/MigrateCommand->runMigrations()
#15 G:/Projects/customer-management/vendor/laravel/framework/src/Illuminate/Container/BoundMethod.php(36): Illuminate/Database/Console/Migrations/MigrateCommand->handle()
#16 G:/Projects/customer-management/vendor/laravel/framework/src/Illuminate/Container/Util.php(43): Illuminate/Container/BoundMethod::Illuminate/Container/{closure}()
#17 G:/Projects/customer-management/vendor/laravel/framework/src/Illuminate/Container/BoundMethod.php(96): Illuminate/Container/Util::unwrapIfClosure()
#18 G:/Projects/customer-management/vendor/laravel/framework/src/Illuminate/Container/BoundMethod.php(35): Illuminate/Container/BoundMethod::callBoundMethod()
#19 G:/Projects/customer-management/vendor/laravel/framework/src/Illuminate/Container/Container.php(799): Illuminate/Container/BoundMethod::call()
#20 G:/Projects/customer-management/vendor/laravel/framework/src/Illuminate/Console/Command.php(211): Illuminate/Container/Container->call()
#21 G:/Projects/customer-management/vendor/symfony/console/Command/Command.php(341): Illuminate/Console/Command->execute()
#22 G:/Projects/customer-management/vendor/laravel/framework/src/Illuminate/Console/Command.php(180): Symfony/Component/Console/Command/Command->run()
#23 G:/Projects/customer-management/vendor/symfony/console/Application.php(1102): Illuminate/Console/Command->run()
#24 G:/Projects/customer-management/vendor/symfony/console/Application.php(356): Symfony/Component/Console/Application->doRunCommand()
#25 G:/Projects/customer-management/vendor/symfony/console/Application.php(195): Symfony/Component/Console/Application->doRun()
#26 G:/Projects/customer-management/vendor/laravel/framework/src/Illuminate/Foundation/Console/Kernel.php(198): Symfony/Component/Console/Application->run()
#27 G:/Projects/customer-management/vendor/laravel/framework/src/Illuminate/Foundation/Application.php(1235): Illuminate/Foundation/Console/Kernel->handle()
#28 G:/Projects/customer-management/artisan(16): Illuminate/Foundation/Application->handleCommand()
#29 {main}

[previous exception] [object] (PDOException(code: 0): could not find driver at G:/Projects/customer-management/vendor/laravel/framework/src/Illuminate/Database/Connectors/Connector.php:66)
[stacktrace]
#0 G:/Projects/customer-management/vendor/laravel/framework/src/Illuminate/Database/Connectors/Connector.php(66): PDO->__construct()
#1 G:/Projects/customer-management/vendor/laravel/framework/src/Illuminate/Database/Connectors/Connector.php(44): Illuminate/Database/Connectors/Connector->createPdoConnection()
#2 G:/Projects/customer-management/vendor/laravel/framework/src/Illuminate/Database/Connectors/SQLiteConnector.php(21): Illuminate/Database/Connectors/Connector->createConnection()
#3 G:/Projects/customer-management/vendor/laravel/framework/src/Illuminate/Database/Connectors/ConnectionFactory.php(225): Illuminate/Database/Connectors/SQLiteConnector->connect()
#4 [internal function]: Illuminate/Database/Connectors/ConnectionFactory->Illuminate/Database/Connectors/{closure}()
#5 G:/Projects/customer-management/vendor/laravel/framework/src/Illuminate/Database/Connection.php(1257): call_user_func()
#6 G:/Projects/customer-management/vendor/laravel/framework/src/Illuminate/Database/Connection.php(1295): Illuminate/Database/Connection->getPdo()
#7 G:/Projects/customer-management/vendor/laravel/framework/src/Illuminate/Database/Connection.php(525): Illuminate/Database/Connection->getReadPdo()
#8 G:/Projects/customer-management/vendor/laravel/framework/src/Illuminate/Database/Connection.php(420): Illuminate/Database/Connection->getPdoForSelect()
#9 G:/Projects/customer-management/vendor/laravel/framework/src/Illuminate/Database/Connection.php(827): Illuminate/Database/Connection->Illuminate/Database/{closure}()
#10 G:/Projects/customer-management/vendor/laravel/framework/src/Illuminate/Database/Connection.php(794): Illuminate/Database/Connection->runQueryCallback()
#11 G:/Projects/customer-management/vendor/laravel/framework/src/Illuminate/Database/Connection.php(411): Illuminate/Database/Connection->run()
#12 G:/Projects/customer-management/vendor/laravel/framework/src/Illuminate/Database/Connection.php(357): Illuminate/Database/Connection->select()
#13 G:/Projects/customer-management/vendor/laravel/framework/src/Illuminate/Database/Connection.php(374): Illuminate/Database/Connection->selectOne()
#14 G:/Projects/customer-management/vendor/laravel/framework/src/Illuminate/Database/Schema/Builder.php(176): Illuminate/Database/Connection->scalar()
#15 G:/Projects/customer-management/vendor/laravel/framework/src/Illuminate/Database/Migrations/DatabaseMigrationRepository.php(185): Illuminate/Database/Schema/Builder->hasTable()
#16 G:/Projects/customer-management/vendor/laravel/framework/src/Illuminate/Database/Migrations/Migrator.php(758): Illuminate/Database/Migrations/DatabaseMigrationRepository->repositoryExists()
#17 G:/Projects/customer-management/vendor/laravel/framework/src/Illuminate/Database/Console/Migrations/MigrateCommand.php(164): Illuminate/Database/Migrations/Migrator->repositoryExists()
#18 G:/Projects/customer-management/vendor/laravel/framework/src/Illuminate/Support/helpers.php(327): Illuminate/Database/Console/Migrations/MigrateCommand->Illuminate/Database/Console/Migrations/{closure}()
#19 G:/Projects/customer-management/vendor/laravel/framework/src/Illuminate/Database/Console/Migrations/MigrateCommand.php(164): retry()
#20 G:/Projects/customer-management/vendor/laravel/framework/src/Illuminate/Database/Console/Migrations/MigrateCommand.php(140): Illuminate/Database/Console/Migrations/MigrateCommand->repositoryExists()
#21 G:/Projects/customer-management/vendor/laravel/framework/src/Illuminate/Database/Console/Migrations/MigrateCommand.php(110): Illuminate/Database/Console/Migrations/MigrateCommand->prepareDatabase()
#22 G:/Projects/customer-management/vendor/laravel/framework/src/Illuminate/Database/Migrations/Migrator.php(671): Illuminate/Database/Console/Migrations/MigrateCommand->Illuminate/Database/Console/Migrations/{closure}()
#23 G:/Projects/customer-management/vendor/laravel/framework/src/Illuminate/Database/Console/Migrations/MigrateCommand.php(109): Illuminate/Database/Migrations/Migrator->usingConnection()
#24 G:/Projects/customer-management/vendor/laravel/framework/src/Illuminate/Database/Console/Migrations/MigrateCommand.php(88): Illuminate/Database/Console/Migrations/MigrateCommand->runMigrations()
#25 G:/Projects/customer-management/vendor/laravel/framework/src/Illuminate/Container/BoundMethod.php(36): Illuminate/Database/Console/Migrations/MigrateCommand->handle()
#26 G:/Projects/customer-management/vendor/laravel/framework/src/Illuminate/Container/Util.php(43): Illuminate/Container/BoundMethod::Illuminate/Container/{closure}()
#27 G:/Projects/customer-management/vendor/laravel/framework/src/Illuminate/Container/BoundMethod.php(96): Illuminate/Container/Util::unwrapIfClosure()
#28 G:/Projects/customer-management/vendor/laravel/framework/src/Illuminate/Container/BoundMethod.php(35): Illuminate/Container/BoundMethod::callBoundMethod()
#29 G:/Projects/customer-management/vendor/laravel/framework/src/Illuminate/Container/Container.php(799): Illuminate/Container/BoundMethod::call()
#30 G:/Projects/customer-management/vendor/laravel/framework/src/Illuminate/Console/Command.php(211): Illuminate/Container/Container->call()
#31 G:/Projects/customer-management/vendor/symfony/console/Command/Command.php(341): Illuminate/Console/Command->execute()
#32 G:/Projects/customer-management/vendor/laravel/framework/src/Illuminate/Console/Command.php(180): Symfony/Component/Console/Command/Command->run()
#33 G:/Projects/customer-management/vendor/symfony/console/Application.php(1102): Illuminate/Console/Command->run()
#34 G:/Projects/customer-management/vendor/symfony/console/Application.php(356): Symfony/Component/Console/Application->doRunCommand()
#35 G:/Projects/customer-management/vendor/symfony/console/Application.php(195): Symfony/Component/Console/Application->doRun()
#36 G:/Projects/customer-management/vendor/laravel/framework/src/Illuminate/Foundation/Console/Kernel.php(198): Symfony/Component/Console/Application->run()
#37 G:/Projects/customer-management/vendor/laravel/framework/src/Illuminate/Foundation/Application.php(1235): Illuminate/Foundation/Console/Kernel->handle()
#38 G:/Projects/customer-management/artisan(16): Illuminate/Foundation/Application->handleCommand()
#39 {main}
"} 
[2026-02-09 02:34:33] local.ERROR: could not find driver (Connection: sqlite, Database: customer_management, SQL: select exists (select 1 from "main".sqlite_master where name = 'migrations' and type = 'table') as "exists") {"exception":"[object] (Illuminate\\Database\\QueryException(code: 0): could not find driver (Connection: sqlite, Database: customer_management, SQL: select exists (select 1 from \"main\".sqlite_master where name = 'migrations' and type = 'table') as \"exists\") at G:/Projects/customer-management/vendor/laravel/framework/src/Illuminate/Database/Connection.php:838)
[stacktrace]
#0 G:/Projects/customer-management/vendor/laravel/framework/src/Illuminate/Database/Connection.php(794): Illuminate/Database/Connection->runQueryCallback()
#1 G:/Projects/customer-management/vendor/laravel/framework/src/Illuminate/Database/Connection.php(411): Illuminate/Database/Connection->run()
#2 G:/Projects/customer-management/vendor/laravel/framework/src/Illuminate/Database/Connection.php(357): Illuminate/Database/Connection->select()
#3 G:/Projects/customer-management/vendor/laravel/framework/src/Illuminate/Database/Connection.php(374): Illuminate/Database/Connection->selectOne()
#4 G:/Projects/customer-management/vendor/laravel/framework/src/Illuminate/Database/Schema/Builder.php(176): Illuminate/Database/Connection->scalar()
#5 G:/Projects/customer-management/vendor/laravel/framework/src/Illuminate/Database/Migrations/DatabaseMigrationRepository.php(185): Illuminate/Database/Schema/Builder->hasTable()
#6 G:/Projects/customer-management/vendor/laravel/framework/src/Illuminate/Database/Migrations/Migrator.php(758): Illuminate/Database/Migrations/DatabaseMigrationRepository->repositoryExists()
#7 G:/Projects/customer-management/vendor/laravel/framework/src/Illuminate/Database/Console/Migrations/MigrateCommand.php(164): Illuminate/Database/Migrations/Migrator->repositoryExists()
#8 G:/Projects/customer-management/vendor/laravel/framework/src/Illuminate/Support/helpers.php(327): Illuminate/Database/Console/Migrations/MigrateCommand->Illuminate/Database/Console/Migrations/{closure}()
#9 G:/Projects/customer-management/vendor/laravel/framework/src/Illuminate/Database/Console/Migrations/MigrateCommand.php(164): retry()
#10 G:/Projects/customer-management/vendor/laravel/framework/src/Illuminate/Database/Console/Migrations/MigrateCommand.php(140): Illuminate/Database/Console/Migrations/MigrateCommand->repositoryExists()
#11 G:/Projects/customer-management/vendor/laravel/framework/src/Illuminate/Database/Console/Migrations/MigrateCommand.php(110): Illuminate/Database/Console/Migrations/MigrateCommand->prepareDatabase()
#12 G:/Projects/customer-management/vendor/laravel/framework/src/Illuminate/Database/Migrations/Migrator.php(671): Illuminate/Database/Console/Migrations/MigrateCommand->Illuminate/Database/Console/Migrations/{closure}()
#13 G:/Projects/customer-management/vendor/laravel/framework/src/Illuminate/Database/Console/Migrations/MigrateCommand.php(109): Illuminate/Database/Migrations/Migrator->usingConnection()
#14 G:/Projects/customer-management/vendor/laravel/framework/src/Illuminate/Database/Console/Migrations/MigrateCommand.php(88): Illuminate/Database/Console/Migrations/MigrateCommand->runMigrations()
#15 G:/Projects/customer-management/vendor/laravel/framework/src/Illuminate/Container/BoundMethod.php(36): Illuminate/Database/Console/Migrations/MigrateCommand->handle()
#16 G:/Projects/customer-management/vendor/laravel/framework/src/Illuminate/Container/Util.php(43): Illuminate/Container/BoundMethod::Illuminate/Container/{closure}()
#17 G:/Projects/customer-management/vendor/laravel/framework/src/Illuminate/Container/BoundMethod.php(96): Illuminate/Container/Util::unwrapIfClosure()
#18 G:/Projects/customer-management/vendor/laravel/framework/src/Illuminate/Container/BoundMethod.php(35): Illuminate/Container/BoundMethod::callBoundMethod()
#19 G:/Projects/customer-management/vendor/laravel/framework/src/Illuminate/Container/Container.php(799): Illuminate/Container/BoundMethod::call()
#20 G:/Projects/customer-management/vendor/laravel/framework/src/Illuminate/Console/Command.php(211): Illuminate/Container/Container->call()
#21 G:/Projects/customer-management/vendor/symfony/console/Command/Command.php(341): Illuminate/Console/Command->execute()
#22 G:/Projects/customer-management/vendor/laravel/framework/src/Illuminate/Console/Command.php(180): Symfony/Component/Console/Command/Command->run()
#23 G:/Projects/customer-management/vendor/symfony/console/Application.php(1102): Illuminate/Console/Command->run()
#24 G:/Projects/customer-management/vendor/symfony/console/Application.php(356): Symfony/Component/Console/Application->doRunCommand()
#25 G:/Projects/customer-management/vendor/symfony/console/Application.php(195): Symfony/Component/Console/Application->doRun()
#26 G:/Projects/customer-management/vendor/laravel/framework/src/Illuminate/Foundation/Console/Kernel.php(198): Symfony/Component/Console/Application->run()
#27 G:/Projects/customer-management/vendor/laravel/framework/src/Illuminate/Foundation/Application.php(1235): Illuminate/Foundation/Console/Kernel->handle()
#28 G:/Projects/customer-management/artisan(16): Illuminate/Foundation/Application->handleCommand()
#29 {main}

[previous exception] [object] (PDOException(code: 0): could not find driver at G:/Projects/customer-management/vendor/laravel/framework/src/Illuminate/Database/Connectors/Connector.php:66)
[stacktrace]
#0 G:/Projects/customer-management/vendor/laravel/framework/src/Illuminate/Database/Connectors/Connector.php(66): PDO->__construct()
#1 G:/Projects/customer-management/vendor/laravel/framework/src/Illuminate/Database/Connectors/Connector.php(44): Illuminate/Database/Connectors/Connector->createPdoConnection()
#2 G:/Projects/customer-management/vendor/laravel/framework/src/Illuminate/Database/Connectors/SQLiteConnector.php(21): Illuminate/Database/Connectors/Connector->createConnection()
#3 G:/Projects/customer-management/vendor/laravel/framework/src/Illuminate/Database/Connectors/ConnectionFactory.php(225): Illuminate/Database/Connectors/SQLiteConnector->connect()
#4 [internal function]: Illuminate/Database/Connectors/ConnectionFactory->Illuminate/Database/Connectors/{closure}()
#5 G:/Projects/customer-management/vendor/laravel/framework/src/Illuminate/Database/Connection.php(1257): call_user_func()
#6 G:/Projects/customer-management/vendor/laravel/framework/src/Illuminate/Database/Connection.php(1295): Illuminate/Database/Connection->getPdo()
#7 G:/Projects/customer-management/vendor/laravel/framework/src/Illuminate/Database/Connection.php(525): Illuminate/Database/Connection->getReadPdo()
#8 G:/Projects/customer-management/vendor/laravel/framework/src/Illuminate/Database/Connection.php(420): Illuminate/Database/Connection->getPdoForSelect()
#9 G:/Projects/customer-management/vendor/laravel/framework/src/Illuminate/Database/Connection.php(827): Illuminate/Database/Connection->Illuminate/Database/{closure}()
#10 G:/Projects/customer-management/vendor/laravel/framework/src/Illuminate/Database/Connection.php(794): Illuminate/Database/Connection->runQueryCallback()
#11 G:/Projects/customer-management/vendor/laravel/framework/src/Illuminate/Database/Connection.php(411): Illuminate/Database/Connection->run()
#12 G:/Projects/customer-management/vendor/laravel/framework/src/Illuminate/Database/Connection.php(357): Illuminate/Database/Connection->select()
#13 G:/Projects/customer-management/vendor/laravel/framework/src/Illuminate/Database/Connection.php(374): Illuminate/Database/Connection->selectOne()
#14 G:/Projects/customer-management/vendor/laravel/framework/src/Illuminate/Database/Schema/Builder.php(176): Illuminate/Database/Connection->scalar()
#15 G:/Projects/customer-management/vendor/laravel/framework/src/Illuminate/Database/Migrations/DatabaseMigrationRepository.php(185): Illuminate/Database/Schema/Builder->hasTable()
#16 G:/Projects/customer-management/vendor/laravel/framework/src/Illuminate/Database/Migrations/Migrator.php(758): Illuminate/Database/Migrations/DatabaseMigrationRepository->repositoryExists()
#17 G:/Projects/customer-management/vendor/laravel/framework/src/Illuminate/Database/Console/Migrations/MigrateCommand.php(164): Illuminate/Database/Migrations/Migrator->repositoryExists()
#18 G:/Projects/customer-management/vendor/laravel/framework/src/Illuminate/Support/helpers.php(327): Illuminate/Database/Console/Migrations/MigrateCommand->Illuminate/Database/Console/Migrations/{closure}()
#19 G:/Projects/customer-management/vendor/laravel/framework/src/Illuminate/Database/Console/Migrations/MigrateCommand.php(164): retry()
#20 G:/Projects/customer-management/vendor/laravel/framework/src/Illuminate/Database/Console/Migrations/MigrateCommand.php(140): Illuminate/Database/Console/Migrations/MigrateCommand->repositoryExists()
#21 G:/Projects/customer-management/vendor/laravel/framework/src/Illuminate/Database/Console/Migrations/MigrateCommand.php(110): Illuminate/Database/Console/Migrations/MigrateCommand->prepareDatabase()
#22 G:/Projects/customer-management/vendor/laravel/framework/src/Illuminate/Database/Migrations/Migrator.php(671): Illuminate/Database/Console/Migrations/MigrateCommand->Illuminate/Database/Console/Migrations/{closure}()
#23 G:/Projects/customer-management/vendor/laravel/framework/src/Illuminate/Database/Console/Migrations/MigrateCommand.php(109): Illuminate/Database/Migrations/Migrator->usingConnection()
#24 G:/Projects/customer-management/vendor/laravel/framework/src/Illuminate/Database/Console/Migrations/MigrateCommand.php(88): Illuminate/Database/Console/Migrations/MigrateCommand->runMigrations()
#25 G:/Projects/customer-management/vendor/laravel/framework/src/Illuminate/Container/BoundMethod.php(36): Illuminate/Database/Console/Migrations/MigrateCommand->handle()
#26 G:/Projects/customer-management/vendor/laravel/framework/src/Illuminate/Container/Util.php(43): Illuminate/Container/BoundMethod::Illuminate/Container/{closure}()
#27 G:/Projects/customer-management/vendor/laravel/framework/src/Illuminate/Container/BoundMethod.php(96): Illuminate/Container/Util::unwrapIfClosure()
#28 G:/Projects/customer-management/vendor/laravel/framework/src/Illuminate/Container/BoundMethod.php(35): Illuminate/Container/BoundMethod::callBoundMethod()
#29 G:/Projects/customer-management/vendor/laravel/framework/src/Illuminate/Container/Container.php(799): Illuminate/Container/BoundMethod::call()
#30 G:/Projects/customer-management/vendor/laravel/framework/src/Illuminate/Console/Command.php(211): Illuminate/Container/Container->call()
#31 G:/Projects/customer-management/vendor/symfony/console/Command/Command.php(341): Illuminate/Console/Command->execute()
#32 G:/Projects/customer-management/vendor/laravel/framework/src/Illuminate/Console/Command.php(180): Symfony/Component/Console/Command/Command->run()
#33 G:/Projects/customer-management/vendor/symfony/console/Application.php(1102): Illuminate/Console/Command->run()
#34 G:/Projects/customer-management/vendor/symfony/console/Application.php(356): Symfony/Component/Console/Application->doRunCommand()
#35 G:/Projects/customer-management/vendor/symfony/console/Application.php(195): Symfony/Component/Console/Application->doRun()
#36 G:/Projects/customer-management/vendor/laravel/framework/src/Illuminate/Foundation/Console/Kernel.php(198): Symfony/Component/Console/Application->run()
#37 G:/Projects/customer-management/vendor/laravel/framework/src/Illuminate/Foundation/Application.php(1235): Illuminate/Foundation/Console/Kernel->handle()
#38 G:/Projects/customer-management/artisan(16): Illuminate/Foundation/Application->handleCommand()
#39 {main}
"} 
[2026-02-09 02:40:18] local.ERROR: could not find driver (Connection: sqlite, Database: customer_management, SQL: select exists (select 1 from "main".sqlite_master where name = 'migrations' and type = 'table') as "exists") {"exception":"[object] (Illuminate\\Database\\QueryException(code: 0): could not find driver (Connection: sqlite, Database: customer_management, SQL: select exists (select 1 from \"main\".sqlite_master where name = 'migrations' and type = 'table') as \"exists\") at G:/Projects/customer-management/vendor/laravel/framework/src/Illuminate/Database/Connection.php:838)
[stacktrace]
#0 G:/Projects/customer-management/vendor/laravel/framework/src/Illuminate/Database/Connection.php(794): Illuminate/Database/Connection->runQueryCallback()
#1 G:/Projects/customer-management/vendor/laravel/framework/src/Illuminate/Database/Connection.php(411): Illuminate/Database/Connection->run()
#2 G:/Projects/customer-management/vendor/laravel/framework/src/Illuminate/Database/Connection.php(357): Illuminate/Database/Connection->select()
#3 G:/Projects/customer-management/vendor/laravel/framework/src/Illuminate/Database/Connection.php(374): Illuminate/Database/Connection->selectOne()
#4 G:/Projects/customer-management/vendor/laravel/framework/src/Illuminate/Database/Schema/Builder.php(176): Illuminate/Database/Connection->scalar()
#5 G:/Projects/customer-management/vendor/laravel/framework/src/Illuminate/Database/Migrations/DatabaseMigrationRepository.php(185): Illuminate/Database/Schema/Builder->hasTable()
#6 G:/Projects/customer-management/vendor/laravel/framework/src/Illuminate/Database/Migrations/Migrator.php(758): Illuminate/Database/Migrations/DatabaseMigrationRepository->repositoryExists()
#7 G:/Projects/customer-management/vendor/laravel/framework/src/Illuminate/Database/Console/Migrations/MigrateCommand.php(164): Illuminate/Database/Migrations/Migrator->repositoryExists()
#8 G:/Projects/customer-management/vendor/laravel/framework/src/Illuminate/Support/helpers.php(327): Illuminate/Database/Console/Migrations/MigrateCommand->Illuminate/Database/Console/Migrations/{closure}()
#9 G:/Projects/customer-management/vendor/laravel/framework/src/Illuminate/Database/Console/Migrations/MigrateCommand.php(164): retry()
#10 G:/Projects/customer-management/vendor/laravel/framework/src/Illuminate/Database/Console/Migrations/MigrateCommand.php(140): Illuminate/Database/Console/Migrations/MigrateCommand->repositoryExists()
#11 G:/Projects/customer-management/vendor/laravel/framework/src/Illuminate/Database/Console/Migrations/MigrateCommand.php(110): Illuminate/Database/Console/Migrations/MigrateCommand->prepareDatabase()
#12 G:/Projects/customer-management/vendor/laravel/framework/src/Illuminate/Database/Migrations/Migrator.php(671): Illuminate/Database/Console/Migrations/MigrateCommand->Illuminate/Database/Console/Migrations/{closure}()
#13 G:/Projects/customer-management/vendor/laravel/framework/src/Illuminate/Database/Console/Migrations/MigrateCommand.php(109): Illuminate/Database/Migrations/Migrator->usingConnection()
#14 G:/Projects/customer-management/vendor/laravel/framework/src/Illuminate/Database/Console/Migrations/MigrateCommand.php(88): Illuminate/Database/Console/Migrations/MigrateCommand->runMigrations()
#15 G:/Projects/customer-management/vendor/laravel/framework/src/Illuminate/Container/BoundMethod.php(36): Illuminate/Database/Console/Migrations/MigrateCommand->handle()
#16 G:/Projects/customer-management/vendor/laravel/framework/src/Illuminate/Container/Util.php(43): Illuminate/Container/BoundMethod::Illuminate/Container/{closure}()
#17 G:/Projects/customer-management/vendor/laravel/framework/src/Illuminate/Container/BoundMethod.php(96): Illuminate/Container/Util::unwrapIfClosure()
#18 G:/Projects/customer-management/vendor/laravel/framework/src/Illuminate/Container/BoundMethod.php(35): Illuminate/Container/BoundMethod::callBoundMethod()
#19 G:/Projects/customer-management/vendor/laravel/framework/src/Illuminate/Container/Container.php(799): Illuminate/Container/BoundMethod::call()
#20 G:/Projects/customer-management/vendor/laravel/framework/src/Illuminate/Console/Command.php(211): Illuminate/Container/Container->call()
#21 G:/Projects/customer-management/vendor/symfony/console/Command/Command.php(341): Illuminate/Console/Command->execute()
#22 G:/Projects/customer-management/vendor/laravel/framework/src/Illuminate/Console/Command.php(180): Symfony/Component/Console/Command/Command->run()
#23 G:/Projects/customer-management/vendor/symfony/console/Application.php(1102): Illuminate/Console/Command->run()
#24 G:/Projects/customer-management/vendor/symfony/console/Application.php(356): Symfony/Component/Console/Application->doRunCommand()
#25 G:/Projects/customer-management/vendor/symfony/console/Application.php(195): Symfony/Component/Console/Application->doRun()
#26 G:/Projects/customer-management/vendor/laravel/framework/src/Illuminate/Foundation/Console/Kernel.php(198): Symfony/Component/Console/Application->run()
#27 G:/Projects/customer-management/vendor/laravel/framework/src/Illuminate/Foundation/Application.php(1235): Illuminate/Foundation/Console/Kernel->handle()
#28 G:/Projects/customer-management/artisan(16): Illuminate/Foundation/Application->handleCommand()
#29 {main}

[previous exception] [object] (PDOException(code: 0): could not find driver at G:/Projects/customer-management/vendor/laravel/framework/src/Illuminate/Database/Connectors/Connector.php:66)
[stacktrace]
#0 G:/Projects/customer-management/vendor/laravel/framework/src/Illuminate/Database/Connectors/Connector.php(66): PDO->__construct()
#1 G:/Projects/customer-management/vendor/laravel/framework/src/Illuminate/Database/Connectors/Connector.php(44): Illuminate/Database/Connectors/Connector->createPdoConnection()
#2 G:/Projects/customer-management/vendor/laravel/framework/src/Illuminate/Database/Connectors/SQLiteConnector.php(21): Illuminate/Database/Connectors/Connector->createConnection()
#3 G:/Projects/customer-management/vendor/laravel/framework/src/Illuminate/Database/Connectors/ConnectionFactory.php(225): Illuminate/Database/Connectors/SQLiteConnector->connect()
#4 [internal function]: Illuminate/Database/Connectors/ConnectionFactory->Illuminate/Database/Connectors/{closure}()
#5 G:/Projects/customer-management/vendor/laravel/framework/src/Illuminate/Database/Connection.php(1257): call_user_func()
#6 G:/Projects/customer-management/vendor/laravel/framework/src/Illuminate/Database/Connection.php(1295): Illuminate/Database/Connection->getPdo()
#7 G:/Projects/customer-management/vendor/laravel/framework/src/Illuminate/Database/Connection.php(525): Illuminate/Database/Connection->getReadPdo()
#8 G:/Projects/customer-management/vendor/laravel/framework/src/Illuminate/Database/Connection.php(420): Illuminate/Database/Connection->getPdoForSelect()
#9 G:/Projects/customer-management/vendor/laravel/framework/src/Illuminate/Database/Connection.php(827): Illuminate/Database/Connection->Illuminate/Database/{closure}()
#10 G:/Projects/customer-management/vendor/laravel/framework/src/Illuminate/Database/Connection.php(794): Illuminate/Database/Connection->runQueryCallback()
#11 G:/Projects/customer-management/vendor/laravel/framework/src/Illuminate/Database/Connection.php(411): Illuminate/Database/Connection->run()
#12 G:/Projects/customer-management/vendor/laravel/framework/src/Illuminate/Database/Connection.php(357): Illuminate/Database/Connection->select()
#13 G:/Projects/customer-management/vendor/laravel/framework/src/Illuminate/Database/Connection.php(374): Illuminate/Database/Connection->selectOne()
#14 G:/Projects/customer-management/vendor/laravel/framework/src/Illuminate/Database/Schema/Builder.php(176): Illuminate/Database/Connection->scalar()
#15 G:/Projects/customer-management/vendor/laravel/framework/src/Illuminate/Database/Migrations/DatabaseMigrationRepository.php(185): Illuminate/Database/Schema/Builder->hasTable()
#16 G:/Projects/customer-management/vendor/laravel/framework/src/Illuminate/Database/Migrations/Migrator.php(758): Illuminate/Database/Migrations/DatabaseMigrationRepository->repositoryExists()
#17 G:/Projects/customer-management/vendor/laravel/framework/src/Illuminate/Database/Console/Migrations/MigrateCommand.php(164): Illuminate/Database/Migrations/Migrator->repositoryExists()
#18 G:/Projects/customer-management/vendor/laravel/framework/src/Illuminate/Support/helpers.php(327): Illuminate/Database/Console/Migrations/MigrateCommand->Illuminate/Database/Console/Migrations/{closure}()
#19 G:/Projects/customer-management/vendor/laravel/framework/src/Illuminate/Database/Console/Migrations/MigrateCommand.php(164): retry()
#20 G:/Projects/customer-management/vendor/laravel/framework/src/Illuminate/Database/Console/Migrations/MigrateCommand.php(140): Illuminate/Database/Console/Migrations/MigrateCommand->repositoryExists()
#21 G:/Projects/customer-management/vendor/laravel/framework/src/Illuminate/Database/Console/Migrations/MigrateCommand.php(110): Illuminate/Database/Console/Migrations/MigrateCommand->prepareDatabase()
#22 G:/Projects/customer-management/vendor/laravel/framework/src/Illuminate/Database/Migrations/Migrator.php(671): Illuminate/Database/Console/Migrations/MigrateCommand->Illuminate/Database/Console/Migrations/{closure}()
#23 G:/Projects/customer-management/vendor/laravel/framework/src/Illuminate/Database/Console/Migrations/MigrateCommand.php(109): Illuminate/Database/Migrations/Migrator->usingConnection()
#24 G:/Projects/customer-management/vendor/laravel/framework/src/Illuminate/Database/Console/Migrations/MigrateCommand.php(88): Illuminate/Database/Console/Migrations/MigrateCommand->runMigrations()
#25 G:/Projects/customer-management/vendor/laravel/framework/src/Illuminate/Container/BoundMethod.php(36): Illuminate/Database/Console/Migrations/MigrateCommand->handle()
#26 G:/Projects/customer-management/vendor/laravel/framework/src/Illuminate/Container/Util.php(43): Illuminate/Container/BoundMethod::Illuminate/Container/{closure}()
#27 G:/Projects/customer-management/vendor/laravel/framework/src/Illuminate/Container/BoundMethod.php(96): Illuminate/Container/Util::unwrapIfClosure()
#28 G:/Projects/customer-management/vendor/laravel/framework/src/Illuminate/Container/BoundMethod.php(35): Illuminate/Container/BoundMethod::callBoundMethod()
#29 G:/Projects/customer-management/vendor/laravel/framework/src/Illuminate/Container/Container.php(799): Illuminate/Container/BoundMethod::call()
#30 G:/Projects/customer-management/vendor/laravel/framework/src/Illuminate/Console/Command.php(211): Illuminate/Container/Container->call()
#31 G:/Projects/customer-management/vendor/symfony/console/Command/Command.php(341): Illuminate/Console/Command->execute()
#32 G:/Projects/customer-management/vendor/laravel/framework/src/Illuminate/Console/Command.php(180): Symfony/Component/Console/Command/Command->run()
#33 G:/Projects/customer-management/vendor/symfony/console/Application.php(1102): Illuminate/Console/Command->run()
#34 G:/Projects/customer-management/vendor/symfony/console/Application.php(356): Symfony/Component/Console/Application->doRunCommand()
#35 G:/Projects/customer-management/vendor/symfony/console/Application.php(195): Symfony/Component/Console/Application->doRun()
#36 G:/Projects/customer-management/vendor/laravel/framework/src/Illuminate/Foundation/Console/Kernel.php(198): Symfony/Component/Console/Application->run()
#37 G:/Projects/customer-management/vendor/laravel/framework/src/Illuminate/Foundation/Application.php(1235): Illuminate/Foundation/Console/Kernel->handle()
#38 G:/Projects/customer-management/artisan(16): Illuminate/Foundation/Application->handleCommand()
#39 {main}
"} 
[2026-02-09 02:50:20] local.ERROR: array_merge(): Argument #2 must be of type array, int given {"exception":"[object] (TypeError(code: 0): array_merge(): Argument #2 must be of type array, int given at G:/Projects/customer-management/vendor/laravel/framework/src/Illuminate/Support/ServiceProvider.php:168)
[stacktrace]
#0 G:/Projects/customer-management/vendor/laravel/framework/src/Illuminate/Support/ServiceProvider.php(168): array_merge()
#1 G:/Projects/customer-management/vendor/laravel/sanctum/src/SanctumServiceProvider.php(31): Illuminate/Support/ServiceProvider->mergeConfigFrom()
#2 G:/Projects/customer-management/vendor/laravel/framework/src/Illuminate/Foundation/Application.php(896): Laravel/Sanctum/SanctumServiceProvider->register()
#3 G:/Projects/customer-management/vendor/laravel/framework/src/Illuminate/Foundation/ProviderRepository.php(74): Illuminate/Foundation/Application->register()
#4 G:/Projects/customer-management/vendor/laravel/framework/src/Illuminate/Foundation/Application.php(871): Illuminate/Foundation/ProviderRepository->load()
#5 G:/Projects/customer-management/vendor/laravel/framework/src/Illuminate/Foundation/Bootstrap/RegisterProviders.php(37): Illuminate/Foundation/Application->registerConfiguredProviders()
#6 G:/Projects/customer-management/vendor/laravel/framework/src/Illuminate/Foundation/Application.php(342): Illuminate/Foundation/Bootstrap/RegisterProviders->bootstrap()
#7 G:/Projects/customer-management/vendor/laravel/framework/src/Illuminate/Foundation/Console/Kernel.php(494): Illuminate/Foundation/Application->bootstrapWith()
#8 G:/Projects/customer-management/vendor/laravel/framework/src/Illuminate/Foundation/Console/Kernel.php(196): Illuminate/Foundation/Console/Kernel->bootstrap()
#9 Command line code(1): Illuminate/Foundation/Console/Kernel->handle()
#10 {main}
"} 
[2026-02-09 02:59:29] local.ERROR: Class "CreateDailyAdvancesTable" not found {"exception":"[object] (Error(code: 0): Class \"CreateDailyAdvancesTable\" not found at G:/Projects/customer-management/vendor/laravel/framework/src/Illuminate/Database/Migrations/Migrator.php:558)
[stacktrace]
#0 G:/Projects/customer-management/vendor/laravel/framework/src/Illuminate/Database/Migrations/Migrator.php(236): Illuminate/Database/Migrations/Migrator->resolvePath()
#1 G:/Projects/customer-management/vendor/laravel/framework/src/Illuminate/Database/Migrations/Migrator.php(211): Illuminate/Database/Migrations/Migrator->runUp()
#2 G:/Projects/customer-management/vendor/laravel/framework/src/Illuminate/Database/Migrations/Migrator.php(138): Illuminate/Database/Migrations/Migrator->runPending()
#3 G:/Projects/customer-management/vendor/laravel/framework/src/Illuminate/Database/Console/Migrations/MigrateCommand.php(116): Illuminate/Database/Migrations/Migrator->run()
#4 G:/Projects/customer-management/vendor/laravel/framework/src/Illuminate/Database/Migrations/Migrator.php(671): Illuminate/Database/Console/Migrations/MigrateCommand->Illuminate/Database/Console/Migrations/{closure}()
#5 G:/Projects/customer-management/vendor/laravel/framework/src/Illuminate/Database/Console/Migrations/MigrateCommand.php(109): Illuminate/Database/Migrations/Migrator->usingConnection()
#6 G:/Projects/customer-management/vendor/laravel/framework/src/Illuminate/Database/Console/Migrations/MigrateCommand.php(88): Illuminate/Database/Console/Migrations/MigrateCommand->runMigrations()
#7 G:/Projects/customer-management/vendor/laravel/framework/src/Illuminate/Container/BoundMethod.php(36): Illuminate/Database/Console/Migrations/MigrateCommand->handle()
#8 G:/Projects/customer-management/vendor/laravel/framework/src/Illuminate/Container/Util.php(43): Illuminate/Container/BoundMethod::Illuminate/Container/{closure}()
#9 G:/Projects/customer-management/vendor/laravel/framework/src/Illuminate/Container/BoundMethod.php(96): Illuminate/Container/Util::unwrapIfClosure()
#10 G:/Projects/customer-management/vendor/laravel/framework/src/Illuminate/Container/BoundMethod.php(35): Illuminate/Container/BoundMethod::callBoundMethod()
#11 G:/Projects/customer-management/vendor/laravel/framework/src/Illuminate/Container/Container.php(799): Illuminate/Container/BoundMethod::call()
#12 G:/Projects/customer-management/vendor/laravel/framework/src/Illuminate/Console/Command.php(211): Illuminate/Container/Container->call()
#13 G:/Projects/customer-management/vendor/symfony/console/Command/Command.php(341): Illuminate/Console/Command->execute()
#14 G:/Projects/customer-management/vendor/laravel/framework/src/Illuminate/Console/Command.php(180): Symfony/Component/Console/Command/Command->run()
#15 G:/Projects/customer-management/vendor/symfony/console/Application.php(1102): Illuminate/Console/Command->run()
#16 G:/Projects/customer-management/vendor/symfony/console/Application.php(356): Symfony/Component/Console/Application->doRunCommand()
#17 G:/Projects/customer-management/vendor/symfony/console/Application.php(195): Symfony/Component/Console/Application->doRun()
#18 G:/Projects/customer-management/vendor/laravel/framework/src/Illuminate/Foundation/Console/Kernel.php(198): Symfony/Component/Console/Application->run()
#19 G:/Projects/customer-management/vendor/laravel/framework/src/Illuminate/Foundation/Application.php(1235): Illuminate/Foundation/Console/Kernel->handle()
#20 G:/Projects/customer-management/artisan(16): Illuminate/Foundation/Application->handleCommand()
#21 {main}
"} 
[2026-02-09 03:30:47] local.ERROR: File does not exist at path G:\Projects\customer-management//database/migrations/FIXED_2024_01_01_000002_create_agents_table.php. {"exception":"[object] (Illuminate\\Contracts\\Filesystem\\FileNotFoundException(code: 0): File does not exist at path G:\\Projects\\customer-management//database/migrations/FIXED_2024_01_01_000002_create_agents_table.php. at G:/Projects/customer-management/vendor/laravel/framework/src/Illuminate/Filesystem/Filesystem.php:152)
[stacktrace]
#0 G:/Projects/customer-management/vendor/laravel/framework/src/Illuminate/Database/Migrations/Migrator.php(598): Illuminate/Filesystem/Filesystem->requireOnce()
#1 G:/Projects/customer-management/vendor/laravel/framework/src/Illuminate/Database/Migrations/Migrator.php(131): Illuminate/Database/Migrations/Migrator->requireFiles()
#2 G:/Projects/customer-management/vendor/laravel/framework/src/Illuminate/Database/Console/Migrations/MigrateCommand.php(116): Illuminate/Database/Migrations/Migrator->run()
#3 G:/Projects/customer-management/vendor/laravel/framework/src/Illuminate/Database/Migrations/Migrator.php(671): Illuminate/Database/Console/Migrations/MigrateCommand->Illuminate/Database/Console/Migrations/{closure}()
#4 G:/Projects/customer-management/vendor/laravel/framework/src/Illuminate/Database/Console/Migrations/MigrateCommand.php(109): Illuminate/Database/Migrations/Migrator->usingConnection()
#5 G:/Projects/customer-management/vendor/laravel/framework/src/Illuminate/Database/Console/Migrations/MigrateCommand.php(88): Illuminate/Database/Console/Migrations/MigrateCommand->runMigrations()
#6 G:/Projects/customer-management/vendor/laravel/framework/src/Illuminate/Container/BoundMethod.php(36): Illuminate/Database/Console/Migrations/MigrateCommand->handle()
#7 G:/Projects/customer-management/vendor/laravel/framework/src/Illuminate/Container/Util.php(43): Illuminate/Container/BoundMethod::Illuminate/Container/{closure}()
#8 G:/Projects/customer-management/vendor/laravel/framework/src/Illuminate/Container/BoundMethod.php(96): Illuminate/Container/Util::unwrapIfClosure()
#9 G:/Projects/customer-management/vendor/laravel/framework/src/Illuminate/Container/BoundMethod.php(35): Illuminate/Container/BoundMethod::callBoundMethod()
#10 G:/Projects/customer-management/vendor/laravel/framework/src/Illuminate/Container/Container.php(799): Illuminate/Container/BoundMethod::call()
#11 G:/Projects/customer-management/vendor/laravel/framework/src/Illuminate/Console/Command.php(211): Illuminate/Container/Container->call()
#12 G:/Projects/customer-management/vendor/symfony/console/Command/Command.php(341): Illuminate/Console/Command->execute()
#13 G:/Projects/customer-management/vendor/laravel/framework/src/Illuminate/Console/Command.php(180): Symfony/Component/Console/Command/Command->run()
#14 G:/Projects/customer-management/vendor/symfony/console/Application.php(1102): Illuminate/Console/Command->run()
#15 G:/Projects/customer-management/vendor/symfony/console/Application.php(356): Symfony/Component/Console/Application->doRunCommand()
#16 G:/Projects/customer-management/vendor/symfony/console/Application.php(195): Symfony/Component/Console/Application->doRun()
#17 G:/Projects/customer-management/vendor/laravel/framework/src/Illuminate/Foundation/Console/Kernel.php(198): Symfony/Component/Console/Application->run()
#18 G:/Projects/customer-management/vendor/laravel/framework/src/Illuminate/Foundation/Application.php(1235): Illuminate/Foundation/Console/Kernel->handle()
#19 G:/Projects/customer-management/artisan(16): Illuminate/Foundation/Application->handleCommand()
#20 {main}
"} 
[2026-02-09 03:30:48] local.ERROR: File does not exist at path G:\Projects\customer-management//database/migrations/FIXED_2024_01_01_000003_create_agent_user_table.php. {"exception":"[object] (Illuminate\\Contracts\\Filesystem\\FileNotFoundException(code: 0): File does not exist at path G:\\Projects\\customer-management//database/migrations/FIXED_2024_01_01_000003_create_agent_user_table.php. at G:/Projects/customer-management/vendor/laravel/framework/src/Illuminate/Filesystem/Filesystem.php:152)
[stacktrace]
#0 G:/Projects/customer-management/vendor/laravel/framework/src/Illuminate/Database/Migrations/Migrator.php(598): Illuminate/Filesystem/Filesystem->requireOnce()
#1 G:/Projects/customer-management/vendor/laravel/framework/src/Illuminate/Database/Migrations/Migrator.php(131): Illuminate/Database/Migrations/Migrator->requireFiles()
#2 G:/Projects/customer-management/vendor/laravel/framework/src/Illuminate/Database/Console/Migrations/MigrateCommand.php(116): Illuminate/Database/Migrations/Migrator->run()
#3 G:/Projects/customer-management/vendor/laravel/framework/src/Illuminate/Database/Migrations/Migrator.php(671): Illuminate/Database/Console/Migrations/MigrateCommand->Illuminate/Database/Console/Migrations/{closure}()
#4 G:/Projects/customer-management/vendor/laravel/framework/src/Illuminate/Database/Console/Migrations/MigrateCommand.php(109): Illuminate/Database/Migrations/Migrator->usingConnection()
#5 G:/Projects/customer-management/vendor/laravel/framework/src/Illuminate/Database/Console/Migrations/MigrateCommand.php(88): Illuminate/Database/Console/Migrations/MigrateCommand->runMigrations()
#6 G:/Projects/customer-management/vendor/laravel/framework/src/Illuminate/Container/BoundMethod.php(36): Illuminate/Database/Console/Migrations/MigrateCommand->handle()
#7 G:/Projects/customer-management/vendor/laravel/framework/src/Illuminate/Container/Util.php(43): Illuminate/Container/BoundMethod::Illuminate/Container/{closure}()
#8 G:/Projects/customer-management/vendor/laravel/framework/src/Illuminate/Container/BoundMethod.php(96): Illuminate/Container/Util::unwrapIfClosure()
#9 G:/Projects/customer-management/vendor/laravel/framework/src/Illuminate/Container/BoundMethod.php(35): Illuminate/Container/BoundMethod::callBoundMethod()
#10 G:/Projects/customer-management/vendor/laravel/framework/src/Illuminate/Container/Container.php(799): Illuminate/Container/BoundMethod::call()
#11 G:/Projects/customer-management/vendor/laravel/framework/src/Illuminate/Console/Command.php(211): Illuminate/Container/Container->call()
#12 G:/Projects/customer-management/vendor/symfony/console/Command/Command.php(341): Illuminate/Console/Command->execute()
#13 G:/Projects/customer-management/vendor/laravel/framework/src/Illuminate/Console/Command.php(180): Symfony/Component/Console/Command/Command->run()
#14 G:/Projects/customer-management/vendor/symfony/console/Application.php(1102): Illuminate/Console/Command->run()
#15 G:/Projects/customer-management/vendor/symfony/console/Application.php(356): Symfony/Component/Console/Application->doRunCommand()
#16 G:/Projects/customer-management/vendor/symfony/console/Application.php(195): Symfony/Component/Console/Application->doRun()
#17 G:/Projects/customer-management/vendor/laravel/framework/src/Illuminate/Foundation/Console/Kernel.php(198): Symfony/Component/Console/Application->run()
#18 G:/Projects/customer-management/vendor/laravel/framework/src/Illuminate/Foundation/Application.php(1235): Illuminate/Foundation/Console/Kernel->handle()
#19 G:/Projects/customer-management/artisan(16): Illuminate/Foundation/Application->handleCommand()
#20 {main}
"} 
[2026-02-09 03:30:48] local.ERROR: File does not exist at path G:\Projects\customer-management//database/migrations/FIXED_2024_01_01_000004_create_transactions_table.php. {"exception":"[object] (Illuminate\\Contracts\\Filesystem\\FileNotFoundException(code: 0): File does not exist at path G:\\Projects\\customer-management//database/migrations/FIXED_2024_01_01_000004_create_transactions_table.php. at G:/Projects/customer-management/vendor/laravel/framework/src/Illuminate/Filesystem/Filesystem.php:152)
[stacktrace]
#0 G:/Projects/customer-management/vendor/laravel/framework/src/Illuminate/Database/Migrations/Migrator.php(598): Illuminate/Filesystem/Filesystem->requireOnce()
#1 G:/Projects/customer-management/vendor/laravel/framework/src/Illuminate/Database/Migrations/Migrator.php(131): Illuminate/Database/Migrations/Migrator->requireFiles()
#2 G:/Projects/customer-management/vendor/laravel/framework/src/Illuminate/Database/Console/Migrations/MigrateCommand.php(116): Illuminate/Database/Migrations/Migrator->run()
#3 G:/Projects/customer-management/vendor/laravel/framework/src/Illuminate/Database/Migrations/Migrator.php(671): Illuminate/Database/Console/Migrations/MigrateCommand->Illuminate/Database/Console/Migrations/{closure}()
#4 G:/Projects/customer-management/vendor/laravel/framework/src/Illuminate/Database/Console/Migrations/MigrateCommand.php(109): Illuminate/Database/Migrations/Migrator->usingConnection()
#5 G:/Projects/customer-management/vendor/laravel/framework/src/Illuminate/Database/Console/Migrations/MigrateCommand.php(88): Illuminate/Database/Console/Migrations/MigrateCommand->runMigrations()
#6 G:/Projects/customer-management/vendor/laravel/framework/src/Illuminate/Container/BoundMethod.php(36): Illuminate/Database/Console/Migrations/MigrateCommand->handle()
#7 G:/Projects/customer-management/vendor/laravel/framework/src/Illuminate/Container/Util.php(43): Illuminate/Container/BoundMethod::Illuminate/Container/{closure}()
#8 G:/Projects/customer-management/vendor/laravel/framework/src/Illuminate/Container/BoundMethod.php(96): Illuminate/Container/Util::unwrapIfClosure()
#9 G:/Projects/customer-management/vendor/laravel/framework/src/Illuminate/Container/BoundMethod.php(35): Illuminate/Container/BoundMethod::callBoundMethod()
#10 G:/Projects/customer-management/vendor/laravel/framework/src/Illuminate/Container/Container.php(799): Illuminate/Container/BoundMethod::call()
#11 G:/Projects/customer-management/vendor/laravel/framework/src/Illuminate/Console/Command.php(211): Illuminate/Container/Container->call()
#12 G:/Projects/customer-management/vendor/symfony/console/Command/Command.php(341): Illuminate/Console/Command->execute()
#13 G:/Projects/customer-management/vendor/laravel/framework/src/Illuminate/Console/Command.php(180): Symfony/Component/Console/Command/Command->run()
#14 G:/Projects/customer-management/vendor/symfony/console/Application.php(1102): Illuminate/Console/Command->run()
#15 G:/Projects/customer-management/vendor/symfony/console/Application.php(356): Symfony/Component/Console/Application->doRunCommand()
#16 G:/Projects/customer-management/vendor/symfony/console/Application.php(195): Symfony/Component/Console/Application->doRun()
#17 G:/Projects/customer-management/vendor/laravel/framework/src/Illuminate/Foundation/Console/Kernel.php(198): Symfony/Component/Console/Application->run()
#18 G:/Projects/customer-management/vendor/laravel/framework/src/Illuminate/Foundation/Application.php(1235): Illuminate/Foundation/Console/Kernel->handle()
#19 G:/Projects/customer-management/artisan(16): Illuminate/Foundation/Application->handleCommand()
#20 {main}
"} 
[2026-02-09 03:30:49] local.ERROR: File does not exist at path G:\Projects\customer-management//database/migrations/FIXED_2024_01_01_000005_create_daily_advances_table.php. {"exception":"[object] (Illuminate\\Contracts\\Filesystem\\FileNotFoundException(code: 0): File does not exist at path G:\\Projects\\customer-management//database/migrations/FIXED_2024_01_01_000005_create_daily_advances_table.php. at G:/Projects/customer-management/vendor/laravel/framework/src/Illuminate/Filesystem/Filesystem.php:152)
[stacktrace]
#0 G:/Projects/customer-management/vendor/laravel/framework/src/Illuminate/Database/Migrations/Migrator.php(598): Illuminate/Filesystem/Filesystem->requireOnce()
#1 G:/Projects/customer-management/vendor/laravel/framework/src/Illuminate/Database/Migrations/Migrator.php(131): Illuminate/Database/Migrations/Migrator->requireFiles()
#2 G:/Projects/customer-management/vendor/laravel/framework/src/Illuminate/Database/Console/Migrations/MigrateCommand.php(116): Illuminate/Database/Migrations/Migrator->run()
#3 G:/Projects/customer-management/vendor/laravel/framework/src/Illuminate/Database/Migrations/Migrator.php(671): Illuminate/Database/Console/Migrations/MigrateCommand->Illuminate/Database/Console/Migrations/{closure}()
#4 G:/Projects/customer-management/vendor/laravel/framework/src/Illuminate/Database/Console/Migrations/MigrateCommand.php(109): Illuminate/Database/Migrations/Migrator->usingConnection()
#5 G:/Projects/customer-management/vendor/laravel/framework/src/Illuminate/Database/Console/Migrations/MigrateCommand.php(88): Illuminate/Database/Console/Migrations/MigrateCommand->runMigrations()
#6 G:/Projects/customer-management/vendor/laravel/framework/src/Illuminate/Container/BoundMethod.php(36): Illuminate/Database/Console/Migrations/MigrateCommand->handle()
#7 G:/Projects/customer-management/vendor/laravel/framework/src/Illuminate/Container/Util.php(43): Illuminate/Container/BoundMethod::Illuminate/Container/{closure}()
#8 G:/Projects/customer-management/vendor/laravel/framework/src/Illuminate/Container/BoundMethod.php(96): Illuminate/Container/Util::unwrapIfClosure()
#9 G:/Projects/customer-management/vendor/laravel/framework/src/Illuminate/Container/BoundMethod.php(35): Illuminate/Container/BoundMethod::callBoundMethod()
#10 G:/Projects/customer-management/vendor/laravel/framework/src/Illuminate/Container/Container.php(799): Illuminate/Container/BoundMethod::call()
#11 G:/Projects/customer-management/vendor/laravel/framework/src/Illuminate/Console/Command.php(211): Illuminate/Container/Container->call()
#12 G:/Projects/customer-management/vendor/symfony/console/Command/Command.php(341): Illuminate/Console/Command->execute()
#13 G:/Projects/customer-management/vendor/laravel/framework/src/Illuminate/Console/Command.php(180): Symfony/Component/Console/Command/Command->run()
#14 G:/Projects/customer-management/vendor/symfony/console/Application.php(1102): Illuminate/Console/Command->run()
#15 G:/Projects/customer-management/vendor/symfony/console/Application.php(356): Symfony/Component/Console/Application->doRunCommand()
#16 G:/Projects/customer-management/vendor/symfony/console/Application.php(195): Symfony/Component/Console/Application->doRun()
#17 G:/Projects/customer-management/vendor/laravel/framework/src/Illuminate/Foundation/Console/Kernel.php(198): Symfony/Component/Console/Application->run()
#18 G:/Projects/customer-management/vendor/laravel/framework/src/Illuminate/Foundation/Application.php(1235): Illuminate/Foundation/Console/Kernel->handle()
#19 G:/Projects/customer-management/artisan(16): Illuminate/Foundation/Application->handleCommand()
#20 {main}
"} 
[2026-02-09 03:31:06] local.ERROR: No arguments expected for "migrate" command, got "FIXED_2024_01_01_000009_add_foreign_key_constraints.php". {"exception":"[object] (Symfony\\Component\\Console\\Exception\\RuntimeException(code: 0): No arguments expected for \"migrate\" command, got \"FIXED_2024_01_01_000009_add_foreign_key_constraints.php\". at G:/Projects/customer-management/vendor/symfony/console/Input/ArgvInput.php:199)
[stacktrace]
#0 G:/Projects/customer-management/vendor/symfony/console/Input/ArgvInput.php(92): Symfony/Component/Console/Input/ArgvInput->parseArgument()
#1 G:/Projects/customer-management/vendor/symfony/console/Input/ArgvInput.php(77): Symfony/Component/Console/Input/ArgvInput->parseToken()
#2 G:/Projects/customer-management/vendor/symfony/console/Input/Input.php(53): Symfony/Component/Console/Input/ArgvInput->parse()
#3 G:/Projects/customer-management/vendor/symfony/console/Command/Command.php(295): Symfony/Component/Console/Input/Input->bind()
#4 G:/Projects/customer-management/vendor/laravel/framework/src/Illuminate/Console/Command.php(180): Symfony/Component/Console/Command/Command->run()
#5 G:/Projects/customer-management/vendor/symfony/console/Application.php(1102): Illuminate/Console/Command->run()
#6 G:/Projects/customer-management/vendor/symfony/console/Application.php(356): Symfony/Component/Console/Application->doRunCommand()
#7 G:/Projects/customer-management/vendor/symfony/console/Application.php(195): Symfony/Component/Console/Application->doRun()
#8 G:/Projects/customer-management/vendor/laravel/framework/src/Illuminate/Foundation/Console/Kernel.php(198): Symfony/Component/Console/Application->run()
#9 G:/Projects/customer-management/vendor/laravel/framework/src/Illuminate/Foundation/Application.php(1235): Illuminate/Foundation/Console/Kernel->handle()
#10 G:/Projects/customer-management/artisan(16): Illuminate/Foundation/Application->handleCommand()
#11 {main}
"} 
[2026-02-09 03:31:22] local.ERROR: File does not exist at path G:\Projects\customer-management//database/migrations/FIXED_2024_01_01_000002_create_agents_table.php. {"exception":"[object] (Illuminate\\Contracts\\Filesystem\\FileNotFoundException(code: 0): File does not exist at path G:\\Projects\\customer-management//database/migrations/FIXED_2024_01_01_000002_create_agents_table.php. at G:/Projects/customer-management/vendor/laravel/framework/src/Illuminate/Filesystem/Filesystem.php:152)
[stacktrace]
#0 G:/Projects/customer-management/vendor/laravel/framework/src/Illuminate/Database/Migrations/Migrator.php(598): Illuminate/Filesystem/Filesystem->requireOnce()
#1 G:/Projects/customer-management/vendor/laravel/framework/src/Illuminate/Database/Migrations/Migrator.php(131): Illuminate/Database/Migrations/Migrator->requireFiles()
#2 G:/Projects/customer-management/vendor/laravel/framework/src/Illuminate/Database/Console/Migrations/MigrateCommand.php(116): Illuminate/Database/Migrations/Migrator->run()
#3 G:/Projects/customer-management/vendor/laravel/framework/src/Illuminate/Database/Migrations/Migrator.php(671): Illuminate/Database/Console/Migrations/MigrateCommand->Illuminate/Database/Console/Migrations/{closure}()
#4 G:/Projects/customer-management/vendor/laravel/framework/src/Illuminate/Database/Console/Migrations/MigrateCommand.php(109): Illuminate/Database/Migrations/Migrator->usingConnection()
#5 G:/Projects/customer-management/vendor/laravel/framework/src/Illuminate/Database/Console/Migrations/MigrateCommand.php(88): Illuminate/Database/Console/Migrations/MigrateCommand->runMigrations()
#6 G:/Projects/customer-management/vendor/laravel/framework/src/Illuminate/Container/BoundMethod.php(36): Illuminate/Database/Console/Migrations/MigrateCommand->handle()
#7 G:/Projects/customer-management/vendor/laravel/framework/src/Illuminate/Container/Util.php(43): Illuminate/Container/BoundMethod::Illuminate/Container/{closure}()
#8 G:/Projects/customer-management/vendor/laravel/framework/src/Illuminate/Container/BoundMethod.php(96): Illuminate/Container/Util::unwrapIfClosure()
#9 G:/Projects/customer-management/vendor/laravel/framework/src/Illuminate/Container/BoundMethod.php(35): Illuminate/Container/BoundMethod::callBoundMethod()
#10 G:/Projects/customer-management/vendor/laravel/framework/src/Illuminate/Container/Container.php(799): Illuminate/Container/BoundMethod::call()
#11 G:/Projects/customer-management/vendor/laravel/framework/src/Illuminate/Console/Command.php(211): Illuminate/Container/Container->call()
#12 G:/Projects/customer-management/vendor/symfony/console/Command/Command.php(341): Illuminate/Console/Command->execute()
#13 G:/Projects/customer-management/vendor/laravel/framework/src/Illuminate/Console/Command.php(180): Symfony/Component/Console/Command/Command->run()
#14 G:/Projects/customer-management/vendor/symfony/console/Application.php(1102): Illuminate/Console/Command->run()
#15 G:/Projects/customer-management/vendor/symfony/console/Application.php(356): Symfony/Component/Console/Application->doRunCommand()
#16 G:/Projects/customer-management/vendor/symfony/console/Application.php(195): Symfony/Component/Console/Application->doRun()
#17 G:/Projects/customer-management/vendor/laravel/framework/src/Illuminate/Foundation/Console/Kernel.php(198): Symfony/Component/Console/Application->run()
#18 G:/Projects/customer-management/vendor/laravel/framework/src/Illuminate/Foundation/Application.php(1235): Illuminate/Foundation/Console/Kernel->handle()
#19 G:/Projects/customer-management/artisan(16): Illuminate/Foundation/Application->handleCommand()
#20 {main}
"} 
[2026-02-09 03:31:23] local.ERROR: File does not exist at path G:\Projects\customer-management//database/migrations/FIXED_2024_01_01_000003_create_agent_user_table.php. {"exception":"[object] (Illuminate\\Contracts\\Filesystem\\FileNotFoundException(code: 0): File does not exist at path G:\\Projects\\customer-management//database/migrations/FIXED_2024_01_01_000003_create_agent_user_table.php. at G:/Projects/customer-management/vendor/laravel/framework/src/Illuminate/Filesystem/Filesystem.php:152)
[stacktrace]
#0 G:/Projects/customer-management/vendor/laravel/framework/src/Illuminate/Database/Migrations/Migrator.php(598): Illuminate/Filesystem/Filesystem->requireOnce()
#1 G:/Projects/customer-management/vendor/laravel/framework/src/Illuminate/Database/Migrations/Migrator.php(131): Illuminate/Database/Migrations/Migrator->requireFiles()
#2 G:/Projects/customer-management/vendor/laravel/framework/src/Illuminate/Database/Console/Migrations/MigrateCommand.php(116): Illuminate/Database/Migrations/Migrator->run()
#3 G:/Projects/customer-management/vendor/laravel/framework/src/Illuminate/Database/Migrations/Migrator.php(671): Illuminate/Database/Console/Migrations/MigrateCommand->Illuminate/Database/Console/Migrations/{closure}()
#4 G:/Projects/customer-management/vendor/laravel/framework/src/Illuminate/Database/Console/Migrations/MigrateCommand.php(109): Illuminate/Database/Migrations/Migrator->usingConnection()
#5 G:/Projects/customer-management/vendor/laravel/framework/src/Illuminate/Database/Console/Migrations/MigrateCommand.php(88): Illuminate/Database/Console/Migrations/MigrateCommand->runMigrations()
#6 G:/Projects/customer-management/vendor/laravel/framework/src/Illuminate/Container/BoundMethod.php(36): Illuminate/Database/Console/Migrations/MigrateCommand->handle()
#7 G:/Projects/customer-management/vendor/laravel/framework/src/Illuminate/Container/Util.php(43): Illuminate/Container/BoundMethod::Illuminate/Container/{closure}()
#8 G:/Projects/customer-management/vendor/laravel/framework/src/Illuminate/Container/BoundMethod.php(96): Illuminate/Container/Util::unwrapIfClosure()
#9 G:/Projects/customer-management/vendor/laravel/framework/src/Illuminate/Container/BoundMethod.php(35): Illuminate/Container/BoundMethod::callBoundMethod()
#10 G:/Projects/customer-management/vendor/laravel/framework/src/Illuminate/Container/Container.php(799): Illuminate/Container/BoundMethod::call()
#11 G:/Projects/customer-management/vendor/laravel/framework/src/Illuminate/Console/Command.php(211): Illuminate/Container/Container->call()
#12 G:/Projects/customer-management/vendor/symfony/console/Command/Command.php(341): Illuminate/Console/Command->execute()
#13 G:/Projects/customer-management/vendor/laravel/framework/src/Illuminate/Console/Command.php(180): Symfony/Component/Console/Command/Command->run()
#14 G:/Projects/customer-management/vendor/symfony/console/Application.php(1102): Illuminate/Console/Command->run()
#15 G:/Projects/customer-management/vendor/symfony/console/Application.php(356): Symfony/Component/Console/Application->doRunCommand()
#16 G:/Projects/customer-management/vendor/symfony/console/Application.php(195): Symfony/Component/Console/Application->doRun()
#17 G:/Projects/customer-management/vendor/laravel/framework/src/Illuminate/Foundation/Console/Kernel.php(198): Symfony/Component/Console/Application->run()
#18 G:/Projects/customer-management/vendor/laravel/framework/src/Illuminate/Foundation/Application.php(1235): Illuminate/Foundation/Console/Kernel->handle()
#19 G:/Projects/customer-management/artisan(16): Illuminate/Foundation/Application->handleCommand()
#20 {main}
"} 
[2026-02-09 03:31:23] local.ERROR: File does not exist at path G:\Projects\customer-management//database/migrations/FIXED_2024_01_01_000004_create_transactions_table.php. {"exception":"[object] (Illuminate\\Contracts\\Filesystem\\FileNotFoundException(code: 0): File does not exist at path G:\\Projects\\customer-management//database/migrations/FIXED_2024_01_01_000004_create_transactions_table.php. at G:/Projects/customer-management/vendor/laravel/framework/src/Illuminate/Filesystem/Filesystem.php:152)
[stacktrace]
#0 G:/Projects/customer-management/vendor/laravel/framework/src/Illuminate/Database/Migrations/Migrator.php(598): Illuminate/Filesystem/Filesystem->requireOnce()
#1 G:/Projects/customer-management/vendor/laravel/framework/src/Illuminate/Database/Migrations/Migrator.php(131): Illuminate/Database/Migrations/Migrator->requireFiles()
#2 G:/Projects/customer-management/vendor/laravel/framework/src/Illuminate/Database/Console/Migrations/MigrateCommand.php(116): Illuminate/Database/Migrations/Migrator->run()
#3 G:/Projects/customer-management/vendor/laravel/framework/src/Illuminate/Database/Migrations/Migrator.php(671): Illuminate/Database/Console/Migrations/MigrateCommand->Illuminate/Database/Console/Migrations/{closure}()
#4 G:/Projects/customer-management/vendor/laravel/framework/src/Illuminate/Database/Console/Migrations/MigrateCommand.php(109): Illuminate/Database/Migrations/Migrator->usingConnection()
#5 G:/Projects/customer-management/vendor/laravel/framework/src/Illuminate/Database/Console/Migrations/MigrateCommand.php(88): Illuminate/Database/Console/Migrations/MigrateCommand->runMigrations()
#6 G:/Projects/customer-management/vendor/laravel/framework/src/Illuminate/Container/BoundMethod.php(36): Illuminate/Database/Console/Migrations/MigrateCommand->handle()
#7 G:/Projects/customer-management/vendor/laravel/framework/src/Illuminate/Container/Util.php(43): Illuminate/Container/BoundMethod::Illuminate/Container/{closure}()
#8 G:/Projects/customer-management/vendor/laravel/framework/src/Illuminate/Container/BoundMethod.php(96): Illuminate/Container/Util::unwrapIfClosure()
#9 G:/Projects/customer-management/vendor/laravel/framework/src/Illuminate/Container/BoundMethod.php(35): Illuminate/Container/BoundMethod::callBoundMethod()
#10 G:/Projects/customer-management/vendor/laravel/framework/src/Illuminate/Container/Container.php(799): Illuminate/Container/BoundMethod::call()
#11 G:/Projects/customer-management/vendor/laravel/framework/src/Illuminate/Console/Command.php(211): Illuminate/Container/Container->call()
#12 G:/Projects/customer-management/vendor/symfony/console/Command/Command.php(341): Illuminate/Console/Command->execute()
#13 G:/Projects/customer-management/vendor/laravel/framework/src/Illuminate/Console/Command.php(180): Symfony/Component/Console/Command/Command->run()
#14 G:/Projects/customer-management/vendor/symfony/console/Application.php(1102): Illuminate/Console/Command->run()
#15 G:/Projects/customer-management/vendor/symfony/console/Application.php(356): Symfony/Component/Console/Application->doRunCommand()
#16 G:/Projects/customer-management/vendor/symfony/console/Application.php(195): Symfony/Component/Console/Application->doRun()
#17 G:/Projects/customer-management/vendor/laravel/framework/src/Illuminate/Foundation/Console/Kernel.php(198): Symfony/Component/Console/Application->run()
#18 G:/Projects/customer-management/vendor/laravel/framework/src/Illuminate/Foundation/Application.php(1235): Illuminate/Foundation/Console/Kernel->handle()
#19 G:/Projects/customer-management/artisan(16): Illuminate/Foundation/Application->handleCommand()
#20 {main}
"} 
[2026-02-09 03:31:24] local.ERROR: File does not exist at path G:\Projects\customer-management//database/migrations/FIXED_2024_01_01_000005_create_daily_advances_table.php. {"exception":"[object] (Illuminate\\Contracts\\Filesystem\\FileNotFoundException(code: 0): File does not exist at path G:\\Projects\\customer-management//database/migrations/FIXED_2024_01_01_000005_create_daily_advances_table.php. at G:/Projects/customer-management/vendor/laravel/framework/src/Illuminate/Filesystem/Filesystem.php:152)
[stacktrace]
#0 G:/Projects/customer-management/vendor/laravel/framework/src/Illuminate/Database/Migrations/Migrator.php(598): Illuminate/Filesystem/Filesystem->requireOnce()
#1 G:/Projects/customer-management/vendor/laravel/framework/src/Illuminate/Database/Migrations/Migrator.php(131): Illuminate/Database/Migrations/Migrator->requireFiles()
#2 G:/Projects/customer-management/vendor/laravel/framework/src/Illuminate/Database/Console/Migrations/MigrateCommand.php(116): Illuminate/Database/Migrations/Migrator->run()
#3 G:/Projects/customer-management/vendor/laravel/framework/src/Illuminate/Database/Migrations/Migrator.php(671): Illuminate/Database/Console/Migrations/MigrateCommand->Illuminate/Database/Console/Migrations/{closure}()
#4 G:/Projects/customer-management/vendor/laravel/framework/src/Illuminate/Database/Console/Migrations/MigrateCommand.php(109): Illuminate/Database/Migrations/Migrator->usingConnection()
#5 G:/Projects/customer-management/vendor/laravel/framework/src/Illuminate/Database/Console/Migrations/MigrateCommand.php(88): Illuminate/Database/Console/Migrations/MigrateCommand->runMigrations()
#6 G:/Projects/customer-management/vendor/laravel/framework/src/Illuminate/Container/BoundMethod.php(36): Illuminate/Database/Console/Migrations/MigrateCommand->handle()
#7 G:/Projects/customer-management/vendor/laravel/framework/src/Illuminate/Container/Util.php(43): Illuminate/Container/BoundMethod::Illuminate/Container/{closure}()
#8 G:/Projects/customer-management/vendor/laravel/framework/src/Illuminate/Container/BoundMethod.php(96): Illuminate/Container/Util::unwrapIfClosure()
#9 G:/Projects/customer-management/vendor/laravel/framework/src/Illuminate/Container/BoundMethod.php(35): Illuminate/Container/BoundMethod::callBoundMethod()
#10 G:/Projects/customer-management/vendor/laravel/framework/src/Illuminate/Container/Container.php(799): Illuminate/Container/BoundMethod::call()
#11 G:/Projects/customer-management/vendor/laravel/framework/src/Illuminate/Console/Command.php(211): Illuminate/Container/Container->call()
#12 G:/Projects/customer-management/vendor/symfony/console/Command/Command.php(341): Illuminate/Console/Command->execute()
#13 G:/Projects/customer-management/vendor/laravel/framework/src/Illuminate/Console/Command.php(180): Symfony/Component/Console/Command/Command->run()
#14 G:/Projects/customer-management/vendor/symfony/console/Application.php(1102): Illuminate/Console/Command->run()
#15 G:/Projects/customer-management/vendor/symfony/console/Application.php(356): Symfony/Component/Console/Application->doRunCommand()
#16 G:/Projects/customer-management/vendor/symfony/console/Application.php(195): Symfony/Component/Console/Application->doRun()
#17 G:/Projects/customer-management/vendor/laravel/framework/src/Illuminate/Foundation/Console/Kernel.php(198): Symfony/Component/Console/Application->run()
#18 G:/Projects/customer-management/vendor/laravel/framework/src/Illuminate/Foundation/Application.php(1235): Illuminate/Foundation/Console/Kernel->handle()
#19 G:/Projects/customer-management/artisan(16): Illuminate/Foundation/Application->handleCommand()
#20 {main}
"} 
[2026-02-09 03:31:33] local.ERROR: File does not exist at path G:\Projects\customer-management//database/migrations/FIXED_2024_01_01_000009_add_foreign_key_constraints.php. {"exception":"[object] (Illuminate\\Contracts\\Filesystem\\FileNotFoundException(code: 0): File does not exist at path G:\\Projects\\customer-management//database/migrations/FIXED_2024_01_01_000009_add_foreign_key_constraints.php. at G:/Projects/customer-management/vendor/laravel/framework/src/Illuminate/Filesystem/Filesystem.php:152)
[stacktrace]
#0 G:/Projects/customer-management/vendor/laravel/framework/src/Illuminate/Database/Migrations/Migrator.php(598): Illuminate/Filesystem/Filesystem->requireOnce()
#1 G:/Projects/customer-management/vendor/laravel/framework/src/Illuminate/Database/Migrations/Migrator.php(131): Illuminate/Database/Migrations/Migrator->requireFiles()
#2 G:/Projects/customer-management/vendor/laravel/framework/src/Illuminate/Database/Console/Migrations/MigrateCommand.php(116): Illuminate/Database/Migrations/Migrator->run()
#3 G:/Projects/customer-management/vendor/laravel/framework/src/Illuminate/Database/Migrations/Migrator.php(671): Illuminate/Database/Console/Migrations/MigrateCommand->Illuminate/Database/Console/Migrations/{closure}()
#4 G:/Projects/customer-management/vendor/laravel/framework/src/Illuminate/Database/Console/Migrations/MigrateCommand.php(109): Illuminate/Database/Migrations/Migrator->usingConnection()
#5 G:/Projects/customer-management/vendor/laravel/framework/src/Illuminate/Database/Console/Migrations/MigrateCommand.php(88): Illuminate/Database/Console/Migrations/MigrateCommand->runMigrations()
#6 G:/Projects/customer-management/vendor/laravel/framework/src/Illuminate/Container/BoundMethod.php(36): Illuminate/Database/Console/Migrations/MigrateCommand->handle()
#7 G:/Projects/customer-management/vendor/laravel/framework/src/Illuminate/Container/Util.php(43): Illuminate/Container/BoundMethod::Illuminate/Container/{closure}()
#8 G:/Projects/customer-management/vendor/laravel/framework/src/Illuminate/Container/BoundMethod.php(96): Illuminate/Container/Util::unwrapIfClosure()
#9 G:/Projects/customer-management/vendor/laravel/framework/src/Illuminate/Container/BoundMethod.php(35): Illuminate/Container/BoundMethod::callBoundMethod()
#10 G:/Projects/customer-management/vendor/laravel/framework/src/Illuminate/Container/Container.php(799): Illuminate/Container/BoundMethod::call()
#11 G:/Projects/customer-management/vendor/laravel/framework/src/Illuminate/Console/Command.php(211): Illuminate/Container/Container->call()
#12 G:/Projects/customer-management/vendor/symfony/console/Command/Command.php(341): Illuminate/Console/Command->execute()
#13 G:/Projects/customer-management/vendor/laravel/framework/src/Illuminate/Console/Command.php(180): Symfony/Component/Console/Command/Command->run()
#14 G:/Projects/customer-management/vendor/symfony/console/Application.php(1102): Illuminate/Console/Command->run()
#15 G:/Projects/customer-management/vendor/symfony/console/Application.php(356): Symfony/Component/Console/Application->doRunCommand()
#16 G:/Projects/customer-management/vendor/symfony/console/Application.php(195): Symfony/Component/Console/Application->doRun()
#17 G:/Projects/customer-management/vendor/laravel/framework/src/Illuminate/Foundation/Console/Kernel.php(198): Symfony/Component/Console/Application->run()
#18 G:/Projects/customer-management/vendor/laravel/framework/src/Illuminate/Foundation/Application.php(1235): Illuminate/Foundation/Console/Kernel->handle()
#19 G:/Projects/customer-management/artisan(16): Illuminate/Foundation/Application->handleCommand()
#20 {main}
"} 
[2026-02-09 04:08:43] local.ERROR: Class "CreateDailyAdvancesTable" not found {"exception":"[object] (Error(code: 0): Class \"CreateDailyAdvancesTable\" not found at G:/Projects/customer-management/vendor/laravel/framework/src/Illuminate/Database/Migrations/Migrator.php:558)
[stacktrace]
#0 G:/Projects/customer-management/vendor/laravel/framework/src/Illuminate/Database/Migrations/Migrator.php(236): Illuminate/Database/Migrations/Migrator->resolvePath()
#1 G:/Projects/customer-management/vendor/laravel/framework/src/Illuminate/Database/Migrations/Migrator.php(211): Illuminate/Database/Migrations/Migrator->runUp()
#2 G:/Projects/customer-management/vendor/laravel/framework/src/Illuminate/Database/Migrations/Migrator.php(138): Illuminate/Database/Migrations/Migrator->runPending()
#3 G:/Projects/customer-management/vendor/laravel/framework/src/Illuminate/Database/Console/Migrations/MigrateCommand.php(116): Illuminate/Database/Migrations/Migrator->run()
#4 G:/Projects/customer-management/vendor/laravel/framework/src/Illuminate/Database/Migrations/Migrator.php(671): Illuminate/Database/Console/Migrations/MigrateCommand->Illuminate/Database/Console/Migrations/{closure}()
#5 G:/Projects/customer-management/vendor/laravel/framework/src/Illuminate/Database/Console/Migrations/MigrateCommand.php(109): Illuminate/Database/Migrations/Migrator->usingConnection()
#6 G:/Projects/customer-management/vendor/laravel/framework/src/Illuminate/Database/Console/Migrations/MigrateCommand.php(88): Illuminate/Database/Console/Migrations/MigrateCommand->runMigrations()
#7 G:/Projects/customer-management/vendor/laravel/framework/src/Illuminate/Container/BoundMethod.php(36): Illuminate/Database/Console/Migrations/MigrateCommand->handle()
#8 G:/Projects/customer-management/vendor/laravel/framework/src/Illuminate/Container/Util.php(43): Illuminate/Container/BoundMethod::Illuminate/Container/{closure}()
#9 G:/Projects/customer-management/vendor/laravel/framework/src/Illuminate/Container/BoundMethod.php(96): Illuminate/Container/Util::unwrapIfClosure()
#10 G:/Projects/customer-management/vendor/laravel/framework/src/Illuminate/Container/BoundMethod.php(35): Illuminate/Container/BoundMethod::callBoundMethod()
#11 G:/Projects/customer-management/vendor/laravel/framework/src/Illuminate/Container/Container.php(799): Illuminate/Container/BoundMethod::call()
#12 G:/Projects/customer-management/vendor/laravel/framework/src/Illuminate/Console/Command.php(211): Illuminate/Container/Container->call()
#13 G:/Projects/customer-management/vendor/symfony/console/Command/Command.php(341): Illuminate/Console/Command->execute()
#14 G:/Projects/customer-management/vendor/laravel/framework/src/Illuminate/Console/Command.php(180): Symfony/Component/Console/Command/Command->run()
#15 G:/Projects/customer-management/vendor/symfony/console/Application.php(1102): Illuminate/Console/Command->run()
#16 G:/Projects/customer-management/vendor/symfony/console/Application.php(356): Symfony/Component/Console/Application->doRunCommand()
#17 G:/Projects/customer-management/vendor/symfony/console/Application.php(195): Symfony/Component/Console/Application->doRun()
#18 G:/Projects/customer-management/vendor/laravel/framework/src/Illuminate/Foundation/Console/Kernel.php(198): Symfony/Component/Console/Application->run()
#19 G:/Projects/customer-management/vendor/laravel/framework/src/Illuminate/Foundation/Application.php(1235): Illuminate/Foundation/Console/Kernel->handle()
#20 G:/Projects/customer-management/artisan(16): Illuminate/Foundation/Application->handleCommand()
#21 {main}
"} 
[2026-02-09 04:14:01] local.ERROR: Target class [Database\Seeders\AdminSeeder] does not exist. {"exception":"[object] (Illuminate\\Contracts\\Container\\BindingResolutionException(code: 0): Target class [Database\\Seeders\\AdminSeeder] does not exist. at G:/Projects/customer-management/vendor/laravel/framework/src/Illuminate/Container/Container.php:1124)
[stacktrace]
#0 G:/Projects/customer-management/vendor/laravel/framework/src/Illuminate/Container/Container.php(933): Illuminate/Container/Container->build()
#1 G:/Projects/customer-management/vendor/laravel/framework/src/Illuminate/Foundation/Application.php(1078): Illuminate/Container/Container->resolve()
#2 G:/Projects/customer-management/vendor/laravel/framework/src/Illuminate/Container/Container.php(864): Illuminate/Foundation/Application->resolve()
#3 G:/Projects/customer-management/vendor/laravel/framework/src/Illuminate/Foundation/Application.php(1058): Illuminate/Container/Container->make()
#4 G:/Projects/customer-management/vendor/laravel/framework/src/Illuminate/Database/Console/Seeds/SeedCommand.php(99): Illuminate/Foundation/Application->make()
#5 G:/Projects/customer-management/vendor/laravel/framework/src/Illuminate/Database/Console/Seeds/SeedCommand.php(71): Illuminate/Database/Console/Seeds/SeedCommand->getSeeder()
#6 G:/Projects/customer-management/vendor/laravel/framework/src/Illuminate/Database/Eloquent/Concerns/GuardsAttributes.php(157): Illuminate/Database/Console/Seeds/SeedCommand->Illuminate/Database/Console/Seeds/{closure}()
#7 G:/Projects/customer-management/vendor/laravel/framework/src/Illuminate/Database/Console/Seeds/SeedCommand.php(70): Illuminate/Database/Eloquent/Model::unguarded()
#8 G:/Projects/customer-management/vendor/laravel/framework/src/Illuminate/Container/BoundMethod.php(36): Illuminate/Database/Console/Seeds/SeedCommand->handle()
#9 G:/Projects/customer-management/vendor/laravel/framework/src/Illuminate/Container/Util.php(43): Illuminate/Container/BoundMethod::Illuminate/Container/{closure}()
#10 G:/Projects/customer-management/vendor/laravel/framework/src/Illuminate/Container/BoundMethod.php(96): Illuminate/Container/Util::unwrapIfClosure()
#11 G:/Projects/customer-management/vendor/laravel/framework/src/Illuminate/Container/BoundMethod.php(35): Illuminate/Container/BoundMethod::callBoundMethod()
#12 G:/Projects/customer-management/vendor/laravel/framework/src/Illuminate/Container/Container.php(799): Illuminate/Container/BoundMethod::call()
#13 G:/Projects/customer-management/vendor/laravel/framework/src/Illuminate/Console/Command.php(211): Illuminate/Container/Container->call()
#14 G:/Projects/customer-management/vendor/symfony/console/Command/Command.php(341): Illuminate/Console/Command->execute()
#15 G:/Projects/customer-management/vendor/laravel/framework/src/Illuminate/Console/Command.php(180): Symfony/Component/Console/Command/Command->run()
#16 G:/Projects/customer-management/vendor/symfony/console/Application.php(1102): Illuminate/Console/Command->run()
#17 G:/Projects/customer-management/vendor/symfony/console/Application.php(356): Symfony/Component/Console/Application->doRunCommand()
#18 G:/Projects/customer-management/vendor/symfony/console/Application.php(195): Symfony/Component/Console/Application->doRun()
#19 G:/Projects/customer-management/vendor/laravel/framework/src/Illuminate/Foundation/Console/Kernel.php(198): Symfony/Component/Console/Application->run()
#20 G:/Projects/customer-management/vendor/laravel/framework/src/Illuminate/Foundation/Application.php(1235): Illuminate/Foundation/Console/Kernel->handle()
#21 G:/Projects/customer-management/artisan(16): Illuminate/Foundation/Application->handleCommand()
#22 {main}

[previous exception] [object] (ReflectionException(code: -1): Class \"Database\\Seeders\\AdminSeeder\" does not exist at G:/Projects/customer-management/vendor/laravel/framework/src/Illuminate/Container/Container.php:1122)
[stacktrace]
#0 G:/Projects/customer-management/vendor/laravel/framework/src/Illuminate/Container/Container.php(1122): ReflectionClass->__construct()
#1 G:/Projects/customer-management/vendor/laravel/framework/src/Illuminate/Container/Container.php(933): Illuminate/Container/Container->build()
#2 G:/Projects/customer-management/vendor/laravel/framework/src/Illuminate/Foundation/Application.php(1078): Illuminate/Container/Container->resolve()
#3 G:/Projects/customer-management/vendor/laravel/framework/src/Illuminate/Container/Container.php(864): Illuminate/Foundation/Application->resolve()
#4 G:/Projects/customer-management/vendor/laravel/framework/src/Illuminate/Foundation/Application.php(1058): Illuminate/Container/Container->make()
#5 G:/Projects/customer-management/vendor/laravel/framework/src/Illuminate/Database/Console/Seeds/SeedCommand.php(99): Illuminate/Foundation/Application->make()
#6 G:/Projects/customer-management/vendor/laravel/framework/src/Illuminate/Database/Console/Seeds/SeedCommand.php(71): Illuminate/Database/Console/Seeds/SeedCommand->getSeeder()
#7 G:/Projects/customer-management/vendor/laravel/framework/src/Illuminate/Database/Eloquent/Concerns/GuardsAttributes.php(157): Illuminate/Database/Console/Seeds/SeedCommand->Illuminate/Database/Console/Seeds/{closure}()
#8 G:/Projects/customer-management/vendor/laravel/framework/src/Illuminate/Database/Console/Seeds/SeedCommand.php(70): Illuminate/Database/Eloquent/Model::unguarded()
#9 G:/Projects/customer-management/vendor/laravel/framework/src/Illuminate/Container/BoundMethod.php(36): Illuminate/Database/Console/Seeds/SeedCommand->handle()
#10 G:/Projects/customer-management/vendor/laravel/framework/src/Illuminate/Container/Util.php(43): Illuminate/Container/BoundMethod::Illuminate/Container/{closure}()
#11 G:/Projects/customer-management/vendor/laravel/framework/src/Illuminate/Container/BoundMethod.php(96): Illuminate/Container/Util::unwrapIfClosure()
#12 G:/Projects/customer-management/vendor/laravel/framework/src/Illuminate/Container/BoundMethod.php(35): Illuminate/Container/BoundMethod::callBoundMethod()
#13 G:/Projects/customer-management/vendor/laravel/framework/src/Illuminate/Container/Container.php(799): Illuminate/Container/BoundMethod::call()
#14 G:/Projects/customer-management/vendor/laravel/framework/src/Illuminate/Console/Command.php(211): Illuminate/Container/Container->call()
#15 G:/Projects/customer-management/vendor/symfony/console/Command/Command.php(341): Illuminate/Console/Command->execute()
#16 G:/Projects/customer-management/vendor/laravel/framework/src/Illuminate/Console/Command.php(180): Symfony/Component/Console/Command/Command->run()
#17 G:/Projects/customer-management/vendor/symfony/console/Application.php(1102): Illuminate/Console/Command->run()
#18 G:/Projects/customer-management/vendor/symfony/console/Application.php(356): Symfony/Component/Console/Application->doRunCommand()
#19 G:/Projects/customer-management/vendor/symfony/console/Application.php(195): Symfony/Component/Console/Application->doRun()
#20 G:/Projects/customer-management/vendor/laravel/framework/src/Illuminate/Foundation/Console/Kernel.php(198): Symfony/Component/Console/Application->run()
#21 G:/Projects/customer-management/vendor/laravel/framework/src/Illuminate/Foundation/Application.php(1235): Illuminate/Foundation/Console/Kernel->handle()
#22 G:/Projects/customer-management/artisan(16): Illuminate/Foundation/Application->handleCommand()
#23 {main}
"} 
[2026-02-09 04:14:06] local.ERROR: SQLSTATE[42S02]: Base table or view not found: 1146 Table 'customer_management.cache' doesn't exist (Connection: mysql, Host: 127.0.0.1, Port: 3306, Database: customer_management, SQL: select * from `cache` where `key` in (customer-management-cache-illuminate:queue:restart)) {"exception":"[object] (Illuminate\\Database\\QueryException(code: 42S02): SQLSTATE[42S02]: Base table or view not found: 1146 Table 'customer_management.cache' doesn't exist (Connection: mysql, Host: 127.0.0.1, Port: 3306, Database: customer_management, SQL: select * from `cache` where `key` in (customer-management-cache-illuminate:queue:restart)) at G:/Projects/customer-management/vendor/laravel/framework/src/Illuminate/Database/Connection.php:838)
[stacktrace]
#0 G:/Projects/customer-management/vendor/laravel/framework/src/Illuminate/Database/Connection.php(794): Illuminate/Database/Connection->runQueryCallback()
#1 G:/Projects/customer-management/vendor/laravel/framework/src/Illuminate/Database/Connection.php(411): Illuminate/Database/Connection->run()
#2 G:/Projects/customer-management/vendor/laravel/framework/src/Illuminate/Database/Query/Builder.php(3389): Illuminate/Database/Connection->select()
#3 G:/Projects/customer-management/vendor/laravel/framework/src/Illuminate/Database/Query/Builder.php(3374): Illuminate/Database/Query/Builder->runSelect()
#4 G:/Projects/customer-management/vendor/laravel/framework/src/Illuminate/Database/Query/Builder.php(3964): Illuminate/Database/Query/Builder->Illuminate/Database/Query/{closure}()
#5 G:/Projects/customer-management/vendor/laravel/framework/src/Illuminate/Database/Query/Builder.php(3373): Illuminate/Database/Query/Builder->onceWithColumns()
#6 G:/Projects/customer-management/vendor/laravel/framework/src/Illuminate/Cache/DatabaseStore.php(130): Illuminate/Database/Query/Builder->get()
#7 G:/Projects/customer-management/vendor/laravel/framework/src/Illuminate/Cache/DatabaseStore.php(105): Illuminate/Cache/DatabaseStore->many()
#8 G:/Projects/customer-management/vendor/laravel/framework/src/Illuminate/Cache/Repository.php(123): Illuminate/Cache/DatabaseStore->get()
#9 G:/Projects/customer-management/vendor/laravel/framework/src/Illuminate/Queue/Worker.php(781): Illuminate/Cache/Repository->get()
#10 G:/Projects/customer-management/vendor/laravel/framework/src/Illuminate/Queue/Worker.php(160): Illuminate/Queue/Worker->getTimestampOfLastQueueRestart()
#11 G:/Projects/customer-management/vendor/laravel/framework/src/Illuminate/Queue/Console/WorkCommand.php(148): Illuminate/Queue/Worker->daemon()
#12 G:/Projects/customer-management/vendor/laravel/framework/src/Illuminate/Queue/Console/WorkCommand.php(131): Illuminate/Queue/Console/WorkCommand->runWorker()
#13 G:/Projects/customer-management/vendor/laravel/framework/src/Illuminate/Container/BoundMethod.php(36): Illuminate/Queue/Console/WorkCommand->handle()
#14 G:/Projects/customer-management/vendor/laravel/framework/src/Illuminate/Container/Util.php(43): Illuminate/Container/BoundMethod::Illuminate/Container/{closure}()
#15 G:/Projects/customer-management/vendor/laravel/framework/src/Illuminate/Container/BoundMethod.php(96): Illuminate/Container/Util::unwrapIfClosure()
#16 G:/Projects/customer-management/vendor/laravel/framework/src/Illuminate/Container/BoundMethod.php(35): Illuminate/Container/BoundMethod::callBoundMethod()
#17 G:/Projects/customer-management/vendor/laravel/framework/src/Illuminate/Container/Container.php(799): Illuminate/Container/BoundMethod::call()
#18 G:/Projects/customer-management/vendor/laravel/framework/src/Illuminate/Console/Command.php(211): Illuminate/Container/Container->call()
#19 G:/Projects/customer-management/vendor/symfony/console/Command/Command.php(341): Illuminate/Console/Command->execute()
#20 G:/Projects/customer-management/vendor/laravel/framework/src/Illuminate/Console/Command.php(180): Symfony/Component/Console/Command/Command->run()
#21 G:/Projects/customer-management/vendor/symfony/console/Application.php(1102): Illuminate/Console/Command->run()
#22 G:/Projects/customer-management/vendor/symfony/console/Application.php(356): Symfony/Component/Console/Application->doRunCommand()
#23 G:/Projects/customer-management/vendor/symfony/console/Application.php(195): Symfony/Component/Console/Application->doRun()
#24 G:/Projects/customer-management/vendor/laravel/framework/src/Illuminate/Foundation/Console/Kernel.php(198): Symfony/Component/Console/Application->run()
#25 G:/Projects/customer-management/vendor/laravel/framework/src/Illuminate/Foundation/Application.php(1235): Illuminate/Foundation/Console/Kernel->handle()
#26 G:/Projects/customer-management/artisan(16): Illuminate/Foundation/Application->handleCommand()
#27 {main}

[previous exception] [object] (PDOException(code: 42S02): SQLSTATE[42S02]: Base table or view not found: 1146 Table 'customer_management.cache' doesn't exist at G:/Projects/customer-management/vendor/laravel/framework/src/Illuminate/Database/Connection.php:420)
[stacktrace]
#0 G:/Projects/customer-management/vendor/laravel/framework/src/Illuminate/Database/Connection.php(420): PDO->prepare()
#1 G:/Projects/customer-management/vendor/laravel/framework/src/Illuminate/Database/Connection.php(827): Illuminate/Database/Connection->Illuminate/Database/{closure}()
#2 G:/Projects/customer-management/vendor/laravel/framework/src/Illuminate/Database/Connection.php(794): Illuminate/Database/Connection->runQueryCallback()
#3 G:/Projects/customer-management/vendor/laravel/framework/src/Illuminate/Database/Connection.php(411): Illuminate/Database/Connection->run()
#4 G:/Projects/customer-management/vendor/laravel/framework/src/Illuminate/Database/Query/Builder.php(3389): Illuminate/Database/Connection->select()
#5 G:/Projects/customer-management/vendor/laravel/framework/src/Illuminate/Database/Query/Builder.php(3374): Illuminate/Database/Query/Builder->runSelect()
#6 G:/Projects/customer-management/vendor/laravel/framework/src/Illuminate/Database/Query/Builder.php(3964): Illuminate/Database/Query/Builder->Illuminate/Database/Query/{closure}()
#7 G:/Projects/customer-management/vendor/laravel/framework/src/Illuminate/Database/Query/Builder.php(3373): Illuminate/Database/Query/Builder->onceWithColumns()
#8 G:/Projects/customer-management/vendor/laravel/framework/src/Illuminate/Cache/DatabaseStore.php(130): Illuminate/Database/Query/Builder->get()
#9 G:/Projects/customer-management/vendor/laravel/framework/src/Illuminate/Cache/DatabaseStore.php(105): Illuminate/Cache/DatabaseStore->many()
#10 G:/Projects/customer-management/vendor/laravel/framework/src/Illuminate/Cache/Repository.php(123): Illuminate/Cache/DatabaseStore->get()
#11 G:/Projects/customer-management/vendor/laravel/framework/src/Illuminate/Queue/Worker.php(781): Illuminate/Cache/Repository->get()
#12 G:/Projects/customer-management/vendor/laravel/framework/src/Illuminate/Queue/Worker.php(160): Illuminate/Queue/Worker->getTimestampOfLastQueueRestart()
#13 G:/Projects/customer-management/vendor/laravel/framework/src/Illuminate/Queue/Console/WorkCommand.php(148): Illuminate/Queue/Worker->daemon()
#14 G:/Projects/customer-management/vendor/laravel/framework/src/Illuminate/Queue/Console/WorkCommand.php(131): Illuminate/Queue/Console/WorkCommand->runWorker()
#15 G:/Projects/customer-management/vendor/laravel/framework/src/Illuminate/Container/BoundMethod.php(36): Illuminate/Queue/Console/WorkCommand->handle()
#16 G:/Projects/customer-management/vendor/laravel/framework/src/Illuminate/Container/Util.php(43): Illuminate/Container/BoundMethod::Illuminate/Container/{closure}()
#17 G:/Projects/customer-management/vendor/laravel/framework/src/Illuminate/Container/BoundMethod.php(96): Illuminate/Container/Util::unwrapIfClosure()
#18 G:/Projects/customer-management/vendor/laravel/framework/src/Illuminate/Container/BoundMethod.php(35): Illuminate/Container/BoundMethod::callBoundMethod()
#19 G:/Projects/customer-management/vendor/laravel/framework/src/Illuminate/Container/Container.php(799): Illuminate/Container/BoundMethod::call()
#20 G:/Projects/customer-management/vendor/laravel/framework/src/Illuminate/Console/Command.php(211): Illuminate/Container/Container->call()
#21 G:/Projects/customer-management/vendor/symfony/console/Command/Command.php(341): Illuminate/Console/Command->execute()
#22 G:/Projects/customer-management/vendor/laravel/framework/src/Illuminate/Console/Command.php(180): Symfony/Component/Console/Command/Command->run()
#23 G:/Projects/customer-management/vendor/symfony/console/Application.php(1102): Illuminate/Console/Command->run()
#24 G:/Projects/customer-management/vendor/symfony/console/Application.php(356): Symfony/Component/Console/Application->doRunCommand()
#25 G:/Projects/customer-management/vendor/symfony/console/Application.php(195): Symfony/Component/Console/Application->doRun()
#26 G:/Projects/customer-management/vendor/laravel/framework/src/Illuminate/Foundation/Console/Kernel.php(198): Symfony/Component/Console/Application->run()
#27 G:/Projects/customer-management/vendor/laravel/framework/src/Illuminate/Foundation/Application.php(1235): Illuminate/Foundation/Console/Kernel->handle()
#28 G:/Projects/customer-management/artisan(16): Illuminate/Foundation/Application->handleCommand()
#29 {main}
"} 
[2026-02-09 04:58:51] local.ERROR: SQLSTATE[42S02]: Base table or view not found: 1146 Table 'customer_management.cache' doesn't exist (Connection: mysql, Host: 127.0.0.1, Port: 3306, Database: customer_management, SQL: select * from `cache` where `key` in (customer-management-cache-illuminate:queue:restart)) {"exception":"[object] (Illuminate\\Database\\QueryException(code: 42S02): SQLSTATE[42S02]: Base table or view not found: 1146 Table 'customer_management.cache' doesn't exist (Connection: mysql, Host: 127.0.0.1, Port: 3306, Database: customer_management, SQL: select * from `cache` where `key` in (customer-management-cache-illuminate:queue:restart)) at G:/Projects/customer-management/vendor/laravel/framework/src/Illuminate/Database/Connection.php:838)
[stacktrace]
#0 G:/Projects/customer-management/vendor/laravel/framework/src/Illuminate/Database/Connection.php(794): Illuminate/Database/Connection->runQueryCallback()
#1 G:/Projects/customer-management/vendor/laravel/framework/src/Illuminate/Database/Connection.php(411): Illuminate/Database/Connection->run()
#2 G:/Projects/customer-management/vendor/laravel/framework/src/Illuminate/Database/Query/Builder.php(3389): Illuminate/Database/Connection->select()
#3 G:/Projects/customer-management/vendor/laravel/framework/src/Illuminate/Database/Query/Builder.php(3374): Illuminate/Database/Query/Builder->runSelect()
#4 G:/Projects/customer-management/vendor/laravel/framework/src/Illuminate/Database/Query/Builder.php(3964): Illuminate/Database/Query/Builder->Illuminate/Database/Query/{closure}()
#5 G:/Projects/customer-management/vendor/laravel/framework/src/Illuminate/Database/Query/Builder.php(3373): Illuminate/Database/Query/Builder->onceWithColumns()
#6 G:/Projects/customer-management/vendor/laravel/framework/src/Illuminate/Cache/DatabaseStore.php(130): Illuminate/Database/Query/Builder->get()
#7 G:/Projects/customer-management/vendor/laravel/framework/src/Illuminate/Cache/DatabaseStore.php(105): Illuminate/Cache/DatabaseStore->many()
#8 G:/Projects/customer-management/vendor/laravel/framework/src/Illuminate/Cache/Repository.php(123): Illuminate/Cache/DatabaseStore->get()
#9 G:/Projects/customer-management/vendor/laravel/framework/src/Illuminate/Queue/Worker.php(781): Illuminate/Cache/Repository->get()
#10 G:/Projects/customer-management/vendor/laravel/framework/src/Illuminate/Queue/Worker.php(160): Illuminate/Queue/Worker->getTimestampOfLastQueueRestart()
#11 G:/Projects/customer-management/vendor/laravel/framework/src/Illuminate/Queue/Console/WorkCommand.php(148): Illuminate/Queue/Worker->daemon()
#12 G:/Projects/customer-management/vendor/laravel/framework/src/Illuminate/Queue/Console/WorkCommand.php(131): Illuminate/Queue/Console/WorkCommand->runWorker()
#13 G:/Projects/customer-management/vendor/laravel/framework/src/Illuminate/Container/BoundMethod.php(36): Illuminate/Queue/Console/WorkCommand->handle()
#14 G:/Projects/customer-management/vendor/laravel/framework/src/Illuminate/Container/Util.php(43): Illuminate/Container/BoundMethod::Illuminate/Container/{closure}()
#15 G:/Projects/customer-management/vendor/laravel/framework/src/Illuminate/Container/BoundMethod.php(96): Illuminate/Container/Util::unwrapIfClosure()
#16 G:/Projects/customer-management/vendor/laravel/framework/src/Illuminate/Container/BoundMethod.php(35): Illuminate/Container/BoundMethod::callBoundMethod()
#17 G:/Projects/customer-management/vendor/laravel/framework/src/Illuminate/Container/Container.php(799): Illuminate/Container/BoundMethod::call()
#18 G:/Projects/customer-management/vendor/laravel/framework/src/Illuminate/Console/Command.php(211): Illuminate/Container/Container->call()
#19 G:/Projects/customer-management/vendor/symfony/console/Command/Command.php(341): Illuminate/Console/Command->execute()
#20 G:/Projects/customer-management/vendor/laravel/framework/src/Illuminate/Console/Command.php(180): Symfony/Component/Console/Command/Command->run()
#21 G:/Projects/customer-management/vendor/symfony/console/Application.php(1102): Illuminate/Console/Command->run()
#22 G:/Projects/customer-management/vendor/symfony/console/Application.php(356): Symfony/Component/Console/Application->doRunCommand()
#23 G:/Projects/customer-management/vendor/symfony/console/Application.php(195): Symfony/Component/Console/Application->doRun()
#24 G:/Projects/customer-management/vendor/laravel/framework/src/Illuminate/Foundation/Console/Kernel.php(198): Symfony/Component/Console/Application->run()
#25 G:/Projects/customer-management/vendor/laravel/framework/src/Illuminate/Foundation/Application.php(1235): Illuminate/Foundation/Console/Kernel->handle()
#26 G:/Projects/customer-management/artisan(16): Illuminate/Foundation/Application->handleCommand()
#27 {main}

[previous exception] [object] (PDOException(code: 42S02): SQLSTATE[42S02]: Base table or view not found: 1146 Table 'customer_management.cache' doesn't exist at G:/Projects/customer-management/vendor/laravel/framework/src/Illuminate/Database/Connection.php:420)
[stacktrace]
#0 G:/Projects/customer-management/vendor/laravel/framework/src/Illuminate/Database/Connection.php(420): PDO->prepare()
#1 G:/Projects/customer-management/vendor/laravel/framework/src/Illuminate/Database/Connection.php(827): Illuminate/Database/Connection->Illuminate/Database/{closure}()
#2 G:/Projects/customer-management/vendor/laravel/framework/src/Illuminate/Database/Connection.php(794): Illuminate/Database/Connection->runQueryCallback()
#3 G:/Projects/customer-management/vendor/laravel/framework/src/Illuminate/Database/Connection.php(411): Illuminate/Database/Connection->run()
#4 G:/Projects/customer-management/vendor/laravel/framework/src/Illuminate/Database/Query/Builder.php(3389): Illuminate/Database/Connection->select()
#5 G:/Projects/customer-management/vendor/laravel/framework/src/Illuminate/Database/Query/Builder.php(3374): Illuminate/Database/Query/Builder->runSelect()
#6 G:/Projects/customer-management/vendor/laravel/framework/src/Illuminate/Database/Query/Builder.php(3964): Illuminate/Database/Query/Builder->Illuminate/Database/Query/{closure}()
#7 G:/Projects/customer-management/vendor/laravel/framework/src/Illuminate/Database/Query/Builder.php(3373): Illuminate/Database/Query/Builder->onceWithColumns()
#8 G:/Projects/customer-management/vendor/laravel/framework/src/Illuminate/Cache/DatabaseStore.php(130): Illuminate/Database/Query/Builder->get()
#9 G:/Projects/customer-management/vendor/laravel/framework/src/Illuminate/Cache/DatabaseStore.php(105): Illuminate/Cache/DatabaseStore->many()
#10 G:/Projects/customer-management/vendor/laravel/framework/src/Illuminate/Cache/Repository.php(123): Illuminate/Cache/DatabaseStore->get()
#11 G:/Projects/customer-management/vendor/laravel/framework/src/Illuminate/Queue/Worker.php(781): Illuminate/Cache/Repository->get()
#12 G:/Projects/customer-management/vendor/laravel/framework/src/Illuminate/Queue/Worker.php(160): Illuminate/Queue/Worker->getTimestampOfLastQueueRestart()
#13 G:/Projects/customer-management/vendor/laravel/framework/src/Illuminate/Queue/Console/WorkCommand.php(148): Illuminate/Queue/Worker->daemon()
#14 G:/Projects/customer-management/vendor/laravel/framework/src/Illuminate/Queue/Console/WorkCommand.php(131): Illuminate/Queue/Console/WorkCommand->runWorker()
#15 G:/Projects/customer-management/vendor/laravel/framework/src/Illuminate/Container/BoundMethod.php(36): Illuminate/Queue/Console/WorkCommand->handle()
#16 G:/Projects/customer-management/vendor/laravel/framework/src/Illuminate/Container/Util.php(43): Illuminate/Container/BoundMethod::Illuminate/Container/{closure}()
#17 G:/Projects/customer-management/vendor/laravel/framework/src/Illuminate/Container/BoundMethod.php(96): Illuminate/Container/Util::unwrapIfClosure()
#18 G:/Projects/customer-management/vendor/laravel/framework/src/Illuminate/Container/BoundMethod.php(35): Illuminate/Container/BoundMethod::callBoundMethod()
#19 G:/Projects/customer-management/vendor/laravel/framework/src/Illuminate/Container/Container.php(799): Illuminate/Container/BoundMethod::call()
#20 G:/Projects/customer-management/vendor/laravel/framework/src/Illuminate/Console/Command.php(211): Illuminate/Container/Container->call()
#21 G:/Projects/customer-management/vendor/symfony/console/Command/Command.php(341): Illuminate/Console/Command->execute()
#22 G:/Projects/customer-management/vendor/laravel/framework/src/Illuminate/Console/Command.php(180): Symfony/Component/Console/Command/Command->run()
#23 G:/Projects/customer-management/vendor/symfony/console/Application.php(1102): Illuminate/Console/Command->run()
#24 G:/Projects/customer-management/vendor/symfony/console/Application.php(356): Symfony/Component/Console/Application->doRunCommand()
#25 G:/Projects/customer-management/vendor/symfony/console/Application.php(195): Symfony/Component/Console/Application->doRun()
#26 G:/Projects/customer-management/vendor/laravel/framework/src/Illuminate/Foundation/Console/Kernel.php(198): Symfony/Component/Console/Application->run()
#27 G:/Projects/customer-management/vendor/laravel/framework/src/Illuminate/Foundation/Application.php(1235): Illuminate/Foundation/Console/Kernel->handle()
#28 G:/Projects/customer-management/artisan(16): Illuminate/Foundation/Application->handleCommand()
#29 {main}
"} 
[2026-02-11 01:23:24] local.ERROR: No application encryption key has been specified. {"exception":"[object] (Illuminate\\Encryption\\MissingAppKeyException(code: 0): No application encryption key has been specified. at G:/Projects/customer-management/vendor/laravel/framework/src/Illuminate/Encryption/EncryptionServiceProvider.php:83)
[stacktrace]
#0 G:/Projects/customer-management/vendor/laravel/framework/src/Illuminate/Support/helpers.php(388): Illuminate/Encryption/EncryptionServiceProvider->Illuminate/Encryption/{closure}()
#1 G:/Projects/customer-management/vendor/laravel/framework/src/Illuminate/Encryption/EncryptionServiceProvider.php(81): tap()
#2 G:/Projects/customer-management/vendor/laravel/framework/src/Illuminate/Encryption/EncryptionServiceProvider.php(64): Illuminate/Encryption/EncryptionServiceProvider->key()
#3 G:/Projects/customer-management/vendor/laravel/framework/src/Illuminate/Encryption/EncryptionServiceProvider.php(32): Illuminate/Encryption/EncryptionServiceProvider->parseKey()
#4 G:/Projects/customer-management/vendor/laravel/framework/src/Illuminate/Container/Container.php(1115): Illuminate/Encryption/EncryptionServiceProvider->Illuminate/Encryption/{closure}()
#5 G:/Projects/customer-management/vendor/laravel/framework/src/Illuminate/Container/Container.php(933): Illuminate/Container/Container->build()
#6 G:/Projects/customer-management/vendor/laravel/framework/src/Illuminate/Foundation/Application.php(1078): Illuminate/Container/Container->resolve()
#7 G:/Projects/customer-management/vendor/laravel/framework/src/Illuminate/Container/Container.php(864): Illuminate/Foundation/Application->resolve()
#8 G:/Projects/customer-management/vendor/laravel/framework/src/Illuminate/Foundation/Application.php(1058): Illuminate/Container/Container->make()
#9 G:/Projects/customer-management/vendor/laravel/framework/src/Illuminate/Container/Container.php(1336): Illuminate/Foundation/Application->make()
#10 G:/Projects/customer-management/vendor/laravel/framework/src/Illuminate/Container/Container.php(1237): Illuminate/Container/Container->resolveClass()
#11 G:/Projects/customer-management/vendor/laravel/framework/src/Illuminate/Container/Container.php(1162): Illuminate/Container/Container->resolveDependencies()
#12 G:/Projects/customer-management/vendor/laravel/framework/src/Illuminate/Container/Container.php(933): Illuminate/Container/Container->build()
#13 G:/Projects/customer-management/vendor/laravel/framework/src/Illuminate/Foundation/Application.php(1078): Illuminate/Container/Container->resolve()
#14 G:/Projects/customer-management/vendor/laravel/framework/src/Illuminate/Container/Container.php(864): Illuminate/Foundation/Application->resolve()
#15 G:/Projects/customer-management/vendor/laravel/framework/src/Illuminate/Foundation/Application.php(1058): Illuminate/Container/Container->make()
#16 G:/Projects/customer-management/vendor/laravel/framework/src/Illuminate/Pipeline/Pipeline.php(208): Illuminate/Foundation/Application->make()
#17 G:/Projects/customer-management/vendor/laravel/framework/src/Illuminate/Pipeline/Pipeline.php(137): Illuminate/Pipeline/Pipeline->Illuminate/Pipeline/{closure}()
#18 G:/Projects/customer-management/vendor/laravel/framework/src/Illuminate/Routing/Router.php(821): Illuminate/Pipeline/Pipeline->then()
#19 G:/Projects/customer-management/vendor/laravel/framework/src/Illuminate/Routing/Router.php(800): Illuminate/Routing/Router->runRouteWithinStack()
#20 G:/Projects/customer-management/vendor/laravel/framework/src/Illuminate/Routing/Router.php(764): Illuminate/Routing/Router->runRoute()
#21 G:/Projects/customer-management/vendor/laravel/framework/src/Illuminate/Routing/Router.php(753): Illuminate/Routing/Router->dispatchToRoute()
#22 G:/Projects/customer-management/vendor/laravel/framework/src/Illuminate/Foundation/Http/Kernel.php(200): Illuminate/Routing/Router->dispatch()
#23 G:/Projects/customer-management/vendor/laravel/framework/src/Illuminate/Pipeline/Pipeline.php(180): Illuminate/Foundation/Http/Kernel->Illuminate/Foundation/Http/{closure}()
#24 G:/Projects/customer-management/vendor/laravel/framework/src/Illuminate/Foundation/Http/Middleware/TransformsRequest.php(21): Illuminate/Pipeline/Pipeline->Illuminate/Pipeline/{closure}()
#25 G:/Projects/customer-management/vendor/laravel/framework/src/Illuminate/Foundation/Http/Middleware/ConvertEmptyStringsToNull.php(31): Illuminate/Foundation/Http/Middleware/TransformsRequest->handle()
#26 G:/Projects/customer-management/vendor/laravel/framework/src/Illuminate/Pipeline/Pipeline.php(219): Illuminate/Foundation/Http/Middleware/ConvertEmptyStringsToNull->handle()
#27 G:/Projects/customer-management/vendor/laravel/framework/src/Illuminate/Foundation/Http/Middleware/TransformsRequest.php(21): Illuminate/Pipeline/Pipeline->Illuminate/Pipeline/{closure}()
#28 G:/Projects/customer-management/vendor/laravel/framework/src/Illuminate/Foundation/Http/Middleware/TrimStrings.php(51): Illuminate/Foundation/Http/Middleware/TransformsRequest->handle()
#29 G:/Projects/customer-management/vendor/laravel/framework/src/Illuminate/Pipeline/Pipeline.php(219): Illuminate/Foundation/Http/Middleware/TrimStrings->handle()
#30 G:/Projects/customer-management/vendor/laravel/framework/src/Illuminate/Http/Middleware/ValidatePostSize.php(27): Illuminate/Pipeline/Pipeline->Illuminate/Pipeline/{closure}()
#31 G:/Projects/customer-management/vendor/laravel/framework/src/Illuminate/Pipeline/Pipeline.php(219): Illuminate/Http/Middleware/ValidatePostSize->handle()
#32 G:/Projects/customer-management/vendor/laravel/framework/src/Illuminate/Foundation/Http/Middleware/PreventRequestsDuringMaintenance.php(109): Illuminate/Pipeline/Pipeline->Illuminate/Pipeline/{closure}()
#33 G:/Projects/customer-management/vendor/laravel/framework/src/Illuminate/Pipeline/Pipeline.php(219): Illuminate/Foundation/Http/Middleware/PreventRequestsDuringMaintenance->handle()
#34 G:/Projects/customer-management/vendor/laravel/framework/src/Illuminate/Http/Middleware/HandleCors.php(61): Illuminate/Pipeline/Pipeline->Illuminate/Pipeline/{closure}()
#35 G:/Projects/customer-management/vendor/laravel/framework/src/Illuminate/Pipeline/Pipeline.php(219): Illuminate/Http/Middleware/HandleCors->handle()
#36 G:/Projects/customer-management/vendor/laravel/framework/src/Illuminate/Http/Middleware/TrustProxies.php(58): Illuminate/Pipeline/Pipeline->Illuminate/Pipeline/{closure}()
#37 G:/Projects/customer-management/vendor/laravel/framework/src/Illuminate/Pipeline/Pipeline.php(219): Illuminate/Http/Middleware/TrustProxies->handle()
#38 G:/Projects/customer-management/vendor/laravel/framework/src/Illuminate/Foundation/Http/Middleware/InvokeDeferredCallbacks.php(22): Illuminate/Pipeline/Pipeline->Illuminate/Pipeline/{closure}()
#39 G:/Projects/customer-management/vendor/laravel/framework/src/Illuminate/Pipeline/Pipeline.php(219): Illuminate/Foundation/Http/Middleware/InvokeDeferredCallbacks->handle()
#40 G:/Projects/customer-management/vendor/laravel/framework/src/Illuminate/Http/Middleware/ValidatePathEncoding.php(26): Illuminate/Pipeline/Pipeline->Illuminate/Pipeline/{closure}()
#41 G:/Projects/customer-management/vendor/laravel/framework/src/Illuminate/Pipeline/Pipeline.php(219): Illuminate/Http/Middleware/ValidatePathEncoding->handle()
#42 G:/Projects/customer-management/vendor/laravel/framework/src/Illuminate/Pipeline/Pipeline.php(137): Illuminate/Pipeline/Pipeline->Illuminate/Pipeline/{closure}()
#43 G:/Projects/customer-management/vendor/laravel/framework/src/Illuminate/Foundation/Http/Kernel.php(175): Illuminate/Pipeline/Pipeline->then()
#44 G:/Projects/customer-management/vendor/laravel/framework/src/Illuminate/Foundation/Http/Kernel.php(144): Illuminate/Foundation/Http/Kernel->sendRequestThroughRouter()
#45 G:/Projects/customer-management/vendor/laravel/framework/src/Illuminate/Foundation/Application.php(1220): Illuminate/Foundation/Http/Kernel->handle()
#46 G:/Projects/customer-management/public/index.php(20): Illuminate/Foundation/Application->handleRequest()
#47 G:/Projects/customer-management/vendor/laravel/framework/src/Illuminate/Foundation/resources/server.php(23): require_once('...')
#48 {main}
"} 
[2026-02-11 01:23:25] local.ERROR: No application encryption key has been specified. {"exception":"[object] (Illuminate\\Encryption\\MissingAppKeyException(code: 0): No application encryption key has been specified. at G:/Projects/customer-management/vendor/laravel/framework/src/Illuminate/Encryption/EncryptionServiceProvider.php:83)
[stacktrace]
#0 G:/Projects/customer-management/vendor/laravel/framework/src/Illuminate/Support/helpers.php(388): Illuminate/Encryption/EncryptionServiceProvider->Illuminate/Encryption/{closure}()
#1 G:/Projects/customer-management/vendor/laravel/framework/src/Illuminate/Encryption/EncryptionServiceProvider.php(81): tap()
#2 G:/Projects/customer-management/vendor/laravel/framework/src/Illuminate/Encryption/EncryptionServiceProvider.php(64): Illuminate/Encryption/EncryptionServiceProvider->key()
#3 G:/Projects/customer-management/vendor/laravel/framework/src/Illuminate/Encryption/EncryptionServiceProvider.php(32): Illuminate/Encryption/EncryptionServiceProvider->parseKey()
#4 G:/Projects/customer-management/vendor/laravel/framework/src/Illuminate/Container/Container.php(1115): Illuminate/Encryption/EncryptionServiceProvider->Illuminate/Encryption/{closure}()
#5 G:/Projects/customer-management/vendor/laravel/framework/src/Illuminate/Container/Container.php(933): Illuminate/Container/Container->build()
#6 G:/Projects/customer-management/vendor/laravel/framework/src/Illuminate/Foundation/Application.php(1078): Illuminate/Container/Container->resolve()
#7 G:/Projects/customer-management/vendor/laravel/framework/src/Illuminate/Container/Container.php(864): Illuminate/Foundation/Application->resolve()
#8 G:/Projects/customer-management/vendor/laravel/framework/src/Illuminate/Foundation/Application.php(1058): Illuminate/Container/Container->make()
#9 G:/Projects/customer-management/vendor/laravel/framework/src/Illuminate/Container/Container.php(1336): Illuminate/Foundation/Application->make()
#10 G:/Projects/customer-management/vendor/laravel/framework/src/Illuminate/Container/Container.php(1237): Illuminate/Container/Container->resolveClass()
#11 G:/Projects/customer-management/vendor/laravel/framework/src/Illuminate/Container/Container.php(1162): Illuminate/Container/Container->resolveDependencies()
#12 G:/Projects/customer-management/vendor/laravel/framework/src/Illuminate/Container/Container.php(933): Illuminate/Container/Container->build()
#13 G:/Projects/customer-management/vendor/laravel/framework/src/Illuminate/Foundation/Application.php(1078): Illuminate/Container/Container->resolve()
#14 G:/Projects/customer-management/vendor/laravel/framework/src/Illuminate/Container/Container.php(864): Illuminate/Foundation/Application->resolve()
#15 G:/Projects/customer-management/vendor/laravel/framework/src/Illuminate/Foundation/Application.php(1058): Illuminate/Container/Container->make()
#16 G:/Projects/customer-management/vendor/laravel/framework/src/Illuminate/Foundation/Http/Kernel.php(257): Illuminate/Foundation/Application->make()
#17 G:/Projects/customer-management/vendor/laravel/framework/src/Illuminate/Foundation/Http/Kernel.php(215): Illuminate/Foundation/Http/Kernel->terminateMiddleware()
#18 G:/Projects/customer-management/vendor/laravel/framework/src/Illuminate/Foundation/Application.php(1222): Illuminate/Foundation/Http/Kernel->terminate()
#19 G:/Projects/customer-management/public/index.php(20): Illuminate/Foundation/Application->handleRequest()
#20 G:/Projects/customer-management/vendor/laravel/framework/src/Illuminate/Foundation/resources/server.php(23): require_once('...')
#21 {main}
"} 
[2026-02-11 01:27:42] local.ERROR: rename(G:\Projects\customer-management\bootstrap\cache\pac33F7.tmp,G:\Projects\customer-management\bootstrap\cache\packages.php): Access is denied (code: 5) {"exception":"[object] (ErrorException(code: 0): rename(G:\\Projects\\customer-management\\bootstrap\\cache\\pac33F7.tmp,G:\\Projects\\customer-management\\bootstrap\\cache\\packages.php): Access is denied (code: 5) at G:/Projects/customer-management/vendor/laravel/framework/src/Illuminate/Filesystem/Filesystem.php:233)
[stacktrace]
#0 G:/Projects/customer-management/vendor/laravel/framework/src/Illuminate/Foundation/Bootstrap/HandleExceptions.php(258): Illuminate/Foundation/Bootstrap/HandleExceptions->handleError()
#1 [internal function]: Illuminate/Foundation/Bootstrap/HandleExceptions->Illuminate/Foundation/Bootstrap/{closure}()
#2 G:/Projects/customer-management/vendor/laravel/framework/src/Illuminate/Filesystem/Filesystem.php(233): rename()
#3 G:/Projects/customer-management/vendor/laravel/framework/src/Illuminate/Foundation/PackageManifest.php(182): Illuminate/Filesystem/Filesystem->replace()
#4 G:/Projects/customer-management/vendor/laravel/framework/src/Illuminate/Foundation/PackageManifest.php(132): Illuminate/Foundation/PackageManifest->write()
#5 G:/Projects/customer-management/vendor/laravel/framework/src/Illuminate/Foundation/Console/PackageDiscoverCommand.php(37): Illuminate/Foundation/PackageManifest->build()
#6 G:/Projects/customer-management/vendor/laravel/framework/src/Illuminate/Container/BoundMethod.php(36): Illuminate/Foundation/Console/PackageDiscoverCommand->handle()
#7 G:/Projects/customer-management/vendor/laravel/framework/src/Illuminate/Container/Util.php(43): Illuminate/Container/BoundMethod::Illuminate/Container/{closure}()
#8 G:/Projects/customer-management/vendor/laravel/framework/src/Illuminate/Container/BoundMethod.php(96): Illuminate/Container/Util::unwrapIfClosure()
#9 G:/Projects/customer-management/vendor/laravel/framework/src/Illuminate/Container/BoundMethod.php(35): Illuminate/Container/BoundMethod::callBoundMethod()
#10 G:/Projects/customer-management/vendor/laravel/framework/src/Illuminate/Container/Container.php(799): Illuminate/Container/BoundMethod::call()
#11 G:/Projects/customer-management/vendor/laravel/framework/src/Illuminate/Console/Command.php(211): Illuminate/Container/Container->call()
#12 G:/Projects/customer-management/vendor/symfony/console/Command/Command.php(341): Illuminate/Console/Command->execute()
#13 G:/Projects/customer-management/vendor/laravel/framework/src/Illuminate/Console/Command.php(180): Symfony/Component/Console/Command/Command->run()
#14 G:/Projects/customer-management/vendor/symfony/console/Application.php(1102): Illuminate/Console/Command->run()
#15 G:/Projects/customer-management/vendor/symfony/console/Application.php(356): Symfony/Component/Console/Application->doRunCommand()
#16 G:/Projects/customer-management/vendor/symfony/console/Application.php(195): Symfony/Component/Console/Application->doRun()
#17 G:/Projects/customer-management/vendor/laravel/framework/src/Illuminate/Foundation/Console/Kernel.php(198): Symfony/Component/Console/Application->run()
#18 G:/Projects/customer-management/vendor/laravel/framework/src/Illuminate/Foundation/Application.php(1235): Illuminate/Foundation/Console/Kernel->handle()
#19 G:/Projects/customer-management/artisan(16): Illuminate/Foundation/Application->handleCommand()
#20 {main}
"} 
[2026-02-11 01:39:51] local.ERROR: The "--seedphp" option does not exist. {"exception":"[object] (Symfony\\Component\\Console\\Exception\\RuntimeException(code: 0): The \"--seedphp\" option does not exist. at G:/Projects/customer-management/vendor/symfony/console/Input/ArgvInput.php:226)
[stacktrace]
#0 G:/Projects/customer-management/vendor/symfony/console/Input/ArgvInput.php(155): Symfony/Component/Console/Input/ArgvInput->addLongOption()
#1 G:/Projects/customer-management/vendor/symfony/console/Input/ArgvInput.php(88): Symfony/Component/Console/Input/ArgvInput->parseLongOption()
#2 G:/Projects/customer-management/vendor/symfony/console/Input/ArgvInput.php(77): Symfony/Component/Console/Input/ArgvInput->parseToken()
#3 G:/Projects/customer-management/vendor/symfony/console/Input/Input.php(53): Symfony/Component/Console/Input/ArgvInput->parse()
#4 G:/Projects/customer-management/vendor/symfony/console/Command/Command.php(295): Symfony/Component/Console/Input/Input->bind()
#5 G:/Projects/customer-management/vendor/laravel/framework/src/Illuminate/Console/Command.php(180): Symfony/Component/Console/Command/Command->run()
#6 G:/Projects/customer-management/vendor/symfony/console/Application.php(1102): Illuminate/Console/Command->run()
#7 G:/Projects/customer-management/vendor/symfony/console/Application.php(356): Symfony/Component/Console/Application->doRunCommand()
#8 G:/Projects/customer-management/vendor/symfony/console/Application.php(195): Symfony/Component/Console/Application->doRun()
#9 G:/Projects/customer-management/vendor/laravel/framework/src/Illuminate/Foundation/Console/Kernel.php(198): Symfony/Component/Console/Application->run()
#10 G:/Projects/customer-management/vendor/laravel/framework/src/Illuminate/Foundation/Application.php(1235): Illuminate/Foundation/Console/Kernel->handle()
#11 G:/Projects/customer-management/artisan(16): Illuminate/Foundation/Application->handleCommand()
#12 {main}
"} 
[2026-02-11 01:43:30] local.ERROR: Required @OA\PathItem() not found {"exception":"[object] (ErrorException(code: 0): Required @OA\\PathItem() not found at G:/Projects/customer-management/vendor/zircote/swagger-php/src/Loggers/DefaultLogger.php:23)
[stacktrace]
#0 G:/Projects/customer-management/vendor/laravel/framework/src/Illuminate/Foundation/Bootstrap/HandleExceptions.php(258): Illuminate/Foundation/Bootstrap/HandleExceptions->handleError()
#1 [internal function]: Illuminate/Foundation/Bootstrap/HandleExceptions->Illuminate/Foundation/Bootstrap/{closure}()
#2 G:/Projects/customer-management/vendor/zircote/swagger-php/src/Loggers/DefaultLogger.php(23): trigger_error()
#3 G:/Projects/customer-management/vendor/psr/log/src/LoggerTrait.php(61): OpenApi/Loggers/DefaultLogger->log()
#4 G:/Projects/customer-management/vendor/zircote/swagger-php/src/Annotations/OpenApi.php(178): Psr/Log/AbstractLogger->warning()
#5 G:/Projects/customer-management/vendor/zircote/swagger-php/src/Analysis.php(392): OpenApi/Annotations/OpenApi->validate()
#6 G:/Projects/customer-management/vendor/zircote/swagger-php/src/Generator.php(408): OpenApi/Analysis->validate()
#7 G:/Projects/customer-management/vendor/darkaonline/l5-swagger/src/Generator.php(177): OpenApi/Generator->generate()
#8 G:/Projects/customer-management/vendor/darkaonline/l5-swagger/src/Generator.php(118): L5Swagger/Generator->scanFilesForDocumentation()
#9 G:/Projects/customer-management/vendor/darkaonline/l5-swagger/src/Console/GenerateDocsCommand.php(73): L5Swagger/Generator->generateDocs()
#10 G:/Projects/customer-management/vendor/darkaonline/l5-swagger/src/Console/GenerateDocsCommand.php(56): L5Swagger/Console/GenerateDocsCommand->generateDocumentation()
#11 G:/Projects/customer-management/vendor/laravel/framework/src/Illuminate/Container/BoundMethod.php(36): L5Swagger/Console/GenerateDocsCommand->handle()
#12 G:/Projects/customer-management/vendor/laravel/framework/src/Illuminate/Container/Util.php(43): Illuminate/Container/BoundMethod::Illuminate/Container/{closure}()
#13 G:/Projects/customer-management/vendor/laravel/framework/src/Illuminate/Container/BoundMethod.php(96): Illuminate/Container/Util::unwrapIfClosure()
#14 G:/Projects/customer-management/vendor/laravel/framework/src/Illuminate/Container/BoundMethod.php(35): Illuminate/Container/BoundMethod::callBoundMethod()
#15 G:/Projects/customer-management/vendor/laravel/framework/src/Illuminate/Container/Container.php(799): Illuminate/Container/BoundMethod::call()
#16 G:/Projects/customer-management/vendor/laravel/framework/src/Illuminate/Console/Command.php(211): Illuminate/Container/Container->call()
#17 G:/Projects/customer-management/vendor/symfony/console/Command/Command.php(341): Illuminate/Console/Command->execute()
#18 G:/Projects/customer-management/vendor/laravel/framework/src/Illuminate/Console/Command.php(180): Symfony/Component/Console/Command/Command->run()
#19 G:/Projects/customer-management/vendor/symfony/console/Application.php(1102): Illuminate/Console/Command->run()
#20 G:/Projects/customer-management/vendor/symfony/console/Application.php(356): Symfony/Component/Console/Application->doRunCommand()
#21 G:/Projects/customer-management/vendor/symfony/console/Application.php(195): Symfony/Component/Console/Application->doRun()
#22 G:/Projects/customer-management/vendor/laravel/framework/src/Illuminate/Foundation/Console/Kernel.php(198): Symfony/Component/Console/Application->run()
#23 G:/Projects/customer-management/vendor/laravel/framework/src/Illuminate/Foundation/Application.php(1235): Illuminate/Foundation/Console/Kernel->handle()
#24 G:/Projects/customer-management/artisan(16): Illuminate/Foundation/Application->handleCommand()
#25 {main}
"} 
[2026-02-11 01:43:34] local.ERROR: Required @OA\PathItem() not found {"exception":"[object] (ErrorException(code: 0): Required @OA\\PathItem() not found at G:/Projects/customer-management/vendor/zircote/swagger-php/src/Loggers/DefaultLogger.php:23)
[stacktrace]
#0 G:/Projects/customer-management/vendor/laravel/framework/src/Illuminate/Foundation/Bootstrap/HandleExceptions.php(258): Illuminate/Foundation/Bootstrap/HandleExceptions->handleError()
#1 [internal function]: Illuminate/Foundation/Bootstrap/HandleExceptions->Illuminate/Foundation/Bootstrap/{closure}()
#2 G:/Projects/customer-management/vendor/zircote/swagger-php/src/Loggers/DefaultLogger.php(23): trigger_error()
#3 G:/Projects/customer-management/vendor/psr/log/src/LoggerTrait.php(61): OpenApi/Loggers/DefaultLogger->log()
#4 G:/Projects/customer-management/vendor/zircote/swagger-php/src/Annotations/OpenApi.php(178): Psr/Log/AbstractLogger->warning()
#5 G:/Projects/customer-management/vendor/zircote/swagger-php/src/Analysis.php(392): OpenApi/Annotations/OpenApi->validate()
#6 G:/Projects/customer-management/vendor/zircote/swagger-php/src/Generator.php(408): OpenApi/Analysis->validate()
#7 G:/Projects/customer-management/vendor/darkaonline/l5-swagger/src/Generator.php(177): OpenApi/Generator->generate()
#8 G:/Projects/customer-management/vendor/darkaonline/l5-swagger/src/Generator.php(118): L5Swagger/Generator->scanFilesForDocumentation()
#9 G:/Projects/customer-management/vendor/darkaonline/l5-swagger/src/Console/GenerateDocsCommand.php(73): L5Swagger/Generator->generateDocs()
#10 G:/Projects/customer-management/vendor/darkaonline/l5-swagger/src/Console/GenerateDocsCommand.php(56): L5Swagger/Console/GenerateDocsCommand->generateDocumentation()
#11 G:/Projects/customer-management/vendor/laravel/framework/src/Illuminate/Container/BoundMethod.php(36): L5Swagger/Console/GenerateDocsCommand->handle()
#12 G:/Projects/customer-management/vendor/laravel/framework/src/Illuminate/Container/Util.php(43): Illuminate/Container/BoundMethod::Illuminate/Container/{closure}()
#13 G:/Projects/customer-management/vendor/laravel/framework/src/Illuminate/Container/BoundMethod.php(96): Illuminate/Container/Util::unwrapIfClosure()
#14 G:/Projects/customer-management/vendor/laravel/framework/src/Illuminate/Container/BoundMethod.php(35): Illuminate/Container/BoundMethod::callBoundMethod()
#15 G:/Projects/customer-management/vendor/laravel/framework/src/Illuminate/Container/Container.php(799): Illuminate/Container/BoundMethod::call()
#16 G:/Projects/customer-management/vendor/laravel/framework/src/Illuminate/Console/Command.php(211): Illuminate/Container/Container->call()
#17 G:/Projects/customer-management/vendor/symfony/console/Command/Command.php(341): Illuminate/Console/Command->execute()
#18 G:/Projects/customer-management/vendor/laravel/framework/src/Illuminate/Console/Command.php(180): Symfony/Component/Console/Command/Command->run()
#19 G:/Projects/customer-management/vendor/symfony/console/Application.php(1102): Illuminate/Console/Command->run()
#20 G:/Projects/customer-management/vendor/symfony/console/Application.php(356): Symfony/Component/Console/Application->doRunCommand()
#21 G:/Projects/customer-management/vendor/symfony/console/Application.php(195): Symfony/Component/Console/Application->doRun()
#22 G:/Projects/customer-management/vendor/laravel/framework/src/Illuminate/Foundation/Console/Kernel.php(198): Symfony/Component/Console/Application->run()
#23 G:/Projects/customer-management/vendor/laravel/framework/src/Illuminate/Foundation/Application.php(1235): Illuminate/Foundation/Console/Kernel->handle()
#24 G:/Projects/customer-management/artisan(16): Illuminate/Foundation/Application->handleCommand()
#25 {main}
"} 
[2026-02-11 01:48:46] local.ERROR: Target class [App\Http\Controllers\Api\AuthController] does not exist. {"exception":"[object] (Illuminate\\Contracts\\Container\\BindingResolutionException(code: 0): Target class [App\\Http\\Controllers\\Api\\AuthController] does not exist. at G:/Projects/customer-management/vendor/laravel/framework/src/Illuminate/Container/Container.php:1124)
[stacktrace]
#0 G:/Projects/customer-management/vendor/laravel/framework/src/Illuminate/Container/Container.php(933): Illuminate/Container/Container->build()
#1 G:/Projects/customer-management/vendor/laravel/framework/src/Illuminate/Foundation/Application.php(1078): Illuminate/Container/Container->resolve()
#2 G:/Projects/customer-management/vendor/laravel/framework/src/Illuminate/Container/Container.php(864): Illuminate/Foundation/Application->resolve()
#3 G:/Projects/customer-management/vendor/laravel/framework/src/Illuminate/Foundation/Application.php(1058): Illuminate/Container/Container->make()
#4 G:/Projects/customer-management/vendor/laravel/framework/src/Illuminate/Routing/Route.php(286): Illuminate/Foundation/Application->make()
#5 G:/Projects/customer-management/vendor/laravel/framework/src/Illuminate/Routing/Route.php(266): Illuminate/Routing/Route->getController()
#6 G:/Projects/customer-management/vendor/laravel/framework/src/Illuminate/Routing/Route.php(211): Illuminate/Routing/Route->runController()
#7 G:/Projects/customer-management/vendor/laravel/framework/src/Illuminate/Routing/Router.php(822): Illuminate/Routing/Route->run()
#8 G:/Projects/customer-management/vendor/laravel/framework/src/Illuminate/Pipeline/Pipeline.php(180): Illuminate/Routing/Router->Illuminate/Routing/{closure}()
#9 G:/Projects/customer-management/vendor/laravel/framework/src/Illuminate/Routing/Middleware/SubstituteBindings.php(50): Illuminate/Pipeline/Pipeline->Illuminate/Pipeline/{closure}()
#10 G:/Projects/customer-management/vendor/laravel/framework/src/Illuminate/Pipeline/Pipeline.php(219): Illuminate/Routing/Middleware/SubstituteBindings->handle()
#11 G:/Projects/customer-management/vendor/laravel/framework/src/Illuminate/Pipeline/Pipeline.php(137): Illuminate/Pipeline/Pipeline->Illuminate/Pipeline/{closure}()
#12 G:/Projects/customer-management/vendor/laravel/framework/src/Illuminate/Routing/Router.php(821): Illuminate/Pipeline/Pipeline->then()
#13 G:/Projects/customer-management/vendor/laravel/framework/src/Illuminate/Routing/Router.php(800): Illuminate/Routing/Router->runRouteWithinStack()
#14 G:/Projects/customer-management/vendor/laravel/framework/src/Illuminate/Routing/Router.php(764): Illuminate/Routing/Router->runRoute()
#15 G:/Projects/customer-management/vendor/laravel/framework/src/Illuminate/Routing/Router.php(753): Illuminate/Routing/Router->dispatchToRoute()
#16 G:/Projects/customer-management/vendor/laravel/framework/src/Illuminate/Foundation/Http/Kernel.php(200): Illuminate/Routing/Router->dispatch()
#17 G:/Projects/customer-management/vendor/laravel/framework/src/Illuminate/Pipeline/Pipeline.php(180): Illuminate/Foundation/Http/Kernel->Illuminate/Foundation/Http/{closure}()
#18 G:/Projects/customer-management/vendor/laravel/framework/src/Illuminate/Foundation/Http/Middleware/TransformsRequest.php(21): Illuminate/Pipeline/Pipeline->Illuminate/Pipeline/{closure}()
#19 G:/Projects/customer-management/vendor/laravel/framework/src/Illuminate/Foundation/Http/Middleware/ConvertEmptyStringsToNull.php(31): Illuminate/Foundation/Http/Middleware/TransformsRequest->handle()
#20 G:/Projects/customer-management/vendor/laravel/framework/src/Illuminate/Pipeline/Pipeline.php(219): Illuminate/Foundation/Http/Middleware/ConvertEmptyStringsToNull->handle()
#21 G:/Projects/customer-management/vendor/laravel/framework/src/Illuminate/Foundation/Http/Middleware/TransformsRequest.php(21): Illuminate/Pipeline/Pipeline->Illuminate/Pipeline/{closure}()
#22 G:/Projects/customer-management/vendor/laravel/framework/src/Illuminate/Foundation/Http/Middleware/TrimStrings.php(51): Illuminate/Foundation/Http/Middleware/TransformsRequest->handle()
#23 G:/Projects/customer-management/vendor/laravel/framework/src/Illuminate/Pipeline/Pipeline.php(219): Illuminate/Foundation/Http/Middleware/TrimStrings->handle()
#24 G:/Projects/customer-management/vendor/laravel/framework/src/Illuminate/Http/Middleware/ValidatePostSize.php(27): Illuminate/Pipeline/Pipeline->Illuminate/Pipeline/{closure}()
#25 G:/Projects/customer-management/vendor/laravel/framework/src/Illuminate/Pipeline/Pipeline.php(219): Illuminate/Http/Middleware/ValidatePostSize->handle()
#26 G:/Projects/customer-management/vendor/laravel/framework/src/Illuminate/Foundation/Http/Middleware/PreventRequestsDuringMaintenance.php(109): Illuminate/Pipeline/Pipeline->Illuminate/Pipeline/{closure}()
#27 G:/Projects/customer-management/vendor/laravel/framework/src/Illuminate/Pipeline/Pipeline.php(219): Illuminate/Foundation/Http/Middleware/PreventRequestsDuringMaintenance->handle()
#28 G:/Projects/customer-management/vendor/laravel/framework/src/Illuminate/Http/Middleware/HandleCors.php(74): Illuminate/Pipeline/Pipeline->Illuminate/Pipeline/{closure}()
#29 G:/Projects/customer-management/vendor/laravel/framework/src/Illuminate/Pipeline/Pipeline.php(219): Illuminate/Http/Middleware/HandleCors->handle()
#30 G:/Projects/customer-management/vendor/laravel/framework/src/Illuminate/Http/Middleware/TrustProxies.php(58): Illuminate/Pipeline/Pipeline->Illuminate/Pipeline/{closure}()
#31 G:/Projects/customer-management/vendor/laravel/framework/src/Illuminate/Pipeline/Pipeline.php(219): Illuminate/Http/Middleware/TrustProxies->handle()
#32 G:/Projects/customer-management/vendor/laravel/framework/src/Illuminate/Foundation/Http/Middleware/InvokeDeferredCallbacks.php(22): Illuminate/Pipeline/Pipeline->Illuminate/Pipeline/{closure}()
#33 G:/Projects/customer-management/vendor/laravel/framework/src/Illuminate/Pipeline/Pipeline.php(219): Illuminate/Foundation/Http/Middleware/InvokeDeferredCallbacks->handle()
#34 G:/Projects/customer-management/vendor/laravel/framework/src/Illuminate/Http/Middleware/ValidatePathEncoding.php(26): Illuminate/Pipeline/Pipeline->Illuminate/Pipeline/{closure}()
#35 G:/Projects/customer-management/vendor/laravel/framework/src/Illuminate/Pipeline/Pipeline.php(219): Illuminate/Http/Middleware/ValidatePathEncoding->handle()
#36 G:/Projects/customer-management/vendor/laravel/framework/src/Illuminate/Pipeline/Pipeline.php(137): Illuminate/Pipeline/Pipeline->Illuminate/Pipeline/{closure}()
#37 G:/Projects/customer-management/vendor/laravel/framework/src/Illuminate/Foundation/Http/Kernel.php(175): Illuminate/Pipeline/Pipeline->then()
#38 G:/Projects/customer-management/vendor/laravel/framework/src/Illuminate/Foundation/Http/Kernel.php(144): Illuminate/Foundation/Http/Kernel->sendRequestThroughRouter()
#39 G:/Projects/customer-management/vendor/laravel/framework/src/Illuminate/Foundation/Application.php(1220): Illuminate/Foundation/Http/Kernel->handle()
#40 G:/Projects/customer-management/public/index.php(20): Illuminate/Foundation/Application->handleRequest()
#41 G:/Projects/customer-management/vendor/laravel/framework/src/Illuminate/Foundation/resources/server.php(23): require_once('...')
#42 {main}

[previous exception] [object] (ReflectionException(code: -1): Class \"App\\Http\\Controllers\\Api\\AuthController\" does not exist at G:/Projects/customer-management/vendor/laravel/framework/src/Illuminate/Container/Container.php:1122)
[stacktrace]
#0 G:/Projects/customer-management/vendor/laravel/framework/src/Illuminate/Container/Container.php(1122): ReflectionClass->__construct()
#1 G:/Projects/customer-management/vendor/laravel/framework/src/Illuminate/Container/Container.php(933): Illuminate/Container/Container->build()
#2 G:/Projects/customer-management/vendor/laravel/framework/src/Illuminate/Foundation/Application.php(1078): Illuminate/Container/Container->resolve()
#3 G:/Projects/customer-management/vendor/laravel/framework/src/Illuminate/Container/Container.php(864): Illuminate/Foundation/Application->resolve()
#4 G:/Projects/customer-management/vendor/laravel/framework/src/Illuminate/Foundation/Application.php(1058): Illuminate/Container/Container->make()
#5 G:/Projects/customer-management/vendor/laravel/framework/src/Illuminate/Routing/Route.php(286): Illuminate/Foundation/Application->make()
#6 G:/Projects/customer-management/vendor/laravel/framework/src/Illuminate/Routing/Route.php(266): Illuminate/Routing/Route->getController()
#7 G:/Projects/customer-management/vendor/laravel/framework/src/Illuminate/Routing/Route.php(211): Illuminate/Routing/Route->runController()
#8 G:/Projects/customer-management/vendor/laravel/framework/src/Illuminate/Routing/Router.php(822): Illuminate/Routing/Route->run()
#9 G:/Projects/customer-management/vendor/laravel/framework/src/Illuminate/Pipeline/Pipeline.php(180): Illuminate/Routing/Router->Illuminate/Routing/{closure}()
#10 G:/Projects/customer-management/vendor/laravel/framework/src/Illuminate/Routing/Middleware/SubstituteBindings.php(50): Illuminate/Pipeline/Pipeline->Illuminate/Pipeline/{closure}()
#11 G:/Projects/customer-management/vendor/laravel/framework/src/Illuminate/Pipeline/Pipeline.php(219): Illuminate/Routing/Middleware/SubstituteBindings->handle()
#12 G:/Projects/customer-management/vendor/laravel/framework/src/Illuminate/Pipeline/Pipeline.php(137): Illuminate/Pipeline/Pipeline->Illuminate/Pipeline/{closure}()
#13 G:/Projects/customer-management/vendor/laravel/framework/src/Illuminate/Routing/Router.php(821): Illuminate/Pipeline/Pipeline->then()
#14 G:/Projects/customer-management/vendor/laravel/framework/src/Illuminate/Routing/Router.php(800): Illuminate/Routing/Router->runRouteWithinStack()
#15 G:/Projects/customer-management/vendor/laravel/framework/src/Illuminate/Routing/Router.php(764): Illuminate/Routing/Router->runRoute()
#16 G:/Projects/customer-management/vendor/laravel/framework/src/Illuminate/Routing/Router.php(753): Illuminate/Routing/Router->dispatchToRoute()
#17 G:/Projects/customer-management/vendor/laravel/framework/src/Illuminate/Foundation/Http/Kernel.php(200): Illuminate/Routing/Router->dispatch()
#18 G:/Projects/customer-management/vendor/laravel/framework/src/Illuminate/Pipeline/Pipeline.php(180): Illuminate/Foundation/Http/Kernel->Illuminate/Foundation/Http/{closure}()
#19 G:/Projects/customer-management/vendor/laravel/framework/src/Illuminate/Foundation/Http/Middleware/TransformsRequest.php(21): Illuminate/Pipeline/Pipeline->Illuminate/Pipeline/{closure}()
#20 G:/Projects/customer-management/vendor/laravel/framework/src/Illuminate/Foundation/Http/Middleware/ConvertEmptyStringsToNull.php(31): Illuminate/Foundation/Http/Middleware/TransformsRequest->handle()
#21 G:/Projects/customer-management/vendor/laravel/framework/src/Illuminate/Pipeline/Pipeline.php(219): Illuminate/Foundation/Http/Middleware/ConvertEmptyStringsToNull->handle()
#22 G:/Projects/customer-management/vendor/laravel/framework/src/Illuminate/Foundation/Http/Middleware/TransformsRequest.php(21): Illuminate/Pipeline/Pipeline->Illuminate/Pipeline/{closure}()
#23 G:/Projects/customer-management/vendor/laravel/framework/src/Illuminate/Foundation/Http/Middleware/TrimStrings.php(51): Illuminate/Foundation/Http/Middleware/TransformsRequest->handle()
#24 G:/Projects/customer-management/vendor/laravel/framework/src/Illuminate/Pipeline/Pipeline.php(219): Illuminate/Foundation/Http/Middleware/TrimStrings->handle()
#25 G:/Projects/customer-management/vendor/laravel/framework/src/Illuminate/Http/Middleware/ValidatePostSize.php(27): Illuminate/Pipeline/Pipeline->Illuminate/Pipeline/{closure}()
#26 G:/Projects/customer-management/vendor/laravel/framework/src/Illuminate/Pipeline/Pipeline.php(219): Illuminate/Http/Middleware/ValidatePostSize->handle()
#27 G:/Projects/customer-management/vendor/laravel/framework/src/Illuminate/Foundation/Http/Middleware/PreventRequestsDuringMaintenance.php(109): Illuminate/Pipeline/Pipeline->Illuminate/Pipeline/{closure}()
#28 G:/Projects/customer-management/vendor/laravel/framework/src/Illuminate/Pipeline/Pipeline.php(219): Illuminate/Foundation/Http/Middleware/PreventRequestsDuringMaintenance->handle()
#29 G:/Projects/customer-management/vendor/laravel/framework/src/Illuminate/Http/Middleware/HandleCors.php(74): Illuminate/Pipeline/Pipeline->Illuminate/Pipeline/{closure}()
#30 G:/Projects/customer-management/vendor/laravel/framework/src/Illuminate/Pipeline/Pipeline.php(219): Illuminate/Http/Middleware/HandleCors->handle()
#31 G:/Projects/customer-management/vendor/laravel/framework/src/Illuminate/Http/Middleware/TrustProxies.php(58): Illuminate/Pipeline/Pipeline->Illuminate/Pipeline/{closure}()
#32 G:/Projects/customer-management/vendor/laravel/framework/src/Illuminate/Pipeline/Pipeline.php(219): Illuminate/Http/Middleware/TrustProxies->handle()
#33 G:/Projects/customer-management/vendor/laravel/framework/src/Illuminate/Foundation/Http/Middleware/InvokeDeferredCallbacks.php(22): Illuminate/Pipeline/Pipeline->Illuminate/Pipeline/{closure}()
#34 G:/Projects/customer-management/vendor/laravel/framework/src/Illuminate/Pipeline/Pipeline.php(219): Illuminate/Foundation/Http/Middleware/InvokeDeferredCallbacks->handle()
#35 G:/Projects/customer-management/vendor/laravel/framework/src/Illuminate/Http/Middleware/ValidatePathEncoding.php(26): Illuminate/Pipeline/Pipeline->Illuminate/Pipeline/{closure}()
#36 G:/Projects/customer-management/vendor/laravel/framework/src/Illuminate/Pipeline/Pipeline.php(219): Illuminate/Http/Middleware/ValidatePathEncoding->handle()
#37 G:/Projects/customer-management/vendor/laravel/framework/src/Illuminate/Pipeline/Pipeline.php(137): Illuminate/Pipeline/Pipeline->Illuminate/Pipeline/{closure}()
#38 G:/Projects/customer-management/vendor/laravel/framework/src/Illuminate/Foundation/Http/Kernel.php(175): Illuminate/Pipeline/Pipeline->then()
#39 G:/Projects/customer-management/vendor/laravel/framework/src/Illuminate/Foundation/Http/Kernel.php(144): Illuminate/Foundation/Http/Kernel->sendRequestThroughRouter()
#40 G:/Projects/customer-management/vendor/laravel/framework/src/Illuminate/Foundation/Application.php(1220): Illuminate/Foundation/Http/Kernel->handle()
#41 G:/Projects/customer-management/public/index.php(20): Illuminate/Foundation/Application->handleRequest()
#42 G:/Projects/customer-management/vendor/laravel/framework/src/Illuminate/Foundation/resources/server.php(23): require_once('...')
#43 {main}
"} 
[2026-02-11 01:51:46] local.ERROR: Target class [App\Http\Controllers\Api\AuthController] does not exist. {"exception":"[object] (Illuminate\\Contracts\\Container\\BindingResolutionException(code: 0): Target class [App\\Http\\Controllers\\Api\\AuthController] does not exist. at G:/Projects/customer-management/vendor/laravel/framework/src/Illuminate/Container/Container.php:1124)
[stacktrace]
#0 G:/Projects/customer-management/vendor/laravel/framework/src/Illuminate/Container/Container.php(933): Illuminate/Container/Container->build()
#1 G:/Projects/customer-management/vendor/laravel/framework/src/Illuminate/Foundation/Application.php(1078): Illuminate/Container/Container->resolve()
#2 G:/Projects/customer-management/vendor/laravel/framework/src/Illuminate/Container/Container.php(864): Illuminate/Foundation/Application->resolve()
#3 G:/Projects/customer-management/vendor/laravel/framework/src/Illuminate/Foundation/Application.php(1058): Illuminate/Container/Container->make()
#4 G:/Projects/customer-management/vendor/laravel/framework/src/Illuminate/Routing/Route.php(286): Illuminate/Foundation/Application->make()
#5 G:/Projects/customer-management/vendor/laravel/framework/src/Illuminate/Routing/Route.php(266): Illuminate/Routing/Route->getController()
#6 G:/Projects/customer-management/vendor/laravel/framework/src/Illuminate/Routing/Route.php(211): Illuminate/Routing/Route->runController()
#7 G:/Projects/customer-management/vendor/laravel/framework/src/Illuminate/Routing/Router.php(822): Illuminate/Routing/Route->run()
#8 G:/Projects/customer-management/vendor/laravel/framework/src/Illuminate/Pipeline/Pipeline.php(180): Illuminate/Routing/Router->Illuminate/Routing/{closure}()
#9 G:/Projects/customer-management/vendor/laravel/framework/src/Illuminate/Routing/Middleware/SubstituteBindings.php(50): Illuminate/Pipeline/Pipeline->Illuminate/Pipeline/{closure}()
#10 G:/Projects/customer-management/vendor/laravel/framework/src/Illuminate/Pipeline/Pipeline.php(219): Illuminate/Routing/Middleware/SubstituteBindings->handle()
#11 G:/Projects/customer-management/vendor/laravel/framework/src/Illuminate/Pipeline/Pipeline.php(137): Illuminate/Pipeline/Pipeline->Illuminate/Pipeline/{closure}()
#12 G:/Projects/customer-management/vendor/laravel/framework/src/Illuminate/Routing/Router.php(821): Illuminate/Pipeline/Pipeline->then()
#13 G:/Projects/customer-management/vendor/laravel/framework/src/Illuminate/Routing/Router.php(800): Illuminate/Routing/Router->runRouteWithinStack()
#14 G:/Projects/customer-management/vendor/laravel/framework/src/Illuminate/Routing/Router.php(764): Illuminate/Routing/Router->runRoute()
#15 G:/Projects/customer-management/vendor/laravel/framework/src/Illuminate/Routing/Router.php(753): Illuminate/Routing/Router->dispatchToRoute()
#16 G:/Projects/customer-management/vendor/laravel/framework/src/Illuminate/Foundation/Http/Kernel.php(200): Illuminate/Routing/Router->dispatch()
#17 G:/Projects/customer-management/vendor/laravel/framework/src/Illuminate/Pipeline/Pipeline.php(180): Illuminate/Foundation/Http/Kernel->Illuminate/Foundation/Http/{closure}()
#18 G:/Projects/customer-management/vendor/laravel/framework/src/Illuminate/Foundation/Http/Middleware/TransformsRequest.php(21): Illuminate/Pipeline/Pipeline->Illuminate/Pipeline/{closure}()
#19 G:/Projects/customer-management/vendor/laravel/framework/src/Illuminate/Foundation/Http/Middleware/ConvertEmptyStringsToNull.php(31): Illuminate/Foundation/Http/Middleware/TransformsRequest->handle()
#20 G:/Projects/customer-management/vendor/laravel/framework/src/Illuminate/Pipeline/Pipeline.php(219): Illuminate/Foundation/Http/Middleware/ConvertEmptyStringsToNull->handle()
#21 G:/Projects/customer-management/vendor/laravel/framework/src/Illuminate/Foundation/Http/Middleware/TransformsRequest.php(21): Illuminate/Pipeline/Pipeline->Illuminate/Pipeline/{closure}()
#22 G:/Projects/customer-management/vendor/laravel/framework/src/Illuminate/Foundation/Http/Middleware/TrimStrings.php(51): Illuminate/Foundation/Http/Middleware/TransformsRequest->handle()
#23 G:/Projects/customer-management/vendor/laravel/framework/src/Illuminate/Pipeline/Pipeline.php(219): Illuminate/Foundation/Http/Middleware/TrimStrings->handle()
#24 G:/Projects/customer-management/vendor/laravel/framework/src/Illuminate/Http/Middleware/ValidatePostSize.php(27): Illuminate/Pipeline/Pipeline->Illuminate/Pipeline/{closure}()
#25 G:/Projects/customer-management/vendor/laravel/framework/src/Illuminate/Pipeline/Pipeline.php(219): Illuminate/Http/Middleware/ValidatePostSize->handle()
#26 G:/Projects/customer-management/vendor/laravel/framework/src/Illuminate/Foundation/Http/Middleware/PreventRequestsDuringMaintenance.php(109): Illuminate/Pipeline/Pipeline->Illuminate/Pipeline/{closure}()
#27 G:/Projects/customer-management/vendor/laravel/framework/src/Illuminate/Pipeline/Pipeline.php(219): Illuminate/Foundation/Http/Middleware/PreventRequestsDuringMaintenance->handle()
#28 G:/Projects/customer-management/vendor/laravel/framework/src/Illuminate/Http/Middleware/HandleCors.php(74): Illuminate/Pipeline/Pipeline->Illuminate/Pipeline/{closure}()
#29 G:/Projects/customer-management/vendor/laravel/framework/src/Illuminate/Pipeline/Pipeline.php(219): Illuminate/Http/Middleware/HandleCors->handle()
#30 G:/Projects/customer-management/vendor/laravel/framework/src/Illuminate/Http/Middleware/TrustProxies.php(58): Illuminate/Pipeline/Pipeline->Illuminate/Pipeline/{closure}()
#31 G:/Projects/customer-management/vendor/laravel/framework/src/Illuminate/Pipeline/Pipeline.php(219): Illuminate/Http/Middleware/TrustProxies->handle()
#32 G:/Projects/customer-management/vendor/laravel/framework/src/Illuminate/Foundation/Http/Middleware/InvokeDeferredCallbacks.php(22): Illuminate/Pipeline/Pipeline->Illuminate/Pipeline/{closure}()
#33 G:/Projects/customer-management/vendor/laravel/framework/src/Illuminate/Pipeline/Pipeline.php(219): Illuminate/Foundation/Http/Middleware/InvokeDeferredCallbacks->handle()
#34 G:/Projects/customer-management/vendor/laravel/framework/src/Illuminate/Http/Middleware/ValidatePathEncoding.php(26): Illuminate/Pipeline/Pipeline->Illuminate/Pipeline/{closure}()
#35 G:/Projects/customer-management/vendor/laravel/framework/src/Illuminate/Pipeline/Pipeline.php(219): Illuminate/Http/Middleware/ValidatePathEncoding->handle()
#36 G:/Projects/customer-management/vendor/laravel/framework/src/Illuminate/Pipeline/Pipeline.php(137): Illuminate/Pipeline/Pipeline->Illuminate/Pipeline/{closure}()
#37 G:/Projects/customer-management/vendor/laravel/framework/src/Illuminate/Foundation/Http/Kernel.php(175): Illuminate/Pipeline/Pipeline->then()
#38 G:/Projects/customer-management/vendor/laravel/framework/src/Illuminate/Foundation/Http/Kernel.php(144): Illuminate/Foundation/Http/Kernel->sendRequestThroughRouter()
#39 G:/Projects/customer-management/vendor/laravel/framework/src/Illuminate/Foundation/Application.php(1220): Illuminate/Foundation/Http/Kernel->handle()
#40 G:/Projects/customer-management/public/index.php(20): Illuminate/Foundation/Application->handleRequest()
#41 G:/Projects/customer-management/vendor/laravel/framework/src/Illuminate/Foundation/resources/server.php(23): require_once('...')
#42 {main}

[previous exception] [object] (ReflectionException(code: -1): Class \"App\\Http\\Controllers\\Api\\AuthController\" does not exist at G:/Projects/customer-management/vendor/laravel/framework/src/Illuminate/Container/Container.php:1122)
[stacktrace]
#0 G:/Projects/customer-management/vendor/laravel/framework/src/Illuminate/Container/Container.php(1122): ReflectionClass->__construct()
#1 G:/Projects/customer-management/vendor/laravel/framework/src/Illuminate/Container/Container.php(933): Illuminate/Container/Container->build()
#2 G:/Projects/customer-management/vendor/laravel/framework/src/Illuminate/Foundation/Application.php(1078): Illuminate/Container/Container->resolve()
#3 G:/Projects/customer-management/vendor/laravel/framework/src/Illuminate/Container/Container.php(864): Illuminate/Foundation/Application->resolve()
#4 G:/Projects/customer-management/vendor/laravel/framework/src/Illuminate/Foundation/Application.php(1058): Illuminate/Container/Container->make()
#5 G:/Projects/customer-management/vendor/laravel/framework/src/Illuminate/Routing/Route.php(286): Illuminate/Foundation/Application->make()
#6 G:/Projects/customer-management/vendor/laravel/framework/src/Illuminate/Routing/Route.php(266): Illuminate/Routing/Route->getController()
#7 G:/Projects/customer-management/vendor/laravel/framework/src/Illuminate/Routing/Route.php(211): Illuminate/Routing/Route->runController()
#8 G:/Projects/customer-management/vendor/laravel/framework/src/Illuminate/Routing/Router.php(822): Illuminate/Routing/Route->run()
#9 G:/Projects/customer-management/vendor/laravel/framework/src/Illuminate/Pipeline/Pipeline.php(180): Illuminate/Routing/Router->Illuminate/Routing/{closure}()
#10 G:/Projects/customer-management/vendor/laravel/framework/src/Illuminate/Routing/Middleware/SubstituteBindings.php(50): Illuminate/Pipeline/Pipeline->Illuminate/Pipeline/{closure}()
#11 G:/Projects/customer-management/vendor/laravel/framework/src/Illuminate/Pipeline/Pipeline.php(219): Illuminate/Routing/Middleware/SubstituteBindings->handle()
#12 G:/Projects/customer-management/vendor/laravel/framework/src/Illuminate/Pipeline/Pipeline.php(137): Illuminate/Pipeline/Pipeline->Illuminate/Pipeline/{closure}()
#13 G:/Projects/customer-management/vendor/laravel/framework/src/Illuminate/Routing/Router.php(821): Illuminate/Pipeline/Pipeline->then()
#14 G:/Projects/customer-management/vendor/laravel/framework/src/Illuminate/Routing/Router.php(800): Illuminate/Routing/Router->runRouteWithinStack()
#15 G:/Projects/customer-management/vendor/laravel/framework/src/Illuminate/Routing/Router.php(764): Illuminate/Routing/Router->runRoute()
#16 G:/Projects/customer-management/vendor/laravel/framework/src/Illuminate/Routing/Router.php(753): Illuminate/Routing/Router->dispatchToRoute()
#17 G:/Projects/customer-management/vendor/laravel/framework/src/Illuminate/Foundation/Http/Kernel.php(200): Illuminate/Routing/Router->dispatch()
#18 G:/Projects/customer-management/vendor/laravel/framework/src/Illuminate/Pipeline/Pipeline.php(180): Illuminate/Foundation/Http/Kernel->Illuminate/Foundation/Http/{closure}()
#19 G:/Projects/customer-management/vendor/laravel/framework/src/Illuminate/Foundation/Http/Middleware/TransformsRequest.php(21): Illuminate/Pipeline/Pipeline->Illuminate/Pipeline/{closure}()
#20 G:/Projects/customer-management/vendor/laravel/framework/src/Illuminate/Foundation/Http/Middleware/ConvertEmptyStringsToNull.php(31): Illuminate/Foundation/Http/Middleware/TransformsRequest->handle()
#21 G:/Projects/customer-management/vendor/laravel/framework/src/Illuminate/Pipeline/Pipeline.php(219): Illuminate/Foundation/Http/Middleware/ConvertEmptyStringsToNull->handle()
#22 G:/Projects/customer-management/vendor/laravel/framework/src/Illuminate/Foundation/Http/Middleware/TransformsRequest.php(21): Illuminate/Pipeline/Pipeline->Illuminate/Pipeline/{closure}()
#23 G:/Projects/customer-management/vendor/laravel/framework/src/Illuminate/Foundation/Http/Middleware/TrimStrings.php(51): Illuminate/Foundation/Http/Middleware/TransformsRequest->handle()
#24 G:/Projects/customer-management/vendor/laravel/framework/src/Illuminate/Pipeline/Pipeline.php(219): Illuminate/Foundation/Http/Middleware/TrimStrings->handle()
#25 G:/Projects/customer-management/vendor/laravel/framework/src/Illuminate/Http/Middleware/ValidatePostSize.php(27): Illuminate/Pipeline/Pipeline->Illuminate/Pipeline/{closure}()
#26 G:/Projects/customer-management/vendor/laravel/framework/src/Illuminate/Pipeline/Pipeline.php(219): Illuminate/Http/Middleware/ValidatePostSize->handle()
#27 G:/Projects/customer-management/vendor/laravel/framework/src/Illuminate/Foundation/Http/Middleware/PreventRequestsDuringMaintenance.php(109): Illuminate/Pipeline/Pipeline->Illuminate/Pipeline/{closure}()
#28 G:/Projects/customer-management/vendor/laravel/framework/src/Illuminate/Pipeline/Pipeline.php(219): Illuminate/Foundation/Http/Middleware/PreventRequestsDuringMaintenance->handle()
#29 G:/Projects/customer-management/vendor/laravel/framework/src/Illuminate/Http/Middleware/HandleCors.php(74): Illuminate/Pipeline/Pipeline->Illuminate/Pipeline/{closure}()
#30 G:/Projects/customer-management/vendor/laravel/framework/src/Illuminate/Pipeline/Pipeline.php(219): Illuminate/Http/Middleware/HandleCors->handle()
#31 G:/Projects/customer-management/vendor/laravel/framework/src/Illuminate/Http/Middleware/TrustProxies.php(58): Illuminate/Pipeline/Pipeline->Illuminate/Pipeline/{closure}()
#32 G:/Projects/customer-management/vendor/laravel/framework/src/Illuminate/Pipeline/Pipeline.php(219): Illuminate/Http/Middleware/TrustProxies->handle()
#33 G:/Projects/customer-management/vendor/laravel/framework/src/Illuminate/Foundation/Http/Middleware/InvokeDeferredCallbacks.php(22): Illuminate/Pipeline/Pipeline->Illuminate/Pipeline/{closure}()
#34 G:/Projects/customer-management/vendor/laravel/framework/src/Illuminate/Pipeline/Pipeline.php(219): Illuminate/Foundation/Http/Middleware/InvokeDeferredCallbacks->handle()
#35 G:/Projects/customer-management/vendor/laravel/framework/src/Illuminate/Http/Middleware/ValidatePathEncoding.php(26): Illuminate/Pipeline/Pipeline->Illuminate/Pipeline/{closure}()
#36 G:/Projects/customer-management/vendor/laravel/framework/src/Illuminate/Pipeline/Pipeline.php(219): Illuminate/Http/Middleware/ValidatePathEncoding->handle()
#37 G:/Projects/customer-management/vendor/laravel/framework/src/Illuminate/Pipeline/Pipeline.php(137): Illuminate/Pipeline/Pipeline->Illuminate/Pipeline/{closure}()
#38 G:/Projects/customer-management/vendor/laravel/framework/src/Illuminate/Foundation/Http/Kernel.php(175): Illuminate/Pipeline/Pipeline->then()
#39 G:/Projects/customer-management/vendor/laravel/framework/src/Illuminate/Foundation/Http/Kernel.php(144): Illuminate/Foundation/Http/Kernel->sendRequestThroughRouter()
#40 G:/Projects/customer-management/vendor/laravel/framework/src/Illuminate/Foundation/Application.php(1220): Illuminate/Foundation/Http/Kernel->handle()
#41 G:/Projects/customer-management/public/index.php(20): Illuminate/Foundation/Application->handleRequest()
#42 G:/Projects/customer-management/vendor/laravel/framework/src/Illuminate/Foundation/resources/server.php(23): require_once('...')
#43 {main}
"} 
[2026-02-11 03:00:41] local.ERROR: Call to undefined method App\Models\User::isAdmin() {"userId":1,"exception":"[object] (BadMethodCallException(code: 0): Call to undefined method App\\Models\\User::isAdmin() at G:/Projects/customer-management/vendor/laravel/framework/src/Illuminate/Support/Traits/ForwardsCalls.php:67)
[stacktrace]
#0 G:/Projects/customer-management/vendor/laravel/framework/src/Illuminate/Support/Traits/ForwardsCalls.php(36): Illuminate/Database/Eloquent/Model::throwBadMethodCallException()
#1 G:/Projects/customer-management/vendor/laravel/framework/src/Illuminate/Database/Eloquent/Model.php(2540): Illuminate/Database/Eloquent/Model->forwardCallTo()
#2 G:/Projects/customer-management/app/Http/Middleware/AdminMiddleware.php(13): Illuminate/Database/Eloquent/Model->__call()
#3 G:/Projects/customer-management/vendor/laravel/framework/src/Illuminate/Pipeline/Pipeline.php(219): App/Http/Middleware/AdminMiddleware->handle()
#4 G:/Projects/customer-management/vendor/laravel/framework/src/Illuminate/Routing/Middleware/SubstituteBindings.php(50): Illuminate/Pipeline/Pipeline->Illuminate/Pipeline/{closure}()
#5 G:/Projects/customer-management/vendor/laravel/framework/src/Illuminate/Pipeline/Pipeline.php(219): Illuminate/Routing/Middleware/SubstituteBindings->handle()
#6 G:/Projects/customer-management/vendor/laravel/framework/src/Illuminate/Auth/Middleware/Authenticate.php(63): Illuminate/Pipeline/Pipeline->Illuminate/Pipeline/{closure}()
#7 G:/Projects/customer-management/vendor/laravel/framework/src/Illuminate/Pipeline/Pipeline.php(219): Illuminate/Auth/Middleware/Authenticate->handle()
#8 G:/Projects/customer-management/vendor/laravel/framework/src/Illuminate/Pipeline/Pipeline.php(137): Illuminate/Pipeline/Pipeline->Illuminate/Pipeline/{closure}()
#9 G:/Projects/customer-management/vendor/laravel/framework/src/Illuminate/Routing/Router.php(821): Illuminate/Pipeline/Pipeline->then()
#10 G:/Projects/customer-management/vendor/laravel/framework/src/Illuminate/Routing/Router.php(800): Illuminate/Routing/Router->runRouteWithinStack()
#11 G:/Projects/customer-management/vendor/laravel/framework/src/Illuminate/Routing/Router.php(764): Illuminate/Routing/Router->runRoute()
#12 G:/Projects/customer-management/vendor/laravel/framework/src/Illuminate/Routing/Router.php(753): Illuminate/Routing/Router->dispatchToRoute()
#13 G:/Projects/customer-management/vendor/laravel/framework/src/Illuminate/Foundation/Http/Kernel.php(200): Illuminate/Routing/Router->dispatch()
#14 G:/Projects/customer-management/vendor/laravel/framework/src/Illuminate/Pipeline/Pipeline.php(180): Illuminate/Foundation/Http/Kernel->Illuminate/Foundation/Http/{closure}()
#15 G:/Projects/customer-management/vendor/laravel/framework/src/Illuminate/Foundation/Http/Middleware/TransformsRequest.php(21): Illuminate/Pipeline/Pipeline->Illuminate/Pipeline/{closure}()
#16 G:/Projects/customer-management/vendor/laravel/framework/src/Illuminate/Foundation/Http/Middleware/ConvertEmptyStringsToNull.php(31): Illuminate/Foundation/Http/Middleware/TransformsRequest->handle()
#17 G:/Projects/customer-management/vendor/laravel/framework/src/Illuminate/Pipeline/Pipeline.php(219): Illuminate/Foundation/Http/Middleware/ConvertEmptyStringsToNull->handle()
#18 G:/Projects/customer-management/vendor/laravel/framework/src/Illuminate/Foundation/Http/Middleware/TransformsRequest.php(21): Illuminate/Pipeline/Pipeline->Illuminate/Pipeline/{closure}()
#19 G:/Projects/customer-management/vendor/laravel/framework/src/Illuminate/Foundation/Http/Middleware/TrimStrings.php(51): Illuminate/Foundation/Http/Middleware/TransformsRequest->handle()
#20 G:/Projects/customer-management/vendor/laravel/framework/src/Illuminate/Pipeline/Pipeline.php(219): Illuminate/Foundation/Http/Middleware/TrimStrings->handle()
#21 G:/Projects/customer-management/vendor/laravel/framework/src/Illuminate/Http/Middleware/ValidatePostSize.php(27): Illuminate/Pipeline/Pipeline->Illuminate/Pipeline/{closure}()
#22 G:/Projects/customer-management/vendor/laravel/framework/src/Illuminate/Pipeline/Pipeline.php(219): Illuminate/Http/Middleware/ValidatePostSize->handle()
#23 G:/Projects/customer-management/vendor/laravel/framework/src/Illuminate/Foundation/Http/Middleware/PreventRequestsDuringMaintenance.php(109): Illuminate/Pipeline/Pipeline->Illuminate/Pipeline/{closure}()
#24 G:/Projects/customer-management/vendor/laravel/framework/src/Illuminate/Pipeline/Pipeline.php(219): Illuminate/Foundation/Http/Middleware/PreventRequestsDuringMaintenance->handle()
#25 G:/Projects/customer-management/vendor/laravel/framework/src/Illuminate/Http/Middleware/HandleCors.php(74): Illuminate/Pipeline/Pipeline->Illuminate/Pipeline/{closure}()
#26 G:/Projects/customer-management/vendor/laravel/framework/src/Illuminate/Pipeline/Pipeline.php(219): Illuminate/Http/Middleware/HandleCors->handle()
#27 G:/Projects/customer-management/vendor/laravel/framework/src/Illuminate/Http/Middleware/TrustProxies.php(58): Illuminate/Pipeline/Pipeline->Illuminate/Pipeline/{closure}()
#28 G:/Projects/customer-management/vendor/laravel/framework/src/Illuminate/Pipeline/Pipeline.php(219): Illuminate/Http/Middleware/TrustProxies->handle()
#29 G:/Projects/customer-management/vendor/laravel/framework/src/Illuminate/Foundation/Http/Middleware/InvokeDeferredCallbacks.php(22): Illuminate/Pipeline/Pipeline->Illuminate/Pipeline/{closure}()
#30 G:/Projects/customer-management/vendor/laravel/framework/src/Illuminate/Pipeline/Pipeline.php(219): Illuminate/Foundation/Http/Middleware/InvokeDeferredCallbacks->handle()
#31 G:/Projects/customer-management/vendor/laravel/framework/src/Illuminate/Http/Middleware/ValidatePathEncoding.php(26): Illuminate/Pipeline/Pipeline->Illuminate/Pipeline/{closure}()
#32 G:/Projects/customer-management/vendor/laravel/framework/src/Illuminate/Pipeline/Pipeline.php(219): Illuminate/Http/Middleware/ValidatePathEncoding->handle()
#33 G:/Projects/customer-management/vendor/laravel/framework/src/Illuminate/Pipeline/Pipeline.php(137): Illuminate/Pipeline/Pipeline->Illuminate/Pipeline/{closure}()
#34 G:/Projects/customer-management/vendor/laravel/framework/src/Illuminate/Foundation/Http/Kernel.php(175): Illuminate/Pipeline/Pipeline->then()
#35 G:/Projects/customer-management/vendor/laravel/framework/src/Illuminate/Foundation/Http/Kernel.php(144): Illuminate/Foundation/Http/Kernel->sendRequestThroughRouter()
#36 G:/Projects/customer-management/vendor/laravel/framework/src/Illuminate/Foundation/Application.php(1220): Illuminate/Foundation/Http/Kernel->handle()
#37 G:/Projects/customer-management/public/index.php(20): Illuminate/Foundation/Application->handleRequest()
#38 G:/Projects/customer-management/vendor/laravel/framework/src/Illuminate/Foundation/resources/server.php(23): require_once('...')
#39 {main}
"} 
[2026-02-11 03:01:22] local.ERROR: Call to undefined method App\Models\User::isAdmin() {"userId":1,"exception":"[object] (BadMethodCallException(code: 0): Call to undefined method App\\Models\\User::isAdmin() at G:/Projects/customer-management/vendor/laravel/framework/src/Illuminate/Support/Traits/ForwardsCalls.php:67)
[stacktrace]
#0 G:/Projects/customer-management/vendor/laravel/framework/src/Illuminate/Support/Traits/ForwardsCalls.php(36): Illuminate/Database/Eloquent/Model::throwBadMethodCallException()
#1 G:/Projects/customer-management/vendor/laravel/framework/src/Illuminate/Database/Eloquent/Model.php(2540): Illuminate/Database/Eloquent/Model->forwardCallTo()
#2 G:/Projects/customer-management/app/Http/Controllers/Api/TransactionController.php(38): Illuminate/Database/Eloquent/Model->__call()
#3 G:/Projects/customer-management/vendor/laravel/framework/src/Illuminate/Routing/ControllerDispatcher.php(46): App/Http/Controllers/Api/TransactionController->index()
#4 G:/Projects/customer-management/vendor/laravel/framework/src/Illuminate/Routing/Route.php(265): Illuminate/Routing/ControllerDispatcher->dispatch()
#5 G:/Projects/customer-management/vendor/laravel/framework/src/Illuminate/Routing/Route.php(211): Illuminate/Routing/Route->runController()
#6 G:/Projects/customer-management/vendor/laravel/framework/src/Illuminate/Routing/Router.php(822): Illuminate/Routing/Route->run()
#7 G:/Projects/customer-management/vendor/laravel/framework/src/Illuminate/Pipeline/Pipeline.php(180): Illuminate/Routing/Router->Illuminate/Routing/{closure}()
#8 G:/Projects/customer-management/vendor/laravel/framework/src/Illuminate/Routing/Middleware/SubstituteBindings.php(50): Illuminate/Pipeline/Pipeline->Illuminate/Pipeline/{closure}()
#9 G:/Projects/customer-management/vendor/laravel/framework/src/Illuminate/Pipeline/Pipeline.php(219): Illuminate/Routing/Middleware/SubstituteBindings->handle()
#10 G:/Projects/customer-management/vendor/laravel/framework/src/Illuminate/Auth/Middleware/Authenticate.php(63): Illuminate/Pipeline/Pipeline->Illuminate/Pipeline/{closure}()
#11 G:/Projects/customer-management/vendor/laravel/framework/src/Illuminate/Pipeline/Pipeline.php(219): Illuminate/Auth/Middleware/Authenticate->handle()
#12 G:/Projects/customer-management/vendor/laravel/framework/src/Illuminate/Pipeline/Pipeline.php(137): Illuminate/Pipeline/Pipeline->Illuminate/Pipeline/{closure}()
#13 G:/Projects/customer-management/vendor/laravel/framework/src/Illuminate/Routing/Router.php(821): Illuminate/Pipeline/Pipeline->then()
#14 G:/Projects/customer-management/vendor/laravel/framework/src/Illuminate/Routing/Router.php(800): Illuminate/Routing/Router->runRouteWithinStack()
#15 G:/Projects/customer-management/vendor/laravel/framework/src/Illuminate/Routing/Router.php(764): Illuminate/Routing/Router->runRoute()
#16 G:/Projects/customer-management/vendor/laravel/framework/src/Illuminate/Routing/Router.php(753): Illuminate/Routing/Router->dispatchToRoute()
#17 G:/Projects/customer-management/vendor/laravel/framework/src/Illuminate/Foundation/Http/Kernel.php(200): Illuminate/Routing/Router->dispatch()
#18 G:/Projects/customer-management/vendor/laravel/framework/src/Illuminate/Pipeline/Pipeline.php(180): Illuminate/Foundation/Http/Kernel->Illuminate/Foundation/Http/{closure}()
#19 G:/Projects/customer-management/vendor/laravel/framework/src/Illuminate/Foundation/Http/Middleware/TransformsRequest.php(21): Illuminate/Pipeline/Pipeline->Illuminate/Pipeline/{closure}()
#20 G:/Projects/customer-management/vendor/laravel/framework/src/Illuminate/Foundation/Http/Middleware/ConvertEmptyStringsToNull.php(31): Illuminate/Foundation/Http/Middleware/TransformsRequest->handle()
#21 G:/Projects/customer-management/vendor/laravel/framework/src/Illuminate/Pipeline/Pipeline.php(219): Illuminate/Foundation/Http/Middleware/ConvertEmptyStringsToNull->handle()
#22 G:/Projects/customer-management/vendor/laravel/framework/src/Illuminate/Foundation/Http/Middleware/TransformsRequest.php(21): Illuminate/Pipeline/Pipeline->Illuminate/Pipeline/{closure}()
#23 G:/Projects/customer-management/vendor/laravel/framework/src/Illuminate/Foundation/Http/Middleware/TrimStrings.php(51): Illuminate/Foundation/Http/Middleware/TransformsRequest->handle()
#24 G:/Projects/customer-management/vendor/laravel/framework/src/Illuminate/Pipeline/Pipeline.php(219): Illuminate/Foundation/Http/Middleware/TrimStrings->handle()
#25 G:/Projects/customer-management/vendor/laravel/framework/src/Illuminate/Http/Middleware/ValidatePostSize.php(27): Illuminate/Pipeline/Pipeline->Illuminate/Pipeline/{closure}()
#26 G:/Projects/customer-management/vendor/laravel/framework/src/Illuminate/Pipeline/Pipeline.php(219): Illuminate/Http/Middleware/ValidatePostSize->handle()
#27 G:/Projects/customer-management/vendor/laravel/framework/src/Illuminate/Foundation/Http/Middleware/PreventRequestsDuringMaintenance.php(109): Illuminate/Pipeline/Pipeline->Illuminate/Pipeline/{closure}()
#28 G:/Projects/customer-management/vendor/laravel/framework/src/Illuminate/Pipeline/Pipeline.php(219): Illuminate/Foundation/Http/Middleware/PreventRequestsDuringMaintenance->handle()
#29 G:/Projects/customer-management/vendor/laravel/framework/src/Illuminate/Http/Middleware/HandleCors.php(74): Illuminate/Pipeline/Pipeline->Illuminate/Pipeline/{closure}()
#30 G:/Projects/customer-management/vendor/laravel/framework/src/Illuminate/Pipeline/Pipeline.php(219): Illuminate/Http/Middleware/HandleCors->handle()
#31 G:/Projects/customer-management/vendor/laravel/framework/src/Illuminate/Http/Middleware/TrustProxies.php(58): Illuminate/Pipeline/Pipeline->Illuminate/Pipeline/{closure}()
#32 G:/Projects/customer-management/vendor/laravel/framework/src/Illuminate/Pipeline/Pipeline.php(219): Illuminate/Http/Middleware/TrustProxies->handle()
#33 G:/Projects/customer-management/vendor/laravel/framework/src/Illuminate/Foundation/Http/Middleware/InvokeDeferredCallbacks.php(22): Illuminate/Pipeline/Pipeline->Illuminate/Pipeline/{closure}()
#34 G:/Projects/customer-management/vendor/laravel/framework/src/Illuminate/Pipeline/Pipeline.php(219): Illuminate/Foundation/Http/Middleware/InvokeDeferredCallbacks->handle()
#35 G:/Projects/customer-management/vendor/laravel/framework/src/Illuminate/Http/Middleware/ValidatePathEncoding.php(26): Illuminate/Pipeline/Pipeline->Illuminate/Pipeline/{closure}()
#36 G:/Projects/customer-management/vendor/laravel/framework/src/Illuminate/Pipeline/Pipeline.php(219): Illuminate/Http/Middleware/ValidatePathEncoding->handle()
#37 G:/Projects/customer-management/vendor/laravel/framework/src/Illuminate/Pipeline/Pipeline.php(137): Illuminate/Pipeline/Pipeline->Illuminate/Pipeline/{closure}()
#38 G:/Projects/customer-management/vendor/laravel/framework/src/Illuminate/Foundation/Http/Kernel.php(175): Illuminate/Pipeline/Pipeline->then()
#39 G:/Projects/customer-management/vendor/laravel/framework/src/Illuminate/Foundation/Http/Kernel.php(144): Illuminate/Foundation/Http/Kernel->sendRequestThroughRouter()
#40 G:/Projects/customer-management/vendor/laravel/framework/src/Illuminate/Foundation/Application.php(1220): Illuminate/Foundation/Http/Kernel->handle()
#41 G:/Projects/customer-management/public/index.php(20): Illuminate/Foundation/Application->handleRequest()
#42 G:/Projects/customer-management/vendor/laravel/framework/src/Illuminate/Foundation/resources/server.php(23): require_once('...')
#43 {main}
"} 
[2026-02-11 03:01:23] local.ERROR: Call to undefined method App\Models\User::isAdmin() {"userId":1,"exception":"[object] (BadMethodCallException(code: 0): Call to undefined method App\\Models\\User::isAdmin() at G:/Projects/customer-management/vendor/laravel/framework/src/Illuminate/Support/Traits/ForwardsCalls.php:67)
[stacktrace]
#0 G:/Projects/customer-management/vendor/laravel/framework/src/Illuminate/Support/Traits/ForwardsCalls.php(36): Illuminate/Database/Eloquent/Model::throwBadMethodCallException()
#1 G:/Projects/customer-management/vendor/laravel/framework/src/Illuminate/Database/Eloquent/Model.php(2540): Illuminate/Database/Eloquent/Model->forwardCallTo()
#2 G:/Projects/customer-management/app/Http/Controllers/Api/TransactionController.php(38): Illuminate/Database/Eloquent/Model->__call()
#3 G:/Projects/customer-management/vendor/laravel/framework/src/Illuminate/Routing/ControllerDispatcher.php(46): App/Http/Controllers/Api/TransactionController->index()
#4 G:/Projects/customer-management/vendor/laravel/framework/src/Illuminate/Routing/Route.php(265): Illuminate/Routing/ControllerDispatcher->dispatch()
#5 G:/Projects/customer-management/vendor/laravel/framework/src/Illuminate/Routing/Route.php(211): Illuminate/Routing/Route->runController()
#6 G:/Projects/customer-management/vendor/laravel/framework/src/Illuminate/Routing/Router.php(822): Illuminate/Routing/Route->run()
#7 G:/Projects/customer-management/vendor/laravel/framework/src/Illuminate/Pipeline/Pipeline.php(180): Illuminate/Routing/Router->Illuminate/Routing/{closure}()
#8 G:/Projects/customer-management/vendor/laravel/framework/src/Illuminate/Routing/Middleware/SubstituteBindings.php(50): Illuminate/Pipeline/Pipeline->Illuminate/Pipeline/{closure}()
#9 G:/Projects/customer-management/vendor/laravel/framework/src/Illuminate/Pipeline/Pipeline.php(219): Illuminate/Routing/Middleware/SubstituteBindings->handle()
#10 G:/Projects/customer-management/vendor/laravel/framework/src/Illuminate/Auth/Middleware/Authenticate.php(63): Illuminate/Pipeline/Pipeline->Illuminate/Pipeline/{closure}()
#11 G:/Projects/customer-management/vendor/laravel/framework/src/Illuminate/Pipeline/Pipeline.php(219): Illuminate/Auth/Middleware/Authenticate->handle()
#12 G:/Projects/customer-management/vendor/laravel/framework/src/Illuminate/Pipeline/Pipeline.php(137): Illuminate/Pipeline/Pipeline->Illuminate/Pipeline/{closure}()
#13 G:/Projects/customer-management/vendor/laravel/framework/src/Illuminate/Routing/Router.php(821): Illuminate/Pipeline/Pipeline->then()
#14 G:/Projects/customer-management/vendor/laravel/framework/src/Illuminate/Routing/Router.php(800): Illuminate/Routing/Router->runRouteWithinStack()
#15 G:/Projects/customer-management/vendor/laravel/framework/src/Illuminate/Routing/Router.php(764): Illuminate/Routing/Router->runRoute()
#16 G:/Projects/customer-management/vendor/laravel/framework/src/Illuminate/Routing/Router.php(753): Illuminate/Routing/Router->dispatchToRoute()
#17 G:/Projects/customer-management/vendor/laravel/framework/src/Illuminate/Foundation/Http/Kernel.php(200): Illuminate/Routing/Router->dispatch()
#18 G:/Projects/customer-management/vendor/laravel/framework/src/Illuminate/Pipeline/Pipeline.php(180): Illuminate/Foundation/Http/Kernel->Illuminate/Foundation/Http/{closure}()
#19 G:/Projects/customer-management/vendor/laravel/framework/src/Illuminate/Foundation/Http/Middleware/TransformsRequest.php(21): Illuminate/Pipeline/Pipeline->Illuminate/Pipeline/{closure}()
#20 G:/Projects/customer-management/vendor/laravel/framework/src/Illuminate/Foundation/Http/Middleware/ConvertEmptyStringsToNull.php(31): Illuminate/Foundation/Http/Middleware/TransformsRequest->handle()
#21 G:/Projects/customer-management/vendor/laravel/framework/src/Illuminate/Pipeline/Pipeline.php(219): Illuminate/Foundation/Http/Middleware/ConvertEmptyStringsToNull->handle()
#22 G:/Projects/customer-management/vendor/laravel/framework/src/Illuminate/Foundation/Http/Middleware/TransformsRequest.php(21): Illuminate/Pipeline/Pipeline->Illuminate/Pipeline/{closure}()
#23 G:/Projects/customer-management/vendor/laravel/framework/src/Illuminate/Foundation/Http/Middleware/TrimStrings.php(51): Illuminate/Foundation/Http/Middleware/TransformsRequest->handle()
#24 G:/Projects/customer-management/vendor/laravel/framework/src/Illuminate/Pipeline/Pipeline.php(219): Illuminate/Foundation/Http/Middleware/TrimStrings->handle()
#25 G:/Projects/customer-management/vendor/laravel/framework/src/Illuminate/Http/Middleware/ValidatePostSize.php(27): Illuminate/Pipeline/Pipeline->Illuminate/Pipeline/{closure}()
#26 G:/Projects/customer-management/vendor/laravel/framework/src/Illuminate/Pipeline/Pipeline.php(219): Illuminate/Http/Middleware/ValidatePostSize->handle()
#27 G:/Projects/customer-management/vendor/laravel/framework/src/Illuminate/Foundation/Http/Middleware/PreventRequestsDuringMaintenance.php(109): Illuminate/Pipeline/Pipeline->Illuminate/Pipeline/{closure}()
#28 G:/Projects/customer-management/vendor/laravel/framework/src/Illuminate/Pipeline/Pipeline.php(219): Illuminate/Foundation/Http/Middleware/PreventRequestsDuringMaintenance->handle()
#29 G:/Projects/customer-management/vendor/laravel/framework/src/Illuminate/Http/Middleware/HandleCors.php(74): Illuminate/Pipeline/Pipeline->Illuminate/Pipeline/{closure}()
#30 G:/Projects/customer-management/vendor/laravel/framework/src/Illuminate/Pipeline/Pipeline.php(219): Illuminate/Http/Middleware/HandleCors->handle()
#31 G:/Projects/customer-management/vendor/laravel/framework/src/Illuminate/Http/Middleware/TrustProxies.php(58): Illuminate/Pipeline/Pipeline->Illuminate/Pipeline/{closure}()
#32 G:/Projects/customer-management/vendor/laravel/framework/src/Illuminate/Pipeline/Pipeline.php(219): Illuminate/Http/Middleware/TrustProxies->handle()
#33 G:/Projects/customer-management/vendor/laravel/framework/src/Illuminate/Foundation/Http/Middleware/InvokeDeferredCallbacks.php(22): Illuminate/Pipeline/Pipeline->Illuminate/Pipeline/{closure}()
#34 G:/Projects/customer-management/vendor/laravel/framework/src/Illuminate/Pipeline/Pipeline.php(219): Illuminate/Foundation/Http/Middleware/InvokeDeferredCallbacks->handle()
#35 G:/Projects/customer-management/vendor/laravel/framework/src/Illuminate/Http/Middleware/ValidatePathEncoding.php(26): Illuminate/Pipeline/Pipeline->Illuminate/Pipeline/{closure}()
#36 G:/Projects/customer-management/vendor/laravel/framework/src/Illuminate/Pipeline/Pipeline.php(219): Illuminate/Http/Middleware/ValidatePathEncoding->handle()
#37 G:/Projects/customer-management/vendor/laravel/framework/src/Illuminate/Pipeline/Pipeline.php(137): Illuminate/Pipeline/Pipeline->Illuminate/Pipeline/{closure}()
#38 G:/Projects/customer-management/vendor/laravel/framework/src/Illuminate/Foundation/Http/Kernel.php(175): Illuminate/Pipeline/Pipeline->then()
#39 G:/Projects/customer-management/vendor/laravel/framework/src/Illuminate/Foundation/Http/Kernel.php(144): Illuminate/Foundation/Http/Kernel->sendRequestThroughRouter()
#40 G:/Projects/customer-management/vendor/laravel/framework/src/Illuminate/Foundation/Application.php(1220): Illuminate/Foundation/Http/Kernel->handle()
#41 G:/Projects/customer-management/public/index.php(20): Illuminate/Foundation/Application->handleRequest()
#42 G:/Projects/customer-management/vendor/laravel/framework/src/Illuminate/Foundation/resources/server.php(23): require_once('...')
#43 {main}
"} 
[2026-02-11 03:01:25] local.ERROR: Call to undefined method App\Models\User::isAdmin() {"userId":1,"exception":"[object] (BadMethodCallException(code: 0): Call to undefined method App\\Models\\User::isAdmin() at G:/Projects/customer-management/vendor/laravel/framework/src/Illuminate/Support/Traits/ForwardsCalls.php:67)
[stacktrace]
#0 G:/Projects/customer-management/vendor/laravel/framework/src/Illuminate/Support/Traits/ForwardsCalls.php(36): Illuminate/Database/Eloquent/Model::throwBadMethodCallException()
#1 G:/Projects/customer-management/vendor/laravel/framework/src/Illuminate/Database/Eloquent/Model.php(2540): Illuminate/Database/Eloquent/Model->forwardCallTo()
#2 G:/Projects/customer-management/app/Http/Controllers/Api/SettlementController.php(122): Illuminate/Database/Eloquent/Model->__call()
#3 G:/Projects/customer-management/vendor/laravel/framework/src/Illuminate/Routing/ControllerDispatcher.php(46): App/Http/Controllers/Api/SettlementController->getSettlementHistory()
#4 G:/Projects/customer-management/vendor/laravel/framework/src/Illuminate/Routing/Route.php(265): Illuminate/Routing/ControllerDispatcher->dispatch()
#5 G:/Projects/customer-management/vendor/laravel/framework/src/Illuminate/Routing/Route.php(211): Illuminate/Routing/Route->runController()
#6 G:/Projects/customer-management/vendor/laravel/framework/src/Illuminate/Routing/Router.php(822): Illuminate/Routing/Route->run()
#7 G:/Projects/customer-management/vendor/laravel/framework/src/Illuminate/Pipeline/Pipeline.php(180): Illuminate/Routing/Router->Illuminate/Routing/{closure}()
#8 G:/Projects/customer-management/vendor/laravel/framework/src/Illuminate/Routing/Middleware/SubstituteBindings.php(50): Illuminate/Pipeline/Pipeline->Illuminate/Pipeline/{closure}()
#9 G:/Projects/customer-management/vendor/laravel/framework/src/Illuminate/Pipeline/Pipeline.php(219): Illuminate/Routing/Middleware/SubstituteBindings->handle()
#10 G:/Projects/customer-management/vendor/laravel/framework/src/Illuminate/Auth/Middleware/Authenticate.php(63): Illuminate/Pipeline/Pipeline->Illuminate/Pipeline/{closure}()
#11 G:/Projects/customer-management/vendor/laravel/framework/src/Illuminate/Pipeline/Pipeline.php(219): Illuminate/Auth/Middleware/Authenticate->handle()
#12 G:/Projects/customer-management/vendor/laravel/framework/src/Illuminate/Pipeline/Pipeline.php(137): Illuminate/Pipeline/Pipeline->Illuminate/Pipeline/{closure}()
#13 G:/Projects/customer-management/vendor/laravel/framework/src/Illuminate/Routing/Router.php(821): Illuminate/Pipeline/Pipeline->then()
#14 G:/Projects/customer-management/vendor/laravel/framework/src/Illuminate/Routing/Router.php(800): Illuminate/Routing/Router->runRouteWithinStack()
#15 G:/Projects/customer-management/vendor/laravel/framework/src/Illuminate/Routing/Router.php(764): Illuminate/Routing/Router->runRoute()
#16 G:/Projects/customer-management/vendor/laravel/framework/src/Illuminate/Routing/Router.php(753): Illuminate/Routing/Router->dispatchToRoute()
#17 G:/Projects/customer-management/vendor/laravel/framework/src/Illuminate/Foundation/Http/Kernel.php(200): Illuminate/Routing/Router->dispatch()
#18 G:/Projects/customer-management/vendor/laravel/framework/src/Illuminate/Pipeline/Pipeline.php(180): Illuminate/Foundation/Http/Kernel->Illuminate/Foundation/Http/{closure}()
#19 G:/Projects/customer-management/vendor/laravel/framework/src/Illuminate/Foundation/Http/Middleware/TransformsRequest.php(21): Illuminate/Pipeline/Pipeline->Illuminate/Pipeline/{closure}()
#20 G:/Projects/customer-management/vendor/laravel/framework/src/Illuminate/Foundation/Http/Middleware/ConvertEmptyStringsToNull.php(31): Illuminate/Foundation/Http/Middleware/TransformsRequest->handle()
#21 G:/Projects/customer-management/vendor/laravel/framework/src/Illuminate/Pipeline/Pipeline.php(219): Illuminate/Foundation/Http/Middleware/ConvertEmptyStringsToNull->handle()
#22 G:/Projects/customer-management/vendor/laravel/framework/src/Illuminate/Foundation/Http/Middleware/TransformsRequest.php(21): Illuminate/Pipeline/Pipeline->Illuminate/Pipeline/{closure}()
#23 G:/Projects/customer-management/vendor/laravel/framework/src/Illuminate/Foundation/Http/Middleware/TrimStrings.php(51): Illuminate/Foundation/Http/Middleware/TransformsRequest->handle()
#24 G:/Projects/customer-management/vendor/laravel/framework/src/Illuminate/Pipeline/Pipeline.php(219): Illuminate/Foundation/Http/Middleware/TrimStrings->handle()
#25 G:/Projects/customer-management/vendor/laravel/framework/src/Illuminate/Http/Middleware/ValidatePostSize.php(27): Illuminate/Pipeline/Pipeline->Illuminate/Pipeline/{closure}()
#26 G:/Projects/customer-management/vendor/laravel/framework/src/Illuminate/Pipeline/Pipeline.php(219): Illuminate/Http/Middleware/ValidatePostSize->handle()
#27 G:/Projects/customer-management/vendor/laravel/framework/src/Illuminate/Foundation/Http/Middleware/PreventRequestsDuringMaintenance.php(109): Illuminate/Pipeline/Pipeline->Illuminate/Pipeline/{closure}()
#28 G:/Projects/customer-management/vendor/laravel/framework/src/Illuminate/Pipeline/Pipeline.php(219): Illuminate/Foundation/Http/Middleware/PreventRequestsDuringMaintenance->handle()
#29 G:/Projects/customer-management/vendor/laravel/framework/src/Illuminate/Http/Middleware/HandleCors.php(74): Illuminate/Pipeline/Pipeline->Illuminate/Pipeline/{closure}()
#30 G:/Projects/customer-management/vendor/laravel/framework/src/Illuminate/Pipeline/Pipeline.php(219): Illuminate/Http/Middleware/HandleCors->handle()
#31 G:/Projects/customer-management/vendor/laravel/framework/src/Illuminate/Http/Middleware/TrustProxies.php(58): Illuminate/Pipeline/Pipeline->Illuminate/Pipeline/{closure}()
#32 G:/Projects/customer-management/vendor/laravel/framework/src/Illuminate/Pipeline/Pipeline.php(219): Illuminate/Http/Middleware/TrustProxies->handle()
#33 G:/Projects/customer-management/vendor/laravel/framework/src/Illuminate/Foundation/Http/Middleware/InvokeDeferredCallbacks.php(22): Illuminate/Pipeline/Pipeline->Illuminate/Pipeline/{closure}()
#34 G:/Projects/customer-management/vendor/laravel/framework/src/Illuminate/Pipeline/Pipeline.php(219): Illuminate/Foundation/Http/Middleware/InvokeDeferredCallbacks->handle()
#35 G:/Projects/customer-management/vendor/laravel/framework/src/Illuminate/Http/Middleware/ValidatePathEncoding.php(26): Illuminate/Pipeline/Pipeline->Illuminate/Pipeline/{closure}()
#36 G:/Projects/customer-management/vendor/laravel/framework/src/Illuminate/Pipeline/Pipeline.php(219): Illuminate/Http/Middleware/ValidatePathEncoding->handle()
#37 G:/Projects/customer-management/vendor/laravel/framework/src/Illuminate/Pipeline/Pipeline.php(137): Illuminate/Pipeline/Pipeline->Illuminate/Pipeline/{closure}()
#38 G:/Projects/customer-management/vendor/laravel/framework/src/Illuminate/Foundation/Http/Kernel.php(175): Illuminate/Pipeline/Pipeline->then()
#39 G:/Projects/customer-management/vendor/laravel/framework/src/Illuminate/Foundation/Http/Kernel.php(144): Illuminate/Foundation/Http/Kernel->sendRequestThroughRouter()
#40 G:/Projects/customer-management/vendor/laravel/framework/src/Illuminate/Foundation/Application.php(1220): Illuminate/Foundation/Http/Kernel->handle()
#41 G:/Projects/customer-management/public/index.php(20): Illuminate/Foundation/Application->handleRequest()
#42 G:/Projects/customer-management/vendor/laravel/framework/src/Illuminate/Foundation/resources/server.php(23): require_once('...')
#43 {main}
"} 
[2026-02-11 03:01:25] local.ERROR: Call to undefined method App\Models\User::isAdmin() {"userId":1,"exception":"[object] (BadMethodCallException(code: 0): Call to undefined method App\\Models\\User::isAdmin() at G:/Projects/customer-management/vendor/laravel/framework/src/Illuminate/Support/Traits/ForwardsCalls.php:67)
[stacktrace]
#0 G:/Projects/customer-management/vendor/laravel/framework/src/Illuminate/Support/Traits/ForwardsCalls.php(36): Illuminate/Database/Eloquent/Model::throwBadMethodCallException()
#1 G:/Projects/customer-management/vendor/laravel/framework/src/Illuminate/Database/Eloquent/Model.php(2540): Illuminate/Database/Eloquent/Model->forwardCallTo()
#2 G:/Projects/customer-management/app/Http/Controllers/Api/SettlementController.php(122): Illuminate/Database/Eloquent/Model->__call()
#3 G:/Projects/customer-management/vendor/laravel/framework/src/Illuminate/Routing/ControllerDispatcher.php(46): App/Http/Controllers/Api/SettlementController->getSettlementHistory()
#4 G:/Projects/customer-management/vendor/laravel/framework/src/Illuminate/Routing/Route.php(265): Illuminate/Routing/ControllerDispatcher->dispatch()
#5 G:/Projects/customer-management/vendor/laravel/framework/src/Illuminate/Routing/Route.php(211): Illuminate/Routing/Route->runController()
#6 G:/Projects/customer-management/vendor/laravel/framework/src/Illuminate/Routing/Router.php(822): Illuminate/Routing/Route->run()
#7 G:/Projects/customer-management/vendor/laravel/framework/src/Illuminate/Pipeline/Pipeline.php(180): Illuminate/Routing/Router->Illuminate/Routing/{closure}()
#8 G:/Projects/customer-management/vendor/laravel/framework/src/Illuminate/Routing/Middleware/SubstituteBindings.php(50): Illuminate/Pipeline/Pipeline->Illuminate/Pipeline/{closure}()
#9 G:/Projects/customer-management/vendor/laravel/framework/src/Illuminate/Pipeline/Pipeline.php(219): Illuminate/Routing/Middleware/SubstituteBindings->handle()
#10 G:/Projects/customer-management/vendor/laravel/framework/src/Illuminate/Auth/Middleware/Authenticate.php(63): Illuminate/Pipeline/Pipeline->Illuminate/Pipeline/{closure}()
#11 G:/Projects/customer-management/vendor/laravel/framework/src/Illuminate/Pipeline/Pipeline.php(219): Illuminate/Auth/Middleware/Authenticate->handle()
#12 G:/Projects/customer-management/vendor/laravel/framework/src/Illuminate/Pipeline/Pipeline.php(137): Illuminate/Pipeline/Pipeline->Illuminate/Pipeline/{closure}()
#13 G:/Projects/customer-management/vendor/laravel/framework/src/Illuminate/Routing/Router.php(821): Illuminate/Pipeline/Pipeline->then()
#14 G:/Projects/customer-management/vendor/laravel/framework/src/Illuminate/Routing/Router.php(800): Illuminate/Routing/Router->runRouteWithinStack()
#15 G:/Projects/customer-management/vendor/laravel/framework/src/Illuminate/Routing/Router.php(764): Illuminate/Routing/Router->runRoute()
#16 G:/Projects/customer-management/vendor/laravel/framework/src/Illuminate/Routing/Router.php(753): Illuminate/Routing/Router->dispatchToRoute()
#17 G:/Projects/customer-management/vendor/laravel/framework/src/Illuminate/Foundation/Http/Kernel.php(200): Illuminate/Routing/Router->dispatch()
#18 G:/Projects/customer-management/vendor/laravel/framework/src/Illuminate/Pipeline/Pipeline.php(180): Illuminate/Foundation/Http/Kernel->Illuminate/Foundation/Http/{closure}()
#19 G:/Projects/customer-management/vendor/laravel/framework/src/Illuminate/Foundation/Http/Middleware/TransformsRequest.php(21): Illuminate/Pipeline/Pipeline->Illuminate/Pipeline/{closure}()
#20 G:/Projects/customer-management/vendor/laravel/framework/src/Illuminate/Foundation/Http/Middleware/ConvertEmptyStringsToNull.php(31): Illuminate/Foundation/Http/Middleware/TransformsRequest->handle()
#21 G:/Projects/customer-management/vendor/laravel/framework/src/Illuminate/Pipeline/Pipeline.php(219): Illuminate/Foundation/Http/Middleware/ConvertEmptyStringsToNull->handle()
#22 G:/Projects/customer-management/vendor/laravel/framework/src/Illuminate/Foundation/Http/Middleware/TransformsRequest.php(21): Illuminate/Pipeline/Pipeline->Illuminate/Pipeline/{closure}()
#23 G:/Projects/customer-management/vendor/laravel/framework/src/Illuminate/Foundation/Http/Middleware/TrimStrings.php(51): Illuminate/Foundation/Http/Middleware/TransformsRequest->handle()
#24 G:/Projects/customer-management/vendor/laravel/framework/src/Illuminate/Pipeline/Pipeline.php(219): Illuminate/Foundation/Http/Middleware/TrimStrings->handle()
#25 G:/Projects/customer-management/vendor/laravel/framework/src/Illuminate/Http/Middleware/ValidatePostSize.php(27): Illuminate/Pipeline/Pipeline->Illuminate/Pipeline/{closure}()
#26 G:/Projects/customer-management/vendor/laravel/framework/src/Illuminate/Pipeline/Pipeline.php(219): Illuminate/Http/Middleware/ValidatePostSize->handle()
#27 G:/Projects/customer-management/vendor/laravel/framework/src/Illuminate/Foundation/Http/Middleware/PreventRequestsDuringMaintenance.php(109): Illuminate/Pipeline/Pipeline->Illuminate/Pipeline/{closure}()
#28 G:/Projects/customer-management/vendor/laravel/framework/src/Illuminate/Pipeline/Pipeline.php(219): Illuminate/Foundation/Http/Middleware/PreventRequestsDuringMaintenance->handle()
#29 G:/Projects/customer-management/vendor/laravel/framework/src/Illuminate/Http/Middleware/HandleCors.php(74): Illuminate/Pipeline/Pipeline->Illuminate/Pipeline/{closure}()
#30 G:/Projects/customer-management/vendor/laravel/framework/src/Illuminate/Pipeline/Pipeline.php(219): Illuminate/Http/Middleware/HandleCors->handle()
#31 G:/Projects/customer-management/vendor/laravel/framework/src/Illuminate/Http/Middleware/TrustProxies.php(58): Illuminate/Pipeline/Pipeline->Illuminate/Pipeline/{closure}()
#32 G:/Projects/customer-management/vendor/laravel/framework/src/Illuminate/Pipeline/Pipeline.php(219): Illuminate/Http/Middleware/TrustProxies->handle()
#33 G:/Projects/customer-management/vendor/laravel/framework/src/Illuminate/Foundation/Http/Middleware/InvokeDeferredCallbacks.php(22): Illuminate/Pipeline/Pipeline->Illuminate/Pipeline/{closure}()
#34 G:/Projects/customer-management/vendor/laravel/framework/src/Illuminate/Pipeline/Pipeline.php(219): Illuminate/Foundation/Http/Middleware/InvokeDeferredCallbacks->handle()
#35 G:/Projects/customer-management/vendor/laravel/framework/src/Illuminate/Http/Middleware/ValidatePathEncoding.php(26): Illuminate/Pipeline/Pipeline->Illuminate/Pipeline/{closure}()
#36 G:/Projects/customer-management/vendor/laravel/framework/src/Illuminate/Pipeline/Pipeline.php(219): Illuminate/Http/Middleware/ValidatePathEncoding->handle()
#37 G:/Projects/customer-management/vendor/laravel/framework/src/Illuminate/Pipeline/Pipeline.php(137): Illuminate/Pipeline/Pipeline->Illuminate/Pipeline/{closure}()
#38 G:/Projects/customer-management/vendor/laravel/framework/src/Illuminate/Foundation/Http/Kernel.php(175): Illuminate/Pipeline/Pipeline->then()
#39 G:/Projects/customer-management/vendor/laravel/framework/src/Illuminate/Foundation/Http/Kernel.php(144): Illuminate/Foundation/Http/Kernel->sendRequestThroughRouter()
#40 G:/Projects/customer-management/vendor/laravel/framework/src/Illuminate/Foundation/Application.php(1220): Illuminate/Foundation/Http/Kernel->handle()
#41 G:/Projects/customer-management/public/index.php(20): Illuminate/Foundation/Application->handleRequest()
#42 G:/Projects/customer-management/vendor/laravel/framework/src/Illuminate/Foundation/resources/server.php(23): require_once('...')
#43 {main}
"} 
[2026-02-11 03:02:05] local.ERROR: Call to undefined method App\Models\User::isAdmin() {"userId":1,"exception":"[object] (BadMethodCallException(code: 0): Call to undefined method App\\Models\\User::isAdmin() at G:/Projects/customer-management/vendor/laravel/framework/src/Illuminate/Support/Traits/ForwardsCalls.php:67)
[stacktrace]
#0 G:/Projects/customer-management/vendor/laravel/framework/src/Illuminate/Support/Traits/ForwardsCalls.php(36): Illuminate/Database/Eloquent/Model::throwBadMethodCallException()
#1 G:/Projects/customer-management/vendor/laravel/framework/src/Illuminate/Database/Eloquent/Model.php(2540): Illuminate/Database/Eloquent/Model->forwardCallTo()
#2 G:/Projects/customer-management/app/Http/Middleware/AdminMiddleware.php(13): Illuminate/Database/Eloquent/Model->__call()
#3 G:/Projects/customer-management/vendor/laravel/framework/src/Illuminate/Pipeline/Pipeline.php(219): App/Http/Middleware/AdminMiddleware->handle()
#4 G:/Projects/customer-management/vendor/laravel/framework/src/Illuminate/Routing/Middleware/SubstituteBindings.php(50): Illuminate/Pipeline/Pipeline->Illuminate/Pipeline/{closure}()
#5 G:/Projects/customer-management/vendor/laravel/framework/src/Illuminate/Pipeline/Pipeline.php(219): Illuminate/Routing/Middleware/SubstituteBindings->handle()
#6 G:/Projects/customer-management/vendor/laravel/framework/src/Illuminate/Auth/Middleware/Authenticate.php(63): Illuminate/Pipeline/Pipeline->Illuminate/Pipeline/{closure}()
#7 G:/Projects/customer-management/vendor/laravel/framework/src/Illuminate/Pipeline/Pipeline.php(219): Illuminate/Auth/Middleware/Authenticate->handle()
#8 G:/Projects/customer-management/vendor/laravel/framework/src/Illuminate/Pipeline/Pipeline.php(137): Illuminate/Pipeline/Pipeline->Illuminate/Pipeline/{closure}()
#9 G:/Projects/customer-management/vendor/laravel/framework/src/Illuminate/Routing/Router.php(821): Illuminate/Pipeline/Pipeline->then()
#10 G:/Projects/customer-management/vendor/laravel/framework/src/Illuminate/Routing/Router.php(800): Illuminate/Routing/Router->runRouteWithinStack()
#11 G:/Projects/customer-management/vendor/laravel/framework/src/Illuminate/Routing/Router.php(764): Illuminate/Routing/Router->runRoute()
#12 G:/Projects/customer-management/vendor/laravel/framework/src/Illuminate/Routing/Router.php(753): Illuminate/Routing/Router->dispatchToRoute()
#13 G:/Projects/customer-management/vendor/laravel/framework/src/Illuminate/Foundation/Http/Kernel.php(200): Illuminate/Routing/Router->dispatch()
#14 G:/Projects/customer-management/vendor/laravel/framework/src/Illuminate/Pipeline/Pipeline.php(180): Illuminate/Foundation/Http/Kernel->Illuminate/Foundation/Http/{closure}()
#15 G:/Projects/customer-management/vendor/laravel/framework/src/Illuminate/Foundation/Http/Middleware/TransformsRequest.php(21): Illuminate/Pipeline/Pipeline->Illuminate/Pipeline/{closure}()
#16 G:/Projects/customer-management/vendor/laravel/framework/src/Illuminate/Foundation/Http/Middleware/ConvertEmptyStringsToNull.php(31): Illuminate/Foundation/Http/Middleware/TransformsRequest->handle()
#17 G:/Projects/customer-management/vendor/laravel/framework/src/Illuminate/Pipeline/Pipeline.php(219): Illuminate/Foundation/Http/Middleware/ConvertEmptyStringsToNull->handle()
#18 G:/Projects/customer-management/vendor/laravel/framework/src/Illuminate/Foundation/Http/Middleware/TransformsRequest.php(21): Illuminate/Pipeline/Pipeline->Illuminate/Pipeline/{closure}()
#19 G:/Projects/customer-management/vendor/laravel/framework/src/Illuminate/Foundation/Http/Middleware/TrimStrings.php(51): Illuminate/Foundation/Http/Middleware/TransformsRequest->handle()
#20 G:/Projects/customer-management/vendor/laravel/framework/src/Illuminate/Pipeline/Pipeline.php(219): Illuminate/Foundation/Http/Middleware/TrimStrings->handle()
#21 G:/Projects/customer-management/vendor/laravel/framework/src/Illuminate/Http/Middleware/ValidatePostSize.php(27): Illuminate/Pipeline/Pipeline->Illuminate/Pipeline/{closure}()
#22 G:/Projects/customer-management/vendor/laravel/framework/src/Illuminate/Pipeline/Pipeline.php(219): Illuminate/Http/Middleware/ValidatePostSize->handle()
#23 G:/Projects/customer-management/vendor/laravel/framework/src/Illuminate/Foundation/Http/Middleware/PreventRequestsDuringMaintenance.php(109): Illuminate/Pipeline/Pipeline->Illuminate/Pipeline/{closure}()
#24 G:/Projects/customer-management/vendor/laravel/framework/src/Illuminate/Pipeline/Pipeline.php(219): Illuminate/Foundation/Http/Middleware/PreventRequestsDuringMaintenance->handle()
#25 G:/Projects/customer-management/vendor/laravel/framework/src/Illuminate/Http/Middleware/HandleCors.php(74): Illuminate/Pipeline/Pipeline->Illuminate/Pipeline/{closure}()
#26 G:/Projects/customer-management/vendor/laravel/framework/src/Illuminate/Pipeline/Pipeline.php(219): Illuminate/Http/Middleware/HandleCors->handle()
#27 G:/Projects/customer-management/vendor/laravel/framework/src/Illuminate/Http/Middleware/TrustProxies.php(58): Illuminate/Pipeline/Pipeline->Illuminate/Pipeline/{closure}()
#28 G:/Projects/customer-management/vendor/laravel/framework/src/Illuminate/Pipeline/Pipeline.php(219): Illuminate/Http/Middleware/TrustProxies->handle()
#29 G:/Projects/customer-management/vendor/laravel/framework/src/Illuminate/Foundation/Http/Middleware/InvokeDeferredCallbacks.php(22): Illuminate/Pipeline/Pipeline->Illuminate/Pipeline/{closure}()
#30 G:/Projects/customer-management/vendor/laravel/framework/src/Illuminate/Pipeline/Pipeline.php(219): Illuminate/Foundation/Http/Middleware/InvokeDeferredCallbacks->handle()
#31 G:/Projects/customer-management/vendor/laravel/framework/src/Illuminate/Http/Middleware/ValidatePathEncoding.php(26): Illuminate/Pipeline/Pipeline->Illuminate/Pipeline/{closure}()
#32 G:/Projects/customer-management/vendor/laravel/framework/src/Illuminate/Pipeline/Pipeline.php(219): Illuminate/Http/Middleware/ValidatePathEncoding->handle()
#33 G:/Projects/customer-management/vendor/laravel/framework/src/Illuminate/Pipeline/Pipeline.php(137): Illuminate/Pipeline/Pipeline->Illuminate/Pipeline/{closure}()
#34 G:/Projects/customer-management/vendor/laravel/framework/src/Illuminate/Foundation/Http/Kernel.php(175): Illuminate/Pipeline/Pipeline->then()
#35 G:/Projects/customer-management/vendor/laravel/framework/src/Illuminate/Foundation/Http/Kernel.php(144): Illuminate/Foundation/Http/Kernel->sendRequestThroughRouter()
#36 G:/Projects/customer-management/vendor/laravel/framework/src/Illuminate/Foundation/Application.php(1220): Illuminate/Foundation/Http/Kernel->handle()
#37 G:/Projects/customer-management/public/index.php(20): Illuminate/Foundation/Application->handleRequest()
#38 G:/Projects/customer-management/vendor/laravel/framework/src/Illuminate/Foundation/resources/server.php(23): require_once('...')
#39 {main}
"} 
[2026-02-11 03:02:25] local.ERROR: Call to undefined method App\Models\User::isAdmin() {"userId":1,"exception":"[object] (BadMethodCallException(code: 0): Call to undefined method App\\Models\\User::isAdmin() at G:/Projects/customer-management/vendor/laravel/framework/src/Illuminate/Support/Traits/ForwardsCalls.php:67)
[stacktrace]
#0 G:/Projects/customer-management/vendor/laravel/framework/src/Illuminate/Support/Traits/ForwardsCalls.php(36): Illuminate/Database/Eloquent/Model::throwBadMethodCallException()
#1 G:/Projects/customer-management/vendor/laravel/framework/src/Illuminate/Database/Eloquent/Model.php(2540): Illuminate/Database/Eloquent/Model->forwardCallTo()
#2 G:/Projects/customer-management/app/Http/Middleware/AdminMiddleware.php(13): Illuminate/Database/Eloquent/Model->__call()
#3 G:/Projects/customer-management/vendor/laravel/framework/src/Illuminate/Pipeline/Pipeline.php(219): App/Http/Middleware/AdminMiddleware->handle()
#4 G:/Projects/customer-management/vendor/laravel/framework/src/Illuminate/Routing/Middleware/SubstituteBindings.php(50): Illuminate/Pipeline/Pipeline->Illuminate/Pipeline/{closure}()
#5 G:/Projects/customer-management/vendor/laravel/framework/src/Illuminate/Pipeline/Pipeline.php(219): Illuminate/Routing/Middleware/SubstituteBindings->handle()
#6 G:/Projects/customer-management/vendor/laravel/framework/src/Illuminate/Auth/Middleware/Authenticate.php(63): Illuminate/Pipeline/Pipeline->Illuminate/Pipeline/{closure}()
#7 G:/Projects/customer-management/vendor/laravel/framework/src/Illuminate/Pipeline/Pipeline.php(219): Illuminate/Auth/Middleware/Authenticate->handle()
#8 G:/Projects/customer-management/vendor/laravel/framework/src/Illuminate/Pipeline/Pipeline.php(137): Illuminate/Pipeline/Pipeline->Illuminate/Pipeline/{closure}()
#9 G:/Projects/customer-management/vendor/laravel/framework/src/Illuminate/Routing/Router.php(821): Illuminate/Pipeline/Pipeline->then()
#10 G:/Projects/customer-management/vendor/laravel/framework/src/Illuminate/Routing/Router.php(800): Illuminate/Routing/Router->runRouteWithinStack()
#11 G:/Projects/customer-management/vendor/laravel/framework/src/Illuminate/Routing/Router.php(764): Illuminate/Routing/Router->runRoute()
#12 G:/Projects/customer-management/vendor/laravel/framework/src/Illuminate/Routing/Router.php(753): Illuminate/Routing/Router->dispatchToRoute()
#13 G:/Projects/customer-management/vendor/laravel/framework/src/Illuminate/Foundation/Http/Kernel.php(200): Illuminate/Routing/Router->dispatch()
#14 G:/Projects/customer-management/vendor/laravel/framework/src/Illuminate/Pipeline/Pipeline.php(180): Illuminate/Foundation/Http/Kernel->Illuminate/Foundation/Http/{closure}()
#15 G:/Projects/customer-management/vendor/laravel/framework/src/Illuminate/Foundation/Http/Middleware/TransformsRequest.php(21): Illuminate/Pipeline/Pipeline->Illuminate/Pipeline/{closure}()
#16 G:/Projects/customer-management/vendor/laravel/framework/src/Illuminate/Foundation/Http/Middleware/ConvertEmptyStringsToNull.php(31): Illuminate/Foundation/Http/Middleware/TransformsRequest->handle()
#17 G:/Projects/customer-management/vendor/laravel/framework/src/Illuminate/Pipeline/Pipeline.php(219): Illuminate/Foundation/Http/Middleware/ConvertEmptyStringsToNull->handle()
#18 G:/Projects/customer-management/vendor/laravel/framework/src/Illuminate/Foundation/Http/Middleware/TransformsRequest.php(21): Illuminate/Pipeline/Pipeline->Illuminate/Pipeline/{closure}()
#19 G:/Projects/customer-management/vendor/laravel/framework/src/Illuminate/Foundation/Http/Middleware/TrimStrings.php(51): Illuminate/Foundation/Http/Middleware/TransformsRequest->handle()
#20 G:/Projects/customer-management/vendor/laravel/framework/src/Illuminate/Pipeline/Pipeline.php(219): Illuminate/Foundation/Http/Middleware/TrimStrings->handle()
#21 G:/Projects/customer-management/vendor/laravel/framework/src/Illuminate/Http/Middleware/ValidatePostSize.php(27): Illuminate/Pipeline/Pipeline->Illuminate/Pipeline/{closure}()
#22 G:/Projects/customer-management/vendor/laravel/framework/src/Illuminate/Pipeline/Pipeline.php(219): Illuminate/Http/Middleware/ValidatePostSize->handle()
#23 G:/Projects/customer-management/vendor/laravel/framework/src/Illuminate/Foundation/Http/Middleware/PreventRequestsDuringMaintenance.php(109): Illuminate/Pipeline/Pipeline->Illuminate/Pipeline/{closure}()
#24 G:/Projects/customer-management/vendor/laravel/framework/src/Illuminate/Pipeline/Pipeline.php(219): Illuminate/Foundation/Http/Middleware/PreventRequestsDuringMaintenance->handle()
#25 G:/Projects/customer-management/vendor/laravel/framework/src/Illuminate/Http/Middleware/HandleCors.php(74): Illuminate/Pipeline/Pipeline->Illuminate/Pipeline/{closure}()
#26 G:/Projects/customer-management/vendor/laravel/framework/src/Illuminate/Pipeline/Pipeline.php(219): Illuminate/Http/Middleware/HandleCors->handle()
#27 G:/Projects/customer-management/vendor/laravel/framework/src/Illuminate/Http/Middleware/TrustProxies.php(58): Illuminate/Pipeline/Pipeline->Illuminate/Pipeline/{closure}()
#28 G:/Projects/customer-management/vendor/laravel/framework/src/Illuminate/Pipeline/Pipeline.php(219): Illuminate/Http/Middleware/TrustProxies->handle()
#29 G:/Projects/customer-management/vendor/laravel/framework/src/Illuminate/Foundation/Http/Middleware/InvokeDeferredCallbacks.php(22): Illuminate/Pipeline/Pipeline->Illuminate/Pipeline/{closure}()
#30 G:/Projects/customer-management/vendor/laravel/framework/src/Illuminate/Pipeline/Pipeline.php(219): Illuminate/Foundation/Http/Middleware/InvokeDeferredCallbacks->handle()
#31 G:/Projects/customer-management/vendor/laravel/framework/src/Illuminate/Http/Middleware/ValidatePathEncoding.php(26): Illuminate/Pipeline/Pipeline->Illuminate/Pipeline/{closure}()
#32 G:/Projects/customer-management/vendor/laravel/framework/src/Illuminate/Pipeline/Pipeline.php(219): Illuminate/Http/Middleware/ValidatePathEncoding->handle()
#33 G:/Projects/customer-management/vendor/laravel/framework/src/Illuminate/Pipeline/Pipeline.php(137): Illuminate/Pipeline/Pipeline->Illuminate/Pipeline/{closure}()
#34 G:/Projects/customer-management/vendor/laravel/framework/src/Illuminate/Foundation/Http/Kernel.php(175): Illuminate/Pipeline/Pipeline->then()
#35 G:/Projects/customer-management/vendor/laravel/framework/src/Illuminate/Foundation/Http/Kernel.php(144): Illuminate/Foundation/Http/Kernel->sendRequestThroughRouter()
#36 G:/Projects/customer-management/vendor/laravel/framework/src/Illuminate/Foundation/Application.php(1220): Illuminate/Foundation/Http/Kernel->handle()
#37 G:/Projects/customer-management/public/index.php(20): Illuminate/Foundation/Application->handleRequest()
#38 G:/Projects/customer-management/vendor/laravel/framework/src/Illuminate/Foundation/resources/server.php(23): require_once('...')
#39 {main}
"} 
[2026-02-11 03:02:59] local.ERROR: Call to undefined method App\Models\User::isAdmin() {"userId":1,"exception":"[object] (BadMethodCallException(code: 0): Call to undefined method App\\Models\\User::isAdmin() at G:/Projects/customer-management/vendor/laravel/framework/src/Illuminate/Support/Traits/ForwardsCalls.php:67)
[stacktrace]
#0 G:/Projects/customer-management/vendor/laravel/framework/src/Illuminate/Support/Traits/ForwardsCalls.php(36): Illuminate/Database/Eloquent/Model::throwBadMethodCallException()
#1 G:/Projects/customer-management/vendor/laravel/framework/src/Illuminate/Database/Eloquent/Model.php(2540): Illuminate/Database/Eloquent/Model->forwardCallTo()
#2 G:/Projects/customer-management/app/Http/Controllers/Api/TransactionController.php(38): Illuminate/Database/Eloquent/Model->__call()
#3 G:/Projects/customer-management/vendor/laravel/framework/src/Illuminate/Routing/ControllerDispatcher.php(46): App/Http/Controllers/Api/TransactionController->index()
#4 G:/Projects/customer-management/vendor/laravel/framework/src/Illuminate/Routing/Route.php(265): Illuminate/Routing/ControllerDispatcher->dispatch()
#5 G:/Projects/customer-management/vendor/laravel/framework/src/Illuminate/Routing/Route.php(211): Illuminate/Routing/Route->runController()
#6 G:/Projects/customer-management/vendor/laravel/framework/src/Illuminate/Routing/Router.php(822): Illuminate/Routing/Route->run()
#7 G:/Projects/customer-management/vendor/laravel/framework/src/Illuminate/Pipeline/Pipeline.php(180): Illuminate/Routing/Router->Illuminate/Routing/{closure}()
#8 G:/Projects/customer-management/vendor/laravel/framework/src/Illuminate/Routing/Middleware/SubstituteBindings.php(50): Illuminate/Pipeline/Pipeline->Illuminate/Pipeline/{closure}()
#9 G:/Projects/customer-management/vendor/laravel/framework/src/Illuminate/Pipeline/Pipeline.php(219): Illuminate/Routing/Middleware/SubstituteBindings->handle()
#10 G:/Projects/customer-management/vendor/laravel/framework/src/Illuminate/Auth/Middleware/Authenticate.php(63): Illuminate/Pipeline/Pipeline->Illuminate/Pipeline/{closure}()
#11 G:/Projects/customer-management/vendor/laravel/framework/src/Illuminate/Pipeline/Pipeline.php(219): Illuminate/Auth/Middleware/Authenticate->handle()
#12 G:/Projects/customer-management/vendor/laravel/framework/src/Illuminate/Pipeline/Pipeline.php(137): Illuminate/Pipeline/Pipeline->Illuminate/Pipeline/{closure}()
#13 G:/Projects/customer-management/vendor/laravel/framework/src/Illuminate/Routing/Router.php(821): Illuminate/Pipeline/Pipeline->then()
#14 G:/Projects/customer-management/vendor/laravel/framework/src/Illuminate/Routing/Router.php(800): Illuminate/Routing/Router->runRouteWithinStack()
#15 G:/Projects/customer-management/vendor/laravel/framework/src/Illuminate/Routing/Router.php(764): Illuminate/Routing/Router->runRoute()
#16 G:/Projects/customer-management/vendor/laravel/framework/src/Illuminate/Routing/Router.php(753): Illuminate/Routing/Router->dispatchToRoute()
#17 G:/Projects/customer-management/vendor/laravel/framework/src/Illuminate/Foundation/Http/Kernel.php(200): Illuminate/Routing/Router->dispatch()
#18 G:/Projects/customer-management/vendor/laravel/framework/src/Illuminate/Pipeline/Pipeline.php(180): Illuminate/Foundation/Http/Kernel->Illuminate/Foundation/Http/{closure}()
#19 G:/Projects/customer-management/vendor/laravel/framework/src/Illuminate/Foundation/Http/Middleware/TransformsRequest.php(21): Illuminate/Pipeline/Pipeline->Illuminate/Pipeline/{closure}()
#20 G:/Projects/customer-management/vendor/laravel/framework/src/Illuminate/Foundation/Http/Middleware/ConvertEmptyStringsToNull.php(31): Illuminate/Foundation/Http/Middleware/TransformsRequest->handle()
#21 G:/Projects/customer-management/vendor/laravel/framework/src/Illuminate/Pipeline/Pipeline.php(219): Illuminate/Foundation/Http/Middleware/ConvertEmptyStringsToNull->handle()
#22 G:/Projects/customer-management/vendor/laravel/framework/src/Illuminate/Foundation/Http/Middleware/TransformsRequest.php(21): Illuminate/Pipeline/Pipeline->Illuminate/Pipeline/{closure}()
#23 G:/Projects/customer-management/vendor/laravel/framework/src/Illuminate/Foundation/Http/Middleware/TrimStrings.php(51): Illuminate/Foundation/Http/Middleware/TransformsRequest->handle()
#24 G:/Projects/customer-management/vendor/laravel/framework/src/Illuminate/Pipeline/Pipeline.php(219): Illuminate/Foundation/Http/Middleware/TrimStrings->handle()
#25 G:/Projects/customer-management/vendor/laravel/framework/src/Illuminate/Http/Middleware/ValidatePostSize.php(27): Illuminate/Pipeline/Pipeline->Illuminate/Pipeline/{closure}()
#26 G:/Projects/customer-management/vendor/laravel/framework/src/Illuminate/Pipeline/Pipeline.php(219): Illuminate/Http/Middleware/ValidatePostSize->handle()
#27 G:/Projects/customer-management/vendor/laravel/framework/src/Illuminate/Foundation/Http/Middleware/PreventRequestsDuringMaintenance.php(109): Illuminate/Pipeline/Pipeline->Illuminate/Pipeline/{closure}()
#28 G:/Projects/customer-management/vendor/laravel/framework/src/Illuminate/Pipeline/Pipeline.php(219): Illuminate/Foundation/Http/Middleware/PreventRequestsDuringMaintenance->handle()
#29 G:/Projects/customer-management/vendor/laravel/framework/src/Illuminate/Http/Middleware/HandleCors.php(74): Illuminate/Pipeline/Pipeline->Illuminate/Pipeline/{closure}()
#30 G:/Projects/customer-management/vendor/laravel/framework/src/Illuminate/Pipeline/Pipeline.php(219): Illuminate/Http/Middleware/HandleCors->handle()
#31 G:/Projects/customer-management/vendor/laravel/framework/src/Illuminate/Http/Middleware/TrustProxies.php(58): Illuminate/Pipeline/Pipeline->Illuminate/Pipeline/{closure}()
#32 G:/Projects/customer-management/vendor/laravel/framework/src/Illuminate/Pipeline/Pipeline.php(219): Illuminate/Http/Middleware/TrustProxies->handle()
#33 G:/Projects/customer-management/vendor/laravel/framework/src/Illuminate/Foundation/Http/Middleware/InvokeDeferredCallbacks.php(22): Illuminate/Pipeline/Pipeline->Illuminate/Pipeline/{closure}()
#34 G:/Projects/customer-management/vendor/laravel/framework/src/Illuminate/Pipeline/Pipeline.php(219): Illuminate/Foundation/Http/Middleware/InvokeDeferredCallbacks->handle()
#35 G:/Projects/customer-management/vendor/laravel/framework/src/Illuminate/Http/Middleware/ValidatePathEncoding.php(26): Illuminate/Pipeline/Pipeline->Illuminate/Pipeline/{closure}()
#36 G:/Projects/customer-management/vendor/laravel/framework/src/Illuminate/Pipeline/Pipeline.php(219): Illuminate/Http/Middleware/ValidatePathEncoding->handle()
#37 G:/Projects/customer-management/vendor/laravel/framework/src/Illuminate/Pipeline/Pipeline.php(137): Illuminate/Pipeline/Pipeline->Illuminate/Pipeline/{closure}()
#38 G:/Projects/customer-management/vendor/laravel/framework/src/Illuminate/Foundation/Http/Kernel.php(175): Illuminate/Pipeline/Pipeline->then()
#39 G:/Projects/customer-management/vendor/laravel/framework/src/Illuminate/Foundation/Http/Kernel.php(144): Illuminate/Foundation/Http/Kernel->sendRequestThroughRouter()
#40 G:/Projects/customer-management/vendor/laravel/framework/src/Illuminate/Foundation/Application.php(1220): Illuminate/Foundation/Http/Kernel->handle()
#41 G:/Projects/customer-management/public/index.php(20): Illuminate/Foundation/Application->handleRequest()
#42 G:/Projects/customer-management/vendor/laravel/framework/src/Illuminate/Foundation/resources/server.php(23): require_once('...')
#43 {main}
"} 
[2026-02-11 03:03:00] local.ERROR: Call to undefined method App\Models\User::isAdmin() {"userId":1,"exception":"[object] (BadMethodCallException(code: 0): Call to undefined method App\\Models\\User::isAdmin() at G:/Projects/customer-management/vendor/laravel/framework/src/Illuminate/Support/Traits/ForwardsCalls.php:67)
[stacktrace]
#0 G:/Projects/customer-management/vendor/laravel/framework/src/Illuminate/Support/Traits/ForwardsCalls.php(36): Illuminate/Database/Eloquent/Model::throwBadMethodCallException()
#1 G:/Projects/customer-management/vendor/laravel/framework/src/Illuminate/Database/Eloquent/Model.php(2540): Illuminate/Database/Eloquent/Model->forwardCallTo()
#2 G:/Projects/customer-management/app/Http/Controllers/Api/TransactionController.php(38): Illuminate/Database/Eloquent/Model->__call()
#3 G:/Projects/customer-management/vendor/laravel/framework/src/Illuminate/Routing/ControllerDispatcher.php(46): App/Http/Controllers/Api/TransactionController->index()
#4 G:/Projects/customer-management/vendor/laravel/framework/src/Illuminate/Routing/Route.php(265): Illuminate/Routing/ControllerDispatcher->dispatch()
#5 G:/Projects/customer-management/vendor/laravel/framework/src/Illuminate/Routing/Route.php(211): Illuminate/Routing/Route->runController()
#6 G:/Projects/customer-management/vendor/laravel/framework/src/Illuminate/Routing/Router.php(822): Illuminate/Routing/Route->run()
#7 G:/Projects/customer-management/vendor/laravel/framework/src/Illuminate/Pipeline/Pipeline.php(180): Illuminate/Routing/Router->Illuminate/Routing/{closure}()
#8 G:/Projects/customer-management/vendor/laravel/framework/src/Illuminate/Routing/Middleware/SubstituteBindings.php(50): Illuminate/Pipeline/Pipeline->Illuminate/Pipeline/{closure}()
#9 G:/Projects/customer-management/vendor/laravel/framework/src/Illuminate/Pipeline/Pipeline.php(219): Illuminate/Routing/Middleware/SubstituteBindings->handle()
#10 G:/Projects/customer-management/vendor/laravel/framework/src/Illuminate/Auth/Middleware/Authenticate.php(63): Illuminate/Pipeline/Pipeline->Illuminate/Pipeline/{closure}()
#11 G:/Projects/customer-management/vendor/laravel/framework/src/Illuminate/Pipeline/Pipeline.php(219): Illuminate/Auth/Middleware/Authenticate->handle()
#12 G:/Projects/customer-management/vendor/laravel/framework/src/Illuminate/Pipeline/Pipeline.php(137): Illuminate/Pipeline/Pipeline->Illuminate/Pipeline/{closure}()
#13 G:/Projects/customer-management/vendor/laravel/framework/src/Illuminate/Routing/Router.php(821): Illuminate/Pipeline/Pipeline->then()
#14 G:/Projects/customer-management/vendor/laravel/framework/src/Illuminate/Routing/Router.php(800): Illuminate/Routing/Router->runRouteWithinStack()
#15 G:/Projects/customer-management/vendor/laravel/framework/src/Illuminate/Routing/Router.php(764): Illuminate/Routing/Router->runRoute()
#16 G:/Projects/customer-management/vendor/laravel/framework/src/Illuminate/Routing/Router.php(753): Illuminate/Routing/Router->dispatchToRoute()
#17 G:/Projects/customer-management/vendor/laravel/framework/src/Illuminate/Foundation/Http/Kernel.php(200): Illuminate/Routing/Router->dispatch()
#18 G:/Projects/customer-management/vendor/laravel/framework/src/Illuminate/Pipeline/Pipeline.php(180): Illuminate/Foundation/Http/Kernel->Illuminate/Foundation/Http/{closure}()
#19 G:/Projects/customer-management/vendor/laravel/framework/src/Illuminate/Foundation/Http/Middleware/TransformsRequest.php(21): Illuminate/Pipeline/Pipeline->Illuminate/Pipeline/{closure}()
#20 G:/Projects/customer-management/vendor/laravel/framework/src/Illuminate/Foundation/Http/Middleware/ConvertEmptyStringsToNull.php(31): Illuminate/Foundation/Http/Middleware/TransformsRequest->handle()
#21 G:/Projects/customer-management/vendor/laravel/framework/src/Illuminate/Pipeline/Pipeline.php(219): Illuminate/Foundation/Http/Middleware/ConvertEmptyStringsToNull->handle()
#22 G:/Projects/customer-management/vendor/laravel/framework/src/Illuminate/Foundation/Http/Middleware/TransformsRequest.php(21): Illuminate/Pipeline/Pipeline->Illuminate/Pipeline/{closure}()
#23 G:/Projects/customer-management/vendor/laravel/framework/src/Illuminate/Foundation/Http/Middleware/TrimStrings.php(51): Illuminate/Foundation/Http/Middleware/TransformsRequest->handle()
#24 G:/Projects/customer-management/vendor/laravel/framework/src/Illuminate/Pipeline/Pipeline.php(219): Illuminate/Foundation/Http/Middleware/TrimStrings->handle()
#25 G:/Projects/customer-management/vendor/laravel/framework/src/Illuminate/Http/Middleware/ValidatePostSize.php(27): Illuminate/Pipeline/Pipeline->Illuminate/Pipeline/{closure}()
#26 G:/Projects/customer-management/vendor/laravel/framework/src/Illuminate/Pipeline/Pipeline.php(219): Illuminate/Http/Middleware/ValidatePostSize->handle()
#27 G:/Projects/customer-management/vendor/laravel/framework/src/Illuminate/Foundation/Http/Middleware/PreventRequestsDuringMaintenance.php(109): Illuminate/Pipeline/Pipeline->Illuminate/Pipeline/{closure}()
#28 G:/Projects/customer-management/vendor/laravel/framework/src/Illuminate/Pipeline/Pipeline.php(219): Illuminate/Foundation/Http/Middleware/PreventRequestsDuringMaintenance->handle()
#29 G:/Projects/customer-management/vendor/laravel/framework/src/Illuminate/Http/Middleware/HandleCors.php(74): Illuminate/Pipeline/Pipeline->Illuminate/Pipeline/{closure}()
#30 G:/Projects/customer-management/vendor/laravel/framework/src/Illuminate/Pipeline/Pipeline.php(219): Illuminate/Http/Middleware/HandleCors->handle()
#31 G:/Projects/customer-management/vendor/laravel/framework/src/Illuminate/Http/Middleware/TrustProxies.php(58): Illuminate/Pipeline/Pipeline->Illuminate/Pipeline/{closure}()
#32 G:/Projects/customer-management/vendor/laravel/framework/src/Illuminate/Pipeline/Pipeline.php(219): Illuminate/Http/Middleware/TrustProxies->handle()
#33 G:/Projects/customer-management/vendor/laravel/framework/src/Illuminate/Foundation/Http/Middleware/InvokeDeferredCallbacks.php(22): Illuminate/Pipeline/Pipeline->Illuminate/Pipeline/{closure}()
#34 G:/Projects/customer-management/vendor/laravel/framework/src/Illuminate/Pipeline/Pipeline.php(219): Illuminate/Foundation/Http/Middleware/InvokeDeferredCallbacks->handle()
#35 G:/Projects/customer-management/vendor/laravel/framework/src/Illuminate/Http/Middleware/ValidatePathEncoding.php(26): Illuminate/Pipeline/Pipeline->Illuminate/Pipeline/{closure}()
#36 G:/Projects/customer-management/vendor/laravel/framework/src/Illuminate/Pipeline/Pipeline.php(219): Illuminate/Http/Middleware/ValidatePathEncoding->handle()
#37 G:/Projects/customer-management/vendor/laravel/framework/src/Illuminate/Pipeline/Pipeline.php(137): Illuminate/Pipeline/Pipeline->Illuminate/Pipeline/{closure}()
#38 G:/Projects/customer-management/vendor/laravel/framework/src/Illuminate/Foundation/Http/Kernel.php(175): Illuminate/Pipeline/Pipeline->then()
#39 G:/Projects/customer-management/vendor/laravel/framework/src/Illuminate/Foundation/Http/Kernel.php(144): Illuminate/Foundation/Http/Kernel->sendRequestThroughRouter()
#40 G:/Projects/customer-management/vendor/laravel/framework/src/Illuminate/Foundation/Application.php(1220): Illuminate/Foundation/Http/Kernel->handle()
#41 G:/Projects/customer-management/public/index.php(20): Illuminate/Foundation/Application->handleRequest()
#42 G:/Projects/customer-management/vendor/laravel/framework/src/Illuminate/Foundation/resources/server.php(23): require_once('...')
#43 {main}
"} 
[2026-02-11 03:25:31] local.ERROR: cURL error 60: SSL certificate problem: self-signed certificate in certificate chain (see https://curl.haxx.se/libcurl/c/libcurl-errors.html) for https://payment.momo.vn/v2/gateway/api/create {"userId":1,"exception":"[object] (Illuminate\\Http\\Client\\ConnectionException(code: 0): cURL error 60: SSL certificate problem: self-signed certificate in certificate chain (see https://curl.haxx.se/libcurl/c/libcurl-errors.html) for https://payment.momo.vn/v2/gateway/api/create at G:/Projects/customer-management/vendor/laravel/framework/src/Illuminate/Http/Client/PendingRequest.php:1808)
[stacktrace]
#0 G:/Projects/customer-management/vendor/laravel/framework/src/Illuminate/Http/Client/PendingRequest.php(1071): Illuminate/Http/Client/PendingRequest->marshalRequestExceptionWithoutResponse()
#1 G:/Projects/customer-management/vendor/laravel/framework/src/Illuminate/Support/helpers.php(327): Illuminate/Http/Client/PendingRequest->Illuminate/Http/Client/{closure}()
#2 G:/Projects/customer-management/vendor/laravel/framework/src/Illuminate/Http/Client/PendingRequest.php(1027): retry()
#3 G:/Projects/customer-management/vendor/laravel/framework/src/Illuminate/Http/Client/PendingRequest.php(879): Illuminate/Http/Client/PendingRequest->send()
#4 G:/Projects/customer-management/app/Http/Controllers/Api/MoMoController.php(55): Illuminate/Http/Client/PendingRequest->post()
#5 G:/Projects/customer-management/vendor/laravel/framework/src/Illuminate/Routing/ControllerDispatcher.php(46): App/Http/Controllers/Api/MoMoController->generateQR()
#6 G:/Projects/customer-management/vendor/laravel/framework/src/Illuminate/Routing/Route.php(265): Illuminate/Routing/ControllerDispatcher->dispatch()
#7 G:/Projects/customer-management/vendor/laravel/framework/src/Illuminate/Routing/Route.php(211): Illuminate/Routing/Route->runController()
#8 G:/Projects/customer-management/vendor/laravel/framework/src/Illuminate/Routing/Router.php(822): Illuminate/Routing/Route->run()
#9 G:/Projects/customer-management/vendor/laravel/framework/src/Illuminate/Pipeline/Pipeline.php(180): Illuminate/Routing/Router->Illuminate/Routing/{closure}()
#10 G:/Projects/customer-management/vendor/laravel/framework/src/Illuminate/Routing/Middleware/SubstituteBindings.php(50): Illuminate/Pipeline/Pipeline->Illuminate/Pipeline/{closure}()
#11 G:/Projects/customer-management/vendor/laravel/framework/src/Illuminate/Pipeline/Pipeline.php(219): Illuminate/Routing/Middleware/SubstituteBindings->handle()
#12 G:/Projects/customer-management/vendor/laravel/framework/src/Illuminate/Auth/Middleware/Authenticate.php(63): Illuminate/Pipeline/Pipeline->Illuminate/Pipeline/{closure}()
#13 G:/Projects/customer-management/vendor/laravel/framework/src/Illuminate/Pipeline/Pipeline.php(219): Illuminate/Auth/Middleware/Authenticate->handle()
#14 G:/Projects/customer-management/vendor/laravel/framework/src/Illuminate/Pipeline/Pipeline.php(137): Illuminate/Pipeline/Pipeline->Illuminate/Pipeline/{closure}()
#15 G:/Projects/customer-management/vendor/laravel/framework/src/Illuminate/Routing/Router.php(821): Illuminate/Pipeline/Pipeline->then()
#16 G:/Projects/customer-management/vendor/laravel/framework/src/Illuminate/Routing/Router.php(800): Illuminate/Routing/Router->runRouteWithinStack()
#17 G:/Projects/customer-management/vendor/laravel/framework/src/Illuminate/Routing/Router.php(764): Illuminate/Routing/Router->runRoute()
#18 G:/Projects/customer-management/vendor/laravel/framework/src/Illuminate/Routing/Router.php(753): Illuminate/Routing/Router->dispatchToRoute()
#19 G:/Projects/customer-management/vendor/laravel/framework/src/Illuminate/Foundation/Http/Kernel.php(200): Illuminate/Routing/Router->dispatch()
#20 G:/Projects/customer-management/vendor/laravel/framework/src/Illuminate/Pipeline/Pipeline.php(180): Illuminate/Foundation/Http/Kernel->Illuminate/Foundation/Http/{closure}()
#21 G:/Projects/customer-management/vendor/laravel/framework/src/Illuminate/Foundation/Http/Middleware/TransformsRequest.php(21): Illuminate/Pipeline/Pipeline->Illuminate/Pipeline/{closure}()
#22 G:/Projects/customer-management/vendor/laravel/framework/src/Illuminate/Foundation/Http/Middleware/ConvertEmptyStringsToNull.php(31): Illuminate/Foundation/Http/Middleware/TransformsRequest->handle()
#23 G:/Projects/customer-management/vendor/laravel/framework/src/Illuminate/Pipeline/Pipeline.php(219): Illuminate/Foundation/Http/Middleware/ConvertEmptyStringsToNull->handle()
#24 G:/Projects/customer-management/vendor/laravel/framework/src/Illuminate/Foundation/Http/Middleware/TransformsRequest.php(21): Illuminate/Pipeline/Pipeline->Illuminate/Pipeline/{closure}()
#25 G:/Projects/customer-management/vendor/laravel/framework/src/Illuminate/Foundation/Http/Middleware/TrimStrings.php(51): Illuminate/Foundation/Http/Middleware/TransformsRequest->handle()
#26 G:/Projects/customer-management/vendor/laravel/framework/src/Illuminate/Pipeline/Pipeline.php(219): Illuminate/Foundation/Http/Middleware/TrimStrings->handle()
#27 G:/Projects/customer-management/vendor/laravel/framework/src/Illuminate/Http/Middleware/ValidatePostSize.php(27): Illuminate/Pipeline/Pipeline->Illuminate/Pipeline/{closure}()
#28 G:/Projects/customer-management/vendor/laravel/framework/src/Illuminate/Pipeline/Pipeline.php(219): Illuminate/Http/Middleware/ValidatePostSize->handle()
#29 G:/Projects/customer-management/vendor/laravel/framework/src/Illuminate/Foundation/Http/Middleware/PreventRequestsDuringMaintenance.php(109): Illuminate/Pipeline/Pipeline->Illuminate/Pipeline/{closure}()
#30 G:/Projects/customer-management/vendor/laravel/framework/src/Illuminate/Pipeline/Pipeline.php(219): Illuminate/Foundation/Http/Middleware/PreventRequestsDuringMaintenance->handle()
#31 G:/Projects/customer-management/vendor/laravel/framework/src/Illuminate/Http/Middleware/HandleCors.php(74): Illuminate/Pipeline/Pipeline->Illuminate/Pipeline/{closure}()
#32 G:/Projects/customer-management/vendor/laravel/framework/src/Illuminate/Pipeline/Pipeline.php(219): Illuminate/Http/Middleware/HandleCors->handle()
#33 G:/Projects/customer-management/vendor/laravel/framework/src/Illuminate/Http/Middleware/TrustProxies.php(58): Illuminate/Pipeline/Pipeline->Illuminate/Pipeline/{closure}()
#34 G:/Projects/customer-management/vendor/laravel/framework/src/Illuminate/Pipeline/Pipeline.php(219): Illuminate/Http/Middleware/TrustProxies->handle()
#35 G:/Projects/customer-management/vendor/laravel/framework/src/Illuminate/Foundation/Http/Middleware/InvokeDeferredCallbacks.php(22): Illuminate/Pipeline/Pipeline->Illuminate/Pipeline/{closure}()
#36 G:/Projects/customer-management/vendor/laravel/framework/src/Illuminate/Pipeline/Pipeline.php(219): Illuminate/Foundation/Http/Middleware/InvokeDeferredCallbacks->handle()
#37 G:/Projects/customer-management/vendor/laravel/framework/src/Illuminate/Http/Middleware/ValidatePathEncoding.php(26): Illuminate/Pipeline/Pipeline->Illuminate/Pipeline/{closure}()
#38 G:/Projects/customer-management/vendor/laravel/framework/src/Illuminate/Pipeline/Pipeline.php(219): Illuminate/Http/Middleware/ValidatePathEncoding->handle()
#39 G:/Projects/customer-management/vendor/laravel/framework/src/Illuminate/Pipeline/Pipeline.php(137): Illuminate/Pipeline/Pipeline->Illuminate/Pipeline/{closure}()
#40 G:/Projects/customer-management/vendor/laravel/framework/src/Illuminate/Foundation/Http/Kernel.php(175): Illuminate/Pipeline/Pipeline->then()
#41 G:/Projects/customer-management/vendor/laravel/framework/src/Illuminate/Foundation/Http/Kernel.php(144): Illuminate/Foundation/Http/Kernel->sendRequestThroughRouter()
#42 G:/Projects/customer-management/vendor/laravel/framework/src/Illuminate/Foundation/Application.php(1220): Illuminate/Foundation/Http/Kernel->handle()
#43 G:/Projects/customer-management/public/index.php(20): Illuminate/Foundation/Application->handleRequest()
#44 G:/Projects/customer-management/vendor/laravel/framework/src/Illuminate/Foundation/resources/server.php(23): require_once('...')
#45 {main}

[previous exception] [object] (GuzzleHttp\\Exception\\RequestException(code: 0): cURL error 60: SSL certificate problem: self-signed certificate in certificate chain (see https://curl.haxx.se/libcurl/c/libcurl-errors.html) for https://payment.momo.vn/v2/gateway/api/create at G:/Projects/customer-management/vendor/guzzlehttp/guzzle/src/Handler/CurlFactory.php:278)
[stacktrace]
#0 G:/Projects/customer-management/vendor/guzzlehttp/guzzle/src/Handler/CurlFactory.php(207): GuzzleHttp/Handler/CurlFactory::createRejection()
#1 G:/Projects/customer-management/vendor/guzzlehttp/guzzle/src/Handler/CurlFactory.php(159): GuzzleHttp/Handler/CurlFactory::finishError()
#2 G:/Projects/customer-management/vendor/guzzlehttp/guzzle/src/Handler/CurlHandler.php(47): GuzzleHttp/Handler/CurlFactory::finish()
#3 G:/Projects/customer-management/vendor/guzzlehttp/guzzle/src/Handler/Proxy.php(28): GuzzleHttp/Handler/CurlHandler->__invoke()
#4 G:/Projects/customer-management/vendor/guzzlehttp/guzzle/src/Handler/Proxy.php(48): GuzzleHttp/Handler/Proxy::GuzzleHttp/Handler/{closure}()
#5 G:/Projects/customer-management/vendor/laravel/framework/src/Illuminate/Http/Client/PendingRequest.php(1507): GuzzleHttp/Handler/Proxy::GuzzleHttp/Handler/{closure}()
#6 G:/Projects/customer-management/vendor/laravel/framework/src/Illuminate/Http/Client/PendingRequest.php(1466): Illuminate/Http/Client/PendingRequest->Illuminate/Http/Client/{closure}()
#7 G:/Projects/customer-management/vendor/laravel/framework/src/Illuminate/Http/Client/PendingRequest.php(1452): Illuminate/Http/Client/PendingRequest->Illuminate/Http/Client/{closure}()
#8 G:/Projects/customer-management/vendor/guzzlehttp/guzzle/src/PrepareBodyMiddleware.php(64): Illuminate/Http/Client/PendingRequest->Illuminate/Http/Client/{closure}()
#9 G:/Projects/customer-management/vendor/guzzlehttp/guzzle/src/Middleware.php(38): GuzzleHttp/PrepareBodyMiddleware->__invoke()
#10 G:/Projects/customer-management/vendor/guzzlehttp/guzzle/src/RedirectMiddleware.php(71): GuzzleHttp/Middleware::GuzzleHttp/{closure}()
#11 G:/Projects/customer-management/vendor/guzzlehttp/guzzle/src/Middleware.php(63): GuzzleHttp/RedirectMiddleware->__invoke()
#12 G:/Projects/customer-management/vendor/guzzlehttp/guzzle/src/HandlerStack.php(75): GuzzleHttp/Middleware::GuzzleHttp/{closure}()
#13 G:/Projects/customer-management/vendor/guzzlehttp/guzzle/src/Client.php(333): GuzzleHttp/HandlerStack->__invoke()
#14 G:/Projects/customer-management/vendor/guzzlehttp/guzzle/src/Client.php(169): GuzzleHttp/Client->transfer()
#15 G:/Projects/customer-management/vendor/guzzlehttp/guzzle/src/Client.php(189): GuzzleHttp/Client->requestAsync()
#16 G:/Projects/customer-management/vendor/laravel/framework/src/Illuminate/Http/Client/PendingRequest.php(1292): GuzzleHttp/Client->request()
#17 G:/Projects/customer-management/vendor/laravel/framework/src/Illuminate/Http/Client/PendingRequest.php(1029): Illuminate/Http/Client/PendingRequest->sendRequest()
#18 G:/Projects/customer-management/vendor/laravel/framework/src/Illuminate/Support/helpers.php(327): Illuminate/Http/Client/PendingRequest->Illuminate/Http/Client/{closure}()
#19 G:/Projects/customer-management/vendor/laravel/framework/src/Illuminate/Http/Client/PendingRequest.php(1027): retry()
#20 G:/Projects/customer-management/vendor/laravel/framework/src/Illuminate/Http/Client/PendingRequest.php(879): Illuminate/Http/Client/PendingRequest->send()
#21 G:/Projects/customer-management/app/Http/Controllers/Api/MoMoController.php(55): Illuminate/Http/Client/PendingRequest->post()
#22 G:/Projects/customer-management/vendor/laravel/framework/src/Illuminate/Routing/ControllerDispatcher.php(46): App/Http/Controllers/Api/MoMoController->generateQR()
#23 G:/Projects/customer-management/vendor/laravel/framework/src/Illuminate/Routing/Route.php(265): Illuminate/Routing/ControllerDispatcher->dispatch()
#24 G:/Projects/customer-management/vendor/laravel/framework/src/Illuminate/Routing/Route.php(211): Illuminate/Routing/Route->runController()
#25 G:/Projects/customer-management/vendor/laravel/framework/src/Illuminate/Routing/Router.php(822): Illuminate/Routing/Route->run()
#26 G:/Projects/customer-management/vendor/laravel/framework/src/Illuminate/Pipeline/Pipeline.php(180): Illuminate/Routing/Router->Illuminate/Routing/{closure}()
#27 G:/Projects/customer-management/vendor/laravel/framework/src/Illuminate/Routing/Middleware/SubstituteBindings.php(50): Illuminate/Pipeline/Pipeline->Illuminate/Pipeline/{closure}()
#28 G:/Projects/customer-management/vendor/laravel/framework/src/Illuminate/Pipeline/Pipeline.php(219): Illuminate/Routing/Middleware/SubstituteBindings->handle()
#29 G:/Projects/customer-management/vendor/laravel/framework/src/Illuminate/Auth/Middleware/Authenticate.php(63): Illuminate/Pipeline/Pipeline->Illuminate/Pipeline/{closure}()
#30 G:/Projects/customer-management/vendor/laravel/framework/src/Illuminate/Pipeline/Pipeline.php(219): Illuminate/Auth/Middleware/Authenticate->handle()
#31 G:/Projects/customer-management/vendor/laravel/framework/src/Illuminate/Pipeline/Pipeline.php(137): Illuminate/Pipeline/Pipeline->Illuminate/Pipeline/{closure}()
#32 G:/Projects/customer-management/vendor/laravel/framework/src/Illuminate/Routing/Router.php(821): Illuminate/Pipeline/Pipeline->then()
#33 G:/Projects/customer-management/vendor/laravel/framework/src/Illuminate/Routing/Router.php(800): Illuminate/Routing/Router->runRouteWithinStack()
#34 G:/Projects/customer-management/vendor/laravel/framework/src/Illuminate/Routing/Router.php(764): Illuminate/Routing/Router->runRoute()
#35 G:/Projects/customer-management/vendor/laravel/framework/src/Illuminate/Routing/Router.php(753): Illuminate/Routing/Router->dispatchToRoute()
#36 G:/Projects/customer-management/vendor/laravel/framework/src/Illuminate/Foundation/Http/Kernel.php(200): Illuminate/Routing/Router->dispatch()
#37 G:/Projects/customer-management/vendor/laravel/framework/src/Illuminate/Pipeline/Pipeline.php(180): Illuminate/Foundation/Http/Kernel->Illuminate/Foundation/Http/{closure}()
#38 G:/Projects/customer-management/vendor/laravel/framework/src/Illuminate/Foundation/Http/Middleware/TransformsRequest.php(21): Illuminate/Pipeline/Pipeline->Illuminate/Pipeline/{closure}()
#39 G:/Projects/customer-management/vendor/laravel/framework/src/Illuminate/Foundation/Http/Middleware/ConvertEmptyStringsToNull.php(31): Illuminate/Foundation/Http/Middleware/TransformsRequest->handle()
#40 G:/Projects/customer-management/vendor/laravel/framework/src/Illuminate/Pipeline/Pipeline.php(219): Illuminate/Foundation/Http/Middleware/ConvertEmptyStringsToNull->handle()
#41 G:/Projects/customer-management/vendor/laravel/framework/src/Illuminate/Foundation/Http/Middleware/TransformsRequest.php(21): Illuminate/Pipeline/Pipeline->Illuminate/Pipeline/{closure}()
#42 G:/Projects/customer-management/vendor/laravel/framework/src/Illuminate/Foundation/Http/Middleware/TrimStrings.php(51): Illuminate/Foundation/Http/Middleware/TransformsRequest->handle()
#43 G:/Projects/customer-management/vendor/laravel/framework/src/Illuminate/Pipeline/Pipeline.php(219): Illuminate/Foundation/Http/Middleware/TrimStrings->handle()
#44 G:/Projects/customer-management/vendor/laravel/framework/src/Illuminate/Http/Middleware/ValidatePostSize.php(27): Illuminate/Pipeline/Pipeline->Illuminate/Pipeline/{closure}()
#45 G:/Projects/customer-management/vendor/laravel/framework/src/Illuminate/Pipeline/Pipeline.php(219): Illuminate/Http/Middleware/ValidatePostSize->handle()
#46 G:/Projects/customer-management/vendor/laravel/framework/src/Illuminate/Foundation/Http/Middleware/PreventRequestsDuringMaintenance.php(109): Illuminate/Pipeline/Pipeline->Illuminate/Pipeline/{closure}()
#47 G:/Projects/customer-management/vendor/laravel/framework/src/Illuminate/Pipeline/Pipeline.php(219): Illuminate/Foundation/Http/Middleware/PreventRequestsDuringMaintenance->handle()
#48 G:/Projects/customer-management/vendor/laravel/framework/src/Illuminate/Http/Middleware/HandleCors.php(74): Illuminate/Pipeline/Pipeline->Illuminate/Pipeline/{closure}()
#49 G:/Projects/customer-management/vendor/laravel/framework/src/Illuminate/Pipeline/Pipeline.php(219): Illuminate/Http/Middleware/HandleCors->handle()
#50 G:/Projects/customer-management/vendor/laravel/framework/src/Illuminate/Http/Middleware/TrustProxies.php(58): Illuminate/Pipeline/Pipeline->Illuminate/Pipeline/{closure}()
#51 G:/Projects/customer-management/vendor/laravel/framework/src/Illuminate/Pipeline/Pipeline.php(219): Illuminate/Http/Middleware/TrustProxies->handle()
#52 G:/Projects/customer-management/vendor/laravel/framework/src/Illuminate/Foundation/Http/Middleware/InvokeDeferredCallbacks.php(22): Illuminate/Pipeline/Pipeline->Illuminate/Pipeline/{closure}()
#53 G:/Projects/customer-management/vendor/laravel/framework/src/Illuminate/Pipeline/Pipeline.php(219): Illuminate/Foundation/Http/Middleware/InvokeDeferredCallbacks->handle()
#54 G:/Projects/customer-management/vendor/laravel/framework/src/Illuminate/Http/Middleware/ValidatePathEncoding.php(26): Illuminate/Pipeline/Pipeline->Illuminate/Pipeline/{closure}()
#55 G:/Projects/customer-management/vendor/laravel/framework/src/Illuminate/Pipeline/Pipeline.php(219): Illuminate/Http/Middleware/ValidatePathEncoding->handle()
#56 G:/Projects/customer-management/vendor/laravel/framework/src/Illuminate/Pipeline/Pipeline.php(137): Illuminate/Pipeline/Pipeline->Illuminate/Pipeline/{closure}()
#57 G:/Projects/customer-management/vendor/laravel/framework/src/Illuminate/Foundation/Http/Kernel.php(175): Illuminate/Pipeline/Pipeline->then()
#58 G:/Projects/customer-management/vendor/laravel/framework/src/Illuminate/Foundation/Http/Kernel.php(144): Illuminate/Foundation/Http/Kernel->sendRequestThroughRouter()
#59 G:/Projects/customer-management/vendor/laravel/framework/src/Illuminate/Foundation/Application.php(1220): Illuminate/Foundation/Http/Kernel->handle()
#60 G:/Projects/customer-management/public/index.php(20): Illuminate/Foundation/Application->handleRequest()
#61 G:/Projects/customer-management/vendor/laravel/framework/src/Illuminate/Foundation/resources/server.php(23): require_once('...')
#62 {main}
"} 
[2026-02-11 03:32:37] local.ERROR: Chưa cấu hình Gemini API Key (GEMINI_API_KEY) {"userId":1,"exception":"[object] (Exception(code: 0): Chưa cấu hình Gemini API Key (GEMINI_API_KEY) at G:/Projects/customer-management/app/Services/TransactionService.php:112)
[stacktrace]
#0 G:/Projects/customer-management/app/Http/Controllers/Api/TransactionController.php(195): App/Services/TransactionService->scanCCCD()
#1 G:/Projects/customer-management/vendor/laravel/framework/src/Illuminate/Routing/ControllerDispatcher.php(46): App/Http/Controllers/Api/TransactionController->scanCCCD()
#2 G:/Projects/customer-management/vendor/laravel/framework/src/Illuminate/Routing/Route.php(265): Illuminate/Routing/ControllerDispatcher->dispatch()
#3 G:/Projects/customer-management/vendor/laravel/framework/src/Illuminate/Routing/Route.php(211): Illuminate/Routing/Route->runController()
#4 G:/Projects/customer-management/vendor/laravel/framework/src/Illuminate/Routing/Router.php(822): Illuminate/Routing/Route->run()
#5 G:/Projects/customer-management/vendor/laravel/framework/src/Illuminate/Pipeline/Pipeline.php(180): Illuminate/Routing/Router->Illuminate/Routing/{closure}()
#6 G:/Projects/customer-management/vendor/laravel/framework/src/Illuminate/Routing/Middleware/SubstituteBindings.php(50): Illuminate/Pipeline/Pipeline->Illuminate/Pipeline/{closure}()
#7 G:/Projects/customer-management/vendor/laravel/framework/src/Illuminate/Pipeline/Pipeline.php(219): Illuminate/Routing/Middleware/SubstituteBindings->handle()
#8 G:/Projects/customer-management/vendor/laravel/framework/src/Illuminate/Auth/Middleware/Authenticate.php(63): Illuminate/Pipeline/Pipeline->Illuminate/Pipeline/{closure}()
#9 G:/Projects/customer-management/vendor/laravel/framework/src/Illuminate/Pipeline/Pipeline.php(219): Illuminate/Auth/Middleware/Authenticate->handle()
#10 G:/Projects/customer-management/vendor/laravel/framework/src/Illuminate/Pipeline/Pipeline.php(137): Illuminate/Pipeline/Pipeline->Illuminate/Pipeline/{closure}()
#11 G:/Projects/customer-management/vendor/laravel/framework/src/Illuminate/Routing/Router.php(821): Illuminate/Pipeline/Pipeline->then()
#12 G:/Projects/customer-management/vendor/laravel/framework/src/Illuminate/Routing/Router.php(800): Illuminate/Routing/Router->runRouteWithinStack()
#13 G:/Projects/customer-management/vendor/laravel/framework/src/Illuminate/Routing/Router.php(764): Illuminate/Routing/Router->runRoute()
#14 G:/Projects/customer-management/vendor/laravel/framework/src/Illuminate/Routing/Router.php(753): Illuminate/Routing/Router->dispatchToRoute()
#15 G:/Projects/customer-management/vendor/laravel/framework/src/Illuminate/Foundation/Http/Kernel.php(200): Illuminate/Routing/Router->dispatch()
#16 G:/Projects/customer-management/vendor/laravel/framework/src/Illuminate/Pipeline/Pipeline.php(180): Illuminate/Foundation/Http/Kernel->Illuminate/Foundation/Http/{closure}()
#17 G:/Projects/customer-management/vendor/laravel/framework/src/Illuminate/Foundation/Http/Middleware/TransformsRequest.php(21): Illuminate/Pipeline/Pipeline->Illuminate/Pipeline/{closure}()
#18 G:/Projects/customer-management/vendor/laravel/framework/src/Illuminate/Foundation/Http/Middleware/ConvertEmptyStringsToNull.php(31): Illuminate/Foundation/Http/Middleware/TransformsRequest->handle()
#19 G:/Projects/customer-management/vendor/laravel/framework/src/Illuminate/Pipeline/Pipeline.php(219): Illuminate/Foundation/Http/Middleware/ConvertEmptyStringsToNull->handle()
#20 G:/Projects/customer-management/vendor/laravel/framework/src/Illuminate/Foundation/Http/Middleware/TransformsRequest.php(21): Illuminate/Pipeline/Pipeline->Illuminate/Pipeline/{closure}()
#21 G:/Projects/customer-management/vendor/laravel/framework/src/Illuminate/Foundation/Http/Middleware/TrimStrings.php(51): Illuminate/Foundation/Http/Middleware/TransformsRequest->handle()
#22 G:/Projects/customer-management/vendor/laravel/framework/src/Illuminate/Pipeline/Pipeline.php(219): Illuminate/Foundation/Http/Middleware/TrimStrings->handle()
#23 G:/Projects/customer-management/vendor/laravel/framework/src/Illuminate/Http/Middleware/ValidatePostSize.php(27): Illuminate/Pipeline/Pipeline->Illuminate/Pipeline/{closure}()
#24 G:/Projects/customer-management/vendor/laravel/framework/src/Illuminate/Pipeline/Pipeline.php(219): Illuminate/Http/Middleware/ValidatePostSize->handle()
#25 G:/Projects/customer-management/vendor/laravel/framework/src/Illuminate/Foundation/Http/Middleware/PreventRequestsDuringMaintenance.php(109): Illuminate/Pipeline/Pipeline->Illuminate/Pipeline/{closure}()
#26 G:/Projects/customer-management/vendor/laravel/framework/src/Illuminate/Pipeline/Pipeline.php(219): Illuminate/Foundation/Http/Middleware/PreventRequestsDuringMaintenance->handle()
#27 G:/Projects/customer-management/vendor/laravel/framework/src/Illuminate/Http/Middleware/HandleCors.php(74): Illuminate/Pipeline/Pipeline->Illuminate/Pipeline/{closure}()
#28 G:/Projects/customer-management/vendor/laravel/framework/src/Illuminate/Pipeline/Pipeline.php(219): Illuminate/Http/Middleware/HandleCors->handle()
#29 G:/Projects/customer-management/vendor/laravel/framework/src/Illuminate/Http/Middleware/TrustProxies.php(58): Illuminate/Pipeline/Pipeline->Illuminate/Pipeline/{closure}()
#30 G:/Projects/customer-management/vendor/laravel/framework/src/Illuminate/Pipeline/Pipeline.php(219): Illuminate/Http/Middleware/TrustProxies->handle()
#31 G:/Projects/customer-management/vendor/laravel/framework/src/Illuminate/Foundation/Http/Middleware/InvokeDeferredCallbacks.php(22): Illuminate/Pipeline/Pipeline->Illuminate/Pipeline/{closure}()
#32 G:/Projects/customer-management/vendor/laravel/framework/src/Illuminate/Pipeline/Pipeline.php(219): Illuminate/Foundation/Http/Middleware/InvokeDeferredCallbacks->handle()
#33 G:/Projects/customer-management/vendor/laravel/framework/src/Illuminate/Http/Middleware/ValidatePathEncoding.php(26): Illuminate/Pipeline/Pipeline->Illuminate/Pipeline/{closure}()
#34 G:/Projects/customer-management/vendor/laravel/framework/src/Illuminate/Pipeline/Pipeline.php(219): Illuminate/Http/Middleware/ValidatePathEncoding->handle()
#35 G:/Projects/customer-management/vendor/laravel/framework/src/Illuminate/Pipeline/Pipeline.php(137): Illuminate/Pipeline/Pipeline->Illuminate/Pipeline/{closure}()
#36 G:/Projects/customer-management/vendor/laravel/framework/src/Illuminate/Foundation/Http/Kernel.php(175): Illuminate/Pipeline/Pipeline->then()
#37 G:/Projects/customer-management/vendor/laravel/framework/src/Illuminate/Foundation/Http/Kernel.php(144): Illuminate/Foundation/Http/Kernel->sendRequestThroughRouter()
#38 G:/Projects/customer-management/vendor/laravel/framework/src/Illuminate/Foundation/Application.php(1220): Illuminate/Foundation/Http/Kernel->handle()
#39 G:/Projects/customer-management/public/index.php(20): Illuminate/Foundation/Application->handleRequest()
#40 G:/Projects/customer-management/vendor/laravel/framework/src/Illuminate/Foundation/resources/server.php(23): require_once('...')
#41 {main}
"} 
[2026-02-11 03:34:18] local.ERROR: cURL error 60: SSL certificate problem: unable to get local issuer certificate (see https://curl.haxx.se/libcurl/c/libcurl-errors.html) for https://generativelanguage.googleapis.com/v1beta/models/gemini-2.0-flash-exp:generateContent?key=AIzaSyCYlwkEZDuJuxfLfz6H2aYjTZCnNyo88bY {"userId":1,"exception":"[object] (Illuminate\\Http\\Client\\ConnectionException(code: 0): cURL error 60: SSL certificate problem: unable to get local issuer certificate (see https://curl.haxx.se/libcurl/c/libcurl-errors.html) for https://generativelanguage.googleapis.com/v1beta/models/gemini-2.0-flash-exp:generateContent?key=AIzaSyCYlwkEZDuJuxfLfz6H2aYjTZCnNyo88bY at G:/Projects/customer-management/vendor/laravel/framework/src/Illuminate/Http/Client/PendingRequest.php:1808)
[stacktrace]
#0 G:/Projects/customer-management/vendor/laravel/framework/src/Illuminate/Http/Client/PendingRequest.php(1071): Illuminate/Http/Client/PendingRequest->marshalRequestExceptionWithoutResponse()
#1 G:/Projects/customer-management/vendor/laravel/framework/src/Illuminate/Support/helpers.php(327): Illuminate/Http/Client/PendingRequest->Illuminate/Http/Client/{closure}()
#2 G:/Projects/customer-management/vendor/laravel/framework/src/Illuminate/Http/Client/PendingRequest.php(1027): retry()
#3 G:/Projects/customer-management/vendor/laravel/framework/src/Illuminate/Http/Client/PendingRequest.php(879): Illuminate/Http/Client/PendingRequest->send()
#4 G:/Projects/customer-management/app/Services/TransactionService.php(144): Illuminate/Http/Client/PendingRequest->post()
#5 G:/Projects/customer-management/app/Http/Controllers/Api/TransactionController.php(195): App/Services/TransactionService->scanCCCD()
#6 G:/Projects/customer-management/vendor/laravel/framework/src/Illuminate/Routing/ControllerDispatcher.php(46): App/Http/Controllers/Api/TransactionController->scanCCCD()
#7 G:/Projects/customer-management/vendor/laravel/framework/src/Illuminate/Routing/Route.php(265): Illuminate/Routing/ControllerDispatcher->dispatch()
#8 G:/Projects/customer-management/vendor/laravel/framework/src/Illuminate/Routing/Route.php(211): Illuminate/Routing/Route->runController()
#9 G:/Projects/customer-management/vendor/laravel/framework/src/Illuminate/Routing/Router.php(822): Illuminate/Routing/Route->run()
#10 G:/Projects/customer-management/vendor/laravel/framework/src/Illuminate/Pipeline/Pipeline.php(180): Illuminate/Routing/Router->Illuminate/Routing/{closure}()
#11 G:/Projects/customer-management/vendor/laravel/framework/src/Illuminate/Routing/Middleware/SubstituteBindings.php(50): Illuminate/Pipeline/Pipeline->Illuminate/Pipeline/{closure}()
#12 G:/Projects/customer-management/vendor/laravel/framework/src/Illuminate/Pipeline/Pipeline.php(219): Illuminate/Routing/Middleware/SubstituteBindings->handle()
#13 G:/Projects/customer-management/vendor/laravel/framework/src/Illuminate/Auth/Middleware/Authenticate.php(63): Illuminate/Pipeline/Pipeline->Illuminate/Pipeline/{closure}()
#14 G:/Projects/customer-management/vendor/laravel/framework/src/Illuminate/Pipeline/Pipeline.php(219): Illuminate/Auth/Middleware/Authenticate->handle()
#15 G:/Projects/customer-management/vendor/laravel/framework/src/Illuminate/Pipeline/Pipeline.php(137): Illuminate/Pipeline/Pipeline->Illuminate/Pipeline/{closure}()
#16 G:/Projects/customer-management/vendor/laravel/framework/src/Illuminate/Routing/Router.php(821): Illuminate/Pipeline/Pipeline->then()
#17 G:/Projects/customer-management/vendor/laravel/framework/src/Illuminate/Routing/Router.php(800): Illuminate/Routing/Router->runRouteWithinStack()
#18 G:/Projects/customer-management/vendor/laravel/framework/src/Illuminate/Routing/Router.php(764): Illuminate/Routing/Router->runRoute()
#19 G:/Projects/customer-management/vendor/laravel/framework/src/Illuminate/Routing/Router.php(753): Illuminate/Routing/Router->dispatchToRoute()
#20 G:/Projects/customer-management/vendor/laravel/framework/src/Illuminate/Foundation/Http/Kernel.php(200): Illuminate/Routing/Router->dispatch()
#21 G:/Projects/customer-management/vendor/laravel/framework/src/Illuminate/Pipeline/Pipeline.php(180): Illuminate/Foundation/Http/Kernel->Illuminate/Foundation/Http/{closure}()
#22 G:/Projects/customer-management/vendor/laravel/framework/src/Illuminate/Foundation/Http/Middleware/TransformsRequest.php(21): Illuminate/Pipeline/Pipeline->Illuminate/Pipeline/{closure}()
#23 G:/Projects/customer-management/vendor/laravel/framework/src/Illuminate/Foundation/Http/Middleware/ConvertEmptyStringsToNull.php(31): Illuminate/Foundation/Http/Middleware/TransformsRequest->handle()
#24 G:/Projects/customer-management/vendor/laravel/framework/src/Illuminate/Pipeline/Pipeline.php(219): Illuminate/Foundation/Http/Middleware/ConvertEmptyStringsToNull->handle()
#25 G:/Projects/customer-management/vendor/laravel/framework/src/Illuminate/Foundation/Http/Middleware/TransformsRequest.php(21): Illuminate/Pipeline/Pipeline->Illuminate/Pipeline/{closure}()
#26 G:/Projects/customer-management/vendor/laravel/framework/src/Illuminate/Foundation/Http/Middleware/TrimStrings.php(51): Illuminate/Foundation/Http/Middleware/TransformsRequest->handle()
#27 G:/Projects/customer-management/vendor/laravel/framework/src/Illuminate/Pipeline/Pipeline.php(219): Illuminate/Foundation/Http/Middleware/TrimStrings->handle()
#28 G:/Projects/customer-management/vendor/laravel/framework/src/Illuminate/Http/Middleware/ValidatePostSize.php(27): Illuminate/Pipeline/Pipeline->Illuminate/Pipeline/{closure}()
#29 G:/Projects/customer-management/vendor/laravel/framework/src/Illuminate/Pipeline/Pipeline.php(219): Illuminate/Http/Middleware/ValidatePostSize->handle()
#30 G:/Projects/customer-management/vendor/laravel/framework/src/Illuminate/Foundation/Http/Middleware/PreventRequestsDuringMaintenance.php(109): Illuminate/Pipeline/Pipeline->Illuminate/Pipeline/{closure}()
#31 G:/Projects/customer-management/vendor/laravel/framework/src/Illuminate/Pipeline/Pipeline.php(219): Illuminate/Foundation/Http/Middleware/PreventRequestsDuringMaintenance->handle()
#32 G:/Projects/customer-management/vendor/laravel/framework/src/Illuminate/Http/Middleware/HandleCors.php(74): Illuminate/Pipeline/Pipeline->Illuminate/Pipeline/{closure}()
#33 G:/Projects/customer-management/vendor/laravel/framework/src/Illuminate/Pipeline/Pipeline.php(219): Illuminate/Http/Middleware/HandleCors->handle()
#34 G:/Projects/customer-management/vendor/laravel/framework/src/Illuminate/Http/Middleware/TrustProxies.php(58): Illuminate/Pipeline/Pipeline->Illuminate/Pipeline/{closure}()
#35 G:/Projects/customer-management/vendor/laravel/framework/src/Illuminate/Pipeline/Pipeline.php(219): Illuminate/Http/Middleware/TrustProxies->handle()
#36 G:/Projects/customer-management/vendor/laravel/framework/src/Illuminate/Foundation/Http/Middleware/InvokeDeferredCallbacks.php(22): Illuminate/Pipeline/Pipeline->Illuminate/Pipeline/{closure}()
#37 G:/Projects/customer-management/vendor/laravel/framework/src/Illuminate/Pipeline/Pipeline.php(219): Illuminate/Foundation/Http/Middleware/InvokeDeferredCallbacks->handle()
#38 G:/Projects/customer-management/vendor/laravel/framework/src/Illuminate/Http/Middleware/ValidatePathEncoding.php(26): Illuminate/Pipeline/Pipeline->Illuminate/Pipeline/{closure}()
#39 G:/Projects/customer-management/vendor/laravel/framework/src/Illuminate/Pipeline/Pipeline.php(219): Illuminate/Http/Middleware/ValidatePathEncoding->handle()
#40 G:/Projects/customer-management/vendor/laravel/framework/src/Illuminate/Pipeline/Pipeline.php(137): Illuminate/Pipeline/Pipeline->Illuminate/Pipeline/{closure}()
#41 G:/Projects/customer-management/vendor/laravel/framework/src/Illuminate/Foundation/Http/Kernel.php(175): Illuminate/Pipeline/Pipeline->then()
#42 G:/Projects/customer-management/vendor/laravel/framework/src/Illuminate/Foundation/Http/Kernel.php(144): Illuminate/Foundation/Http/Kernel->sendRequestThroughRouter()
#43 G:/Projects/customer-management/vendor/laravel/framework/src/Illuminate/Foundation/Application.php(1220): Illuminate/Foundation/Http/Kernel->handle()
#44 G:/Projects/customer-management/public/index.php(20): Illuminate/Foundation/Application->handleRequest()
#45 G:/Projects/customer-management/vendor/laravel/framework/src/Illuminate/Foundation/resources/server.php(23): require_once('...')
#46 {main}

[previous exception] [object] (GuzzleHttp\\Exception\\RequestException(code: 0): cURL error 60: SSL certificate problem: unable to get local issuer certificate (see https://curl.haxx.se/libcurl/c/libcurl-errors.html) for https://generativelanguage.googleapis.com/v1beta/models/gemini-2.0-flash-exp:generateContent?key=AIzaSyCYlwkEZDuJuxfLfz6H2aYjTZCnNyo88bY at G:/Projects/customer-management/vendor/guzzlehttp/guzzle/src/Handler/CurlFactory.php:278)
[stacktrace]
#0 G:/Projects/customer-management/vendor/guzzlehttp/guzzle/src/Handler/CurlFactory.php(207): GuzzleHttp/Handler/CurlFactory::createRejection()
#1 G:/Projects/customer-management/vendor/guzzlehttp/guzzle/src/Handler/CurlFactory.php(159): GuzzleHttp/Handler/CurlFactory::finishError()
#2 G:/Projects/customer-management/vendor/guzzlehttp/guzzle/src/Handler/CurlHandler.php(47): GuzzleHttp/Handler/CurlFactory::finish()
#3 G:/Projects/customer-management/vendor/guzzlehttp/guzzle/src/Handler/Proxy.php(28): GuzzleHttp/Handler/CurlHandler->__invoke()
#4 G:/Projects/customer-management/vendor/guzzlehttp/guzzle/src/Handler/Proxy.php(48): GuzzleHttp/Handler/Proxy::GuzzleHttp/Handler/{closure}()
#5 G:/Projects/customer-management/vendor/laravel/framework/src/Illuminate/Http/Client/PendingRequest.php(1507): GuzzleHttp/Handler/Proxy::GuzzleHttp/Handler/{closure}()
#6 G:/Projects/customer-management/vendor/laravel/framework/src/Illuminate/Http/Client/PendingRequest.php(1466): Illuminate/Http/Client/PendingRequest->Illuminate/Http/Client/{closure}()
#7 G:/Projects/customer-management/vendor/laravel/framework/src/Illuminate/Http/Client/PendingRequest.php(1452): Illuminate/Http/Client/PendingRequest->Illuminate/Http/Client/{closure}()
#8 G:/Projects/customer-management/vendor/guzzlehttp/guzzle/src/PrepareBodyMiddleware.php(64): Illuminate/Http/Client/PendingRequest->Illuminate/Http/Client/{closure}()
#9 G:/Projects/customer-management/vendor/guzzlehttp/guzzle/src/Middleware.php(38): GuzzleHttp/PrepareBodyMiddleware->__invoke()
#10 G:/Projects/customer-management/vendor/guzzlehttp/guzzle/src/RedirectMiddleware.php(71): GuzzleHttp/Middleware::GuzzleHttp/{closure}()
#11 G:/Projects/customer-management/vendor/guzzlehttp/guzzle/src/Middleware.php(63): GuzzleHttp/RedirectMiddleware->__invoke()
#12 G:/Projects/customer-management/vendor/guzzlehttp/guzzle/src/HandlerStack.php(75): GuzzleHttp/Middleware::GuzzleHttp/{closure}()
#13 G:/Projects/customer-management/vendor/guzzlehttp/guzzle/src/Client.php(333): GuzzleHttp/HandlerStack->__invoke()
#14 G:/Projects/customer-management/vendor/guzzlehttp/guzzle/src/Client.php(169): GuzzleHttp/Client->transfer()
#15 G:/Projects/customer-management/vendor/guzzlehttp/guzzle/src/Client.php(189): GuzzleHttp/Client->requestAsync()
#16 G:/Projects/customer-management/vendor/laravel/framework/src/Illuminate/Http/Client/PendingRequest.php(1292): GuzzleHttp/Client->request()
#17 G:/Projects/customer-management/vendor/laravel/framework/src/Illuminate/Http/Client/PendingRequest.php(1029): Illuminate/Http/Client/PendingRequest->sendRequest()
#18 G:/Projects/customer-management/vendor/laravel/framework/src/Illuminate/Support/helpers.php(327): Illuminate/Http/Client/PendingRequest->Illuminate/Http/Client/{closure}()
#19 G:/Projects/customer-management/vendor/laravel/framework/src/Illuminate/Http/Client/PendingRequest.php(1027): retry()
#20 G:/Projects/customer-management/vendor/laravel/framework/src/Illuminate/Http/Client/PendingRequest.php(879): Illuminate/Http/Client/PendingRequest->send()
#21 G:/Projects/customer-management/app/Services/TransactionService.php(144): Illuminate/Http/Client/PendingRequest->post()
#22 G:/Projects/customer-management/app/Http/Controllers/Api/TransactionController.php(195): App/Services/TransactionService->scanCCCD()
#23 G:/Projects/customer-management/vendor/laravel/framework/src/Illuminate/Routing/ControllerDispatcher.php(46): App/Http/Controllers/Api/TransactionController->scanCCCD()
#24 G:/Projects/customer-management/vendor/laravel/framework/src/Illuminate/Routing/Route.php(265): Illuminate/Routing/ControllerDispatcher->dispatch()
#25 G:/Projects/customer-management/vendor/laravel/framework/src/Illuminate/Routing/Route.php(211): Illuminate/Routing/Route->runController()
#26 G:/Projects/customer-management/vendor/laravel/framework/src/Illuminate/Routing/Router.php(822): Illuminate/Routing/Route->run()
#27 G:/Projects/customer-management/vendor/laravel/framework/src/Illuminate/Pipeline/Pipeline.php(180): Illuminate/Routing/Router->Illuminate/Routing/{closure}()
#28 G:/Projects/customer-management/vendor/laravel/framework/src/Illuminate/Routing/Middleware/SubstituteBindings.php(50): Illuminate/Pipeline/Pipeline->Illuminate/Pipeline/{closure}()
#29 G:/Projects/customer-management/vendor/laravel/framework/src/Illuminate/Pipeline/Pipeline.php(219): Illuminate/Routing/Middleware/SubstituteBindings->handle()
#30 G:/Projects/customer-management/vendor/laravel/framework/src/Illuminate/Auth/Middleware/Authenticate.php(63): Illuminate/Pipeline/Pipeline->Illuminate/Pipeline/{closure}()
#31 G:/Projects/customer-management/vendor/laravel/framework/src/Illuminate/Pipeline/Pipeline.php(219): Illuminate/Auth/Middleware/Authenticate->handle()
#32 G:/Projects/customer-management/vendor/laravel/framework/src/Illuminate/Pipeline/Pipeline.php(137): Illuminate/Pipeline/Pipeline->Illuminate/Pipeline/{closure}()
#33 G:/Projects/customer-management/vendor/laravel/framework/src/Illuminate/Routing/Router.php(821): Illuminate/Pipeline/Pipeline->then()
#34 G:/Projects/customer-management/vendor/laravel/framework/src/Illuminate/Routing/Router.php(800): Illuminate/Routing/Router->runRouteWithinStack()
#35 G:/Projects/customer-management/vendor/laravel/framework/src/Illuminate/Routing/Router.php(764): Illuminate/Routing/Router->runRoute()
#36 G:/Projects/customer-management/vendor/laravel/framework/src/Illuminate/Routing/Router.php(753): Illuminate/Routing/Router->dispatchToRoute()
#37 G:/Projects/customer-management/vendor/laravel/framework/src/Illuminate/Foundation/Http/Kernel.php(200): Illuminate/Routing/Router->dispatch()
#38 G:/Projects/customer-management/vendor/laravel/framework/src/Illuminate/Pipeline/Pipeline.php(180): Illuminate/Foundation/Http/Kernel->Illuminate/Foundation/Http/{closure}()
#39 G:/Projects/customer-management/vendor/laravel/framework/src/Illuminate/Foundation/Http/Middleware/TransformsRequest.php(21): Illuminate/Pipeline/Pipeline->Illuminate/Pipeline/{closure}()
#40 G:/Projects/customer-management/vendor/laravel/framework/src/Illuminate/Foundation/Http/Middleware/ConvertEmptyStringsToNull.php(31): Illuminate/Foundation/Http/Middleware/TransformsRequest->handle()
#41 G:/Projects/customer-management/vendor/laravel/framework/src/Illuminate/Pipeline/Pipeline.php(219): Illuminate/Foundation/Http/Middleware/ConvertEmptyStringsToNull->handle()
#42 G:/Projects/customer-management/vendor/laravel/framework/src/Illuminate/Foundation/Http/Middleware/TransformsRequest.php(21): Illuminate/Pipeline/Pipeline->Illuminate/Pipeline/{closure}()
#43 G:/Projects/customer-management/vendor/laravel/framework/src/Illuminate/Foundation/Http/Middleware/TrimStrings.php(51): Illuminate/Foundation/Http/Middleware/TransformsRequest->handle()
#44 G:/Projects/customer-management/vendor/laravel/framework/src/Illuminate/Pipeline/Pipeline.php(219): Illuminate/Foundation/Http/Middleware/TrimStrings->handle()
#45 G:/Projects/customer-management/vendor/laravel/framework/src/Illuminate/Http/Middleware/ValidatePostSize.php(27): Illuminate/Pipeline/Pipeline->Illuminate/Pipeline/{closure}()
#46 G:/Projects/customer-management/vendor/laravel/framework/src/Illuminate/Pipeline/Pipeline.php(219): Illuminate/Http/Middleware/ValidatePostSize->handle()
#47 G:/Projects/customer-management/vendor/laravel/framework/src/Illuminate/Foundation/Http/Middleware/PreventRequestsDuringMaintenance.php(109): Illuminate/Pipeline/Pipeline->Illuminate/Pipeline/{closure}()
#48 G:/Projects/customer-management/vendor/laravel/framework/src/Illuminate/Pipeline/Pipeline.php(219): Illuminate/Foundation/Http/Middleware/PreventRequestsDuringMaintenance->handle()
#49 G:/Projects/customer-management/vendor/laravel/framework/src/Illuminate/Http/Middleware/HandleCors.php(74): Illuminate/Pipeline/Pipeline->Illuminate/Pipeline/{closure}()
#50 G:/Projects/customer-management/vendor/laravel/framework/src/Illuminate/Pipeline/Pipeline.php(219): Illuminate/Http/Middleware/HandleCors->handle()
#51 G:/Projects/customer-management/vendor/laravel/framework/src/Illuminate/Http/Middleware/TrustProxies.php(58): Illuminate/Pipeline/Pipeline->Illuminate/Pipeline/{closure}()
#52 G:/Projects/customer-management/vendor/laravel/framework/src/Illuminate/Pipeline/Pipeline.php(219): Illuminate/Http/Middleware/TrustProxies->handle()
#53 G:/Projects/customer-management/vendor/laravel/framework/src/Illuminate/Foundation/Http/Middleware/InvokeDeferredCallbacks.php(22): Illuminate/Pipeline/Pipeline->Illuminate/Pipeline/{closure}()
#54 G:/Projects/customer-management/vendor/laravel/framework/src/Illuminate/Pipeline/Pipeline.php(219): Illuminate/Foundation/Http/Middleware/InvokeDeferredCallbacks->handle()
#55 G:/Projects/customer-management/vendor/laravel/framework/src/Illuminate/Http/Middleware/ValidatePathEncoding.php(26): Illuminate/Pipeline/Pipeline->Illuminate/Pipeline/{closure}()
#56 G:/Projects/customer-management/vendor/laravel/framework/src/Illuminate/Pipeline/Pipeline.php(219): Illuminate/Http/Middleware/ValidatePathEncoding->handle()
#57 G:/Projects/customer-management/vendor/laravel/framework/src/Illuminate/Pipeline/Pipeline.php(137): Illuminate/Pipeline/Pipeline->Illuminate/Pipeline/{closure}()
#58 G:/Projects/customer-management/vendor/laravel/framework/src/Illuminate/Foundation/Http/Kernel.php(175): Illuminate/Pipeline/Pipeline->then()
#59 G:/Projects/customer-management/vendor/laravel/framework/src/Illuminate/Foundation/Http/Kernel.php(144): Illuminate/Foundation/Http/Kernel->sendRequestThroughRouter()
#60 G:/Projects/customer-management/vendor/laravel/framework/src/Illuminate/Foundation/Application.php(1220): Illuminate/Foundation/Http/Kernel->handle()
#61 G:/Projects/customer-management/public/index.php(20): Illuminate/Foundation/Application->handleRequest()
#62 G:/Projects/customer-management/vendor/laravel/framework/src/Illuminate/Foundation/resources/server.php(23): require_once('...')
#63 {main}
"} 
[2026-02-11 03:39:18] local.ERROR: curl_setopt_array(): Cannot represent a stream of type Output as a STDIO FILE* {"userId":1,"exception":"[object] (ErrorException(code: 0): curl_setopt_array(): Cannot represent a stream of type Output as a STDIO FILE* at G:/Projects/customer-management/vendor/guzzlehttp/guzzle/src/Handler/CurlFactory.php:81)
[stacktrace]
#0 G:/Projects/customer-management/vendor/laravel/framework/src/Illuminate/Foundation/Bootstrap/HandleExceptions.php(258): Illuminate/Foundation/Bootstrap/HandleExceptions->handleError()
#1 [internal function]: Illuminate/Foundation/Bootstrap/HandleExceptions->Illuminate/Foundation/Bootstrap/{closure}()
#2 G:/Projects/customer-management/vendor/guzzlehttp/guzzle/src/Handler/CurlFactory.php(81): curl_setopt_array()
#3 G:/Projects/customer-management/vendor/guzzlehttp/guzzle/src/Handler/CurlHandler.php(43): GuzzleHttp/Handler/CurlFactory->create()
#4 G:/Projects/customer-management/vendor/guzzlehttp/guzzle/src/Handler/Proxy.php(28): GuzzleHttp/Handler/CurlHandler->__invoke()
#5 G:/Projects/customer-management/vendor/guzzlehttp/guzzle/src/Handler/Proxy.php(48): GuzzleHttp/Handler/Proxy::GuzzleHttp/Handler/{closure}()
#6 G:/Projects/customer-management/vendor/laravel/framework/src/Illuminate/Http/Client/PendingRequest.php(1507): GuzzleHttp/Handler/Proxy::GuzzleHttp/Handler/{closure}()
#7 G:/Projects/customer-management/vendor/laravel/framework/src/Illuminate/Http/Client/PendingRequest.php(1466): Illuminate/Http/Client/PendingRequest->Illuminate/Http/Client/{closure}()
#8 G:/Projects/customer-management/vendor/laravel/framework/src/Illuminate/Http/Client/PendingRequest.php(1452): Illuminate/Http/Client/PendingRequest->Illuminate/Http/Client/{closure}()
#9 G:/Projects/customer-management/vendor/guzzlehttp/guzzle/src/PrepareBodyMiddleware.php(64): Illuminate/Http/Client/PendingRequest->Illuminate/Http/Client/{closure}()
#10 G:/Projects/customer-management/vendor/guzzlehttp/guzzle/src/Middleware.php(38): GuzzleHttp/PrepareBodyMiddleware->__invoke()
#11 G:/Projects/customer-management/vendor/guzzlehttp/guzzle/src/RedirectMiddleware.php(71): GuzzleHttp/Middleware::GuzzleHttp/{closure}()
#12 G:/Projects/customer-management/vendor/guzzlehttp/guzzle/src/Middleware.php(63): GuzzleHttp/RedirectMiddleware->__invoke()
#13 G:/Projects/customer-management/vendor/guzzlehttp/guzzle/src/HandlerStack.php(75): GuzzleHttp/Middleware::GuzzleHttp/{closure}()
#14 G:/Projects/customer-management/vendor/guzzlehttp/guzzle/src/Client.php(333): GuzzleHttp/HandlerStack->__invoke()
#15 G:/Projects/customer-management/vendor/guzzlehttp/guzzle/src/Client.php(169): GuzzleHttp/Client->transfer()
#16 G:/Projects/customer-management/vendor/guzzlehttp/guzzle/src/Client.php(189): GuzzleHttp/Client->requestAsync()
#17 G:/Projects/customer-management/vendor/laravel/framework/src/Illuminate/Http/Client/PendingRequest.php(1292): GuzzleHttp/Client->request()
#18 G:/Projects/customer-management/vendor/laravel/framework/src/Illuminate/Http/Client/PendingRequest.php(1029): Illuminate/Http/Client/PendingRequest->sendRequest()
#19 G:/Projects/customer-management/vendor/laravel/framework/src/Illuminate/Support/helpers.php(327): Illuminate/Http/Client/PendingRequest->Illuminate/Http/Client/{closure}()
#20 G:/Projects/customer-management/vendor/laravel/framework/src/Illuminate/Http/Client/PendingRequest.php(1027): retry()
#21 G:/Projects/customer-management/vendor/laravel/framework/src/Illuminate/Http/Client/PendingRequest.php(879): Illuminate/Http/Client/PendingRequest->send()
#22 G:/Projects/customer-management/app/Services/TransactionService.php(144): Illuminate/Http/Client/PendingRequest->post()
#23 G:/Projects/customer-management/app/Http/Controllers/Api/TransactionController.php(195): App/Services/TransactionService->scanCCCD()
#24 G:/Projects/customer-management/vendor/laravel/framework/src/Illuminate/Routing/ControllerDispatcher.php(46): App/Http/Controllers/Api/TransactionController->scanCCCD()
#25 G:/Projects/customer-management/vendor/laravel/framework/src/Illuminate/Routing/Route.php(265): Illuminate/Routing/ControllerDispatcher->dispatch()
#26 G:/Projects/customer-management/vendor/laravel/framework/src/Illuminate/Routing/Route.php(211): Illuminate/Routing/Route->runController()
#27 G:/Projects/customer-management/vendor/laravel/framework/src/Illuminate/Routing/Router.php(822): Illuminate/Routing/Route->run()
#28 G:/Projects/customer-management/vendor/laravel/framework/src/Illuminate/Pipeline/Pipeline.php(180): Illuminate/Routing/Router->Illuminate/Routing/{closure}()
#29 G:/Projects/customer-management/vendor/laravel/framework/src/Illuminate/Routing/Middleware/SubstituteBindings.php(50): Illuminate/Pipeline/Pipeline->Illuminate/Pipeline/{closure}()
#30 G:/Projects/customer-management/vendor/laravel/framework/src/Illuminate/Pipeline/Pipeline.php(219): Illuminate/Routing/Middleware/SubstituteBindings->handle()
#31 G:/Projects/customer-management/vendor/laravel/framework/src/Illuminate/Auth/Middleware/Authenticate.php(63): Illuminate/Pipeline/Pipeline->Illuminate/Pipeline/{closure}()
#32 G:/Projects/customer-management/vendor/laravel/framework/src/Illuminate/Pipeline/Pipeline.php(219): Illuminate/Auth/Middleware/Authenticate->handle()
#33 G:/Projects/customer-management/vendor/laravel/framework/src/Illuminate/Pipeline/Pipeline.php(137): Illuminate/Pipeline/Pipeline->Illuminate/Pipeline/{closure}()
#34 G:/Projects/customer-management/vendor/laravel/framework/src/Illuminate/Routing/Router.php(821): Illuminate/Pipeline/Pipeline->then()
#35 G:/Projects/customer-management/vendor/laravel/framework/src/Illuminate/Routing/Router.php(800): Illuminate/Routing/Router->runRouteWithinStack()
#36 G:/Projects/customer-management/vendor/laravel/framework/src/Illuminate/Routing/Router.php(764): Illuminate/Routing/Router->runRoute()
#37 G:/Projects/customer-management/vendor/laravel/framework/src/Illuminate/Routing/Router.php(753): Illuminate/Routing/Router->dispatchToRoute()
#38 G:/Projects/customer-management/vendor/laravel/framework/src/Illuminate/Foundation/Http/Kernel.php(200): Illuminate/Routing/Router->dispatch()
#39 G:/Projects/customer-management/vendor/laravel/framework/src/Illuminate/Pipeline/Pipeline.php(180): Illuminate/Foundation/Http/Kernel->Illuminate/Foundation/Http/{closure}()
#40 G:/Projects/customer-management/vendor/laravel/framework/src/Illuminate/Foundation/Http/Middleware/TransformsRequest.php(21): Illuminate/Pipeline/Pipeline->Illuminate/Pipeline/{closure}()
#41 G:/Projects/customer-management/vendor/laravel/framework/src/Illuminate/Foundation/Http/Middleware/ConvertEmptyStringsToNull.php(31): Illuminate/Foundation/Http/Middleware/TransformsRequest->handle()
#42 G:/Projects/customer-management/vendor/laravel/framework/src/Illuminate/Pipeline/Pipeline.php(219): Illuminate/Foundation/Http/Middleware/ConvertEmptyStringsToNull->handle()
#43 G:/Projects/customer-management/vendor/laravel/framework/src/Illuminate/Foundation/Http/Middleware/TransformsRequest.php(21): Illuminate/Pipeline/Pipeline->Illuminate/Pipeline/{closure}()
#44 G:/Projects/customer-management/vendor/laravel/framework/src/Illuminate/Foundation/Http/Middleware/TrimStrings.php(51): Illuminate/Foundation/Http/Middleware/TransformsRequest->handle()
#45 G:/Projects/customer-management/vendor/laravel/framework/src/Illuminate/Pipeline/Pipeline.php(219): Illuminate/Foundation/Http/Middleware/TrimStrings->handle()
#46 G:/Projects/customer-management/vendor/laravel/framework/src/Illuminate/Http/Middleware/ValidatePostSize.php(27): Illuminate/Pipeline/Pipeline->Illuminate/Pipeline/{closure}()
#47 G:/Projects/customer-management/vendor/laravel/framework/src/Illuminate/Pipeline/Pipeline.php(219): Illuminate/Http/Middleware/ValidatePostSize->handle()
#48 G:/Projects/customer-management/vendor/laravel/framework/src/Illuminate/Foundation/Http/Middleware/PreventRequestsDuringMaintenance.php(109): Illuminate/Pipeline/Pipeline->Illuminate/Pipeline/{closure}()
#49 G:/Projects/customer-management/vendor/laravel/framework/src/Illuminate/Pipeline/Pipeline.php(219): Illuminate/Foundation/Http/Middleware/PreventRequestsDuringMaintenance->handle()
#50 G:/Projects/customer-management/vendor/laravel/framework/src/Illuminate/Http/Middleware/HandleCors.php(74): Illuminate/Pipeline/Pipeline->Illuminate/Pipeline/{closure}()
#51 G:/Projects/customer-management/vendor/laravel/framework/src/Illuminate/Pipeline/Pipeline.php(219): Illuminate/Http/Middleware/HandleCors->handle()
#52 G:/Projects/customer-management/vendor/laravel/framework/src/Illuminate/Http/Middleware/TrustProxies.php(58): Illuminate/Pipeline/Pipeline->Illuminate/Pipeline/{closure}()
#53 G:/Projects/customer-management/vendor/laravel/framework/src/Illuminate/Pipeline/Pipeline.php(219): Illuminate/Http/Middleware/TrustProxies->handle()
#54 G:/Projects/customer-management/vendor/laravel/framework/src/Illuminate/Foundation/Http/Middleware/InvokeDeferredCallbacks.php(22): Illuminate/Pipeline/Pipeline->Illuminate/Pipeline/{closure}()
#55 G:/Projects/customer-management/vendor/laravel/framework/src/Illuminate/Pipeline/Pipeline.php(219): Illuminate/Foundation/Http/Middleware/InvokeDeferredCallbacks->handle()
#56 G:/Projects/customer-management/vendor/laravel/framework/src/Illuminate/Http/Middleware/ValidatePathEncoding.php(26): Illuminate/Pipeline/Pipeline->Illuminate/Pipeline/{closure}()
#57 G:/Projects/customer-management/vendor/laravel/framework/src/Illuminate/Pipeline/Pipeline.php(219): Illuminate/Http/Middleware/ValidatePathEncoding->handle()
#58 G:/Projects/customer-management/vendor/laravel/framework/src/Illuminate/Pipeline/Pipeline.php(137): Illuminate/Pipeline/Pipeline->Illuminate/Pipeline/{closure}()
#59 G:/Projects/customer-management/vendor/laravel/framework/src/Illuminate/Foundation/Http/Kernel.php(175): Illuminate/Pipeline/Pipeline->then()
#60 G:/Projects/customer-management/vendor/laravel/framework/src/Illuminate/Foundation/Http/Kernel.php(144): Illuminate/Foundation/Http/Kernel->sendRequestThroughRouter()
#61 G:/Projects/customer-management/vendor/laravel/framework/src/Illuminate/Foundation/Application.php(1220): Illuminate/Foundation/Http/Kernel->handle()
#62 G:/Projects/customer-management/public/index.php(20): Illuminate/Foundation/Application->handleRequest()
#63 G:/Projects/customer-management/vendor/laravel/framework/src/Illuminate/Foundation/resources/server.php(23): require_once('...')
#64 {main}
"} 
[2026-02-11 03:42:59] local.ERROR: cURL error 60: SSL certificate problem: unable to get local issuer certificate (see https://curl.haxx.se/libcurl/c/libcurl-errors.html) for https://generativelanguage.googleapis.com/v1beta/models/gemini-2.0-flash-exp:generateContent?key=AIzaSyCYlwkEZDuJuxfLfz6H2aYjTZCnNyo88bY {"userId":1,"exception":"[object] (Illuminate\\Http\\Client\\ConnectionException(code: 0): cURL error 60: SSL certificate problem: unable to get local issuer certificate (see https://curl.haxx.se/libcurl/c/libcurl-errors.html) for https://generativelanguage.googleapis.com/v1beta/models/gemini-2.0-flash-exp:generateContent?key=AIzaSyCYlwkEZDuJuxfLfz6H2aYjTZCnNyo88bY at G:/Projects/customer-management/vendor/laravel/framework/src/Illuminate/Http/Client/PendingRequest.php:1808)
[stacktrace]
#0 G:/Projects/customer-management/vendor/laravel/framework/src/Illuminate/Http/Client/PendingRequest.php(1071): Illuminate/Http/Client/PendingRequest->marshalRequestExceptionWithoutResponse()
#1 G:/Projects/customer-management/vendor/laravel/framework/src/Illuminate/Support/helpers.php(327): Illuminate/Http/Client/PendingRequest->Illuminate/Http/Client/{closure}()
#2 G:/Projects/customer-management/vendor/laravel/framework/src/Illuminate/Http/Client/PendingRequest.php(1027): retry()
#3 G:/Projects/customer-management/vendor/laravel/framework/src/Illuminate/Http/Client/PendingRequest.php(879): Illuminate/Http/Client/PendingRequest->send()
#4 G:/Projects/customer-management/app/Services/TransactionService.php(150): Illuminate/Http/Client/PendingRequest->post()
#5 G:/Projects/customer-management/app/Http/Controllers/Api/TransactionController.php(195): App/Services/TransactionService->scanCCCD()
#6 G:/Projects/customer-management/vendor/laravel/framework/src/Illuminate/Routing/ControllerDispatcher.php(46): App/Http/Controllers/Api/TransactionController->scanCCCD()
#7 G:/Projects/customer-management/vendor/laravel/framework/src/Illuminate/Routing/Route.php(265): Illuminate/Routing/ControllerDispatcher->dispatch()
#8 G:/Projects/customer-management/vendor/laravel/framework/src/Illuminate/Routing/Route.php(211): Illuminate/Routing/Route->runController()
#9 G:/Projects/customer-management/vendor/laravel/framework/src/Illuminate/Routing/Router.php(822): Illuminate/Routing/Route->run()
#10 G:/Projects/customer-management/vendor/laravel/framework/src/Illuminate/Pipeline/Pipeline.php(180): Illuminate/Routing/Router->Illuminate/Routing/{closure}()
#11 G:/Projects/customer-management/vendor/laravel/framework/src/Illuminate/Routing/Middleware/SubstituteBindings.php(50): Illuminate/Pipeline/Pipeline->Illuminate/Pipeline/{closure}()
#12 G:/Projects/customer-management/vendor/laravel/framework/src/Illuminate/Pipeline/Pipeline.php(219): Illuminate/Routing/Middleware/SubstituteBindings->handle()
#13 G:/Projects/customer-management/vendor/laravel/framework/src/Illuminate/Auth/Middleware/Authenticate.php(63): Illuminate/Pipeline/Pipeline->Illuminate/Pipeline/{closure}()
#14 G:/Projects/customer-management/vendor/laravel/framework/src/Illuminate/Pipeline/Pipeline.php(219): Illuminate/Auth/Middleware/Authenticate->handle()
#15 G:/Projects/customer-management/vendor/laravel/framework/src/Illuminate/Pipeline/Pipeline.php(137): Illuminate/Pipeline/Pipeline->Illuminate/Pipeline/{closure}()
#16 G:/Projects/customer-management/vendor/laravel/framework/src/Illuminate/Routing/Router.php(821): Illuminate/Pipeline/Pipeline->then()
#17 G:/Projects/customer-management/vendor/laravel/framework/src/Illuminate/Routing/Router.php(800): Illuminate/Routing/Router->runRouteWithinStack()
#18 G:/Projects/customer-management/vendor/laravel/framework/src/Illuminate/Routing/Router.php(764): Illuminate/Routing/Router->runRoute()
#19 G:/Projects/customer-management/vendor/laravel/framework/src/Illuminate/Routing/Router.php(753): Illuminate/Routing/Router->dispatchToRoute()
#20 G:/Projects/customer-management/vendor/laravel/framework/src/Illuminate/Foundation/Http/Kernel.php(200): Illuminate/Routing/Router->dispatch()
#21 G:/Projects/customer-management/vendor/laravel/framework/src/Illuminate/Pipeline/Pipeline.php(180): Illuminate/Foundation/Http/Kernel->Illuminate/Foundation/Http/{closure}()
#22 G:/Projects/customer-management/vendor/laravel/framework/src/Illuminate/Foundation/Http/Middleware/TransformsRequest.php(21): Illuminate/Pipeline/Pipeline->Illuminate/Pipeline/{closure}()
#23 G:/Projects/customer-management/vendor/laravel/framework/src/Illuminate/Foundation/Http/Middleware/ConvertEmptyStringsToNull.php(31): Illuminate/Foundation/Http/Middleware/TransformsRequest->handle()
#24 G:/Projects/customer-management/vendor/laravel/framework/src/Illuminate/Pipeline/Pipeline.php(219): Illuminate/Foundation/Http/Middleware/ConvertEmptyStringsToNull->handle()
#25 G:/Projects/customer-management/vendor/laravel/framework/src/Illuminate/Foundation/Http/Middleware/TransformsRequest.php(21): Illuminate/Pipeline/Pipeline->Illuminate/Pipeline/{closure}()
#26 G:/Projects/customer-management/vendor/laravel/framework/src/Illuminate/Foundation/Http/Middleware/TrimStrings.php(51): Illuminate/Foundation/Http/Middleware/TransformsRequest->handle()
#27 G:/Projects/customer-management/vendor/laravel/framework/src/Illuminate/Pipeline/Pipeline.php(219): Illuminate/Foundation/Http/Middleware/TrimStrings->handle()
#28 G:/Projects/customer-management/vendor/laravel/framework/src/Illuminate/Http/Middleware/ValidatePostSize.php(27): Illuminate/Pipeline/Pipeline->Illuminate/Pipeline/{closure}()
#29 G:/Projects/customer-management/vendor/laravel/framework/src/Illuminate/Pipeline/Pipeline.php(219): Illuminate/Http/Middleware/ValidatePostSize->handle()
#30 G:/Projects/customer-management/vendor/laravel/framework/src/Illuminate/Foundation/Http/Middleware/PreventRequestsDuringMaintenance.php(109): Illuminate/Pipeline/Pipeline->Illuminate/Pipeline/{closure}()
#31 G:/Projects/customer-management/vendor/laravel/framework/src/Illuminate/Pipeline/Pipeline.php(219): Illuminate/Foundation/Http/Middleware/PreventRequestsDuringMaintenance->handle()
#32 G:/Projects/customer-management/vendor/laravel/framework/src/Illuminate/Http/Middleware/HandleCors.php(74): Illuminate/Pipeline/Pipeline->Illuminate/Pipeline/{closure}()
#33 G:/Projects/customer-management/vendor/laravel/framework/src/Illuminate/Pipeline/Pipeline.php(219): Illuminate/Http/Middleware/HandleCors->handle()
#34 G:/Projects/customer-management/vendor/laravel/framework/src/Illuminate/Http/Middleware/TrustProxies.php(58): Illuminate/Pipeline/Pipeline->Illuminate/Pipeline/{closure}()
#35 G:/Projects/customer-management/vendor/laravel/framework/src/Illuminate/Pipeline/Pipeline.php(219): Illuminate/Http/Middleware/TrustProxies->handle()
#36 G:/Projects/customer-management/vendor/laravel/framework/src/Illuminate/Foundation/Http/Middleware/InvokeDeferredCallbacks.php(22): Illuminate/Pipeline/Pipeline->Illuminate/Pipeline/{closure}()
#37 G:/Projects/customer-management/vendor/laravel/framework/src/Illuminate/Pipeline/Pipeline.php(219): Illuminate/Foundation/Http/Middleware/InvokeDeferredCallbacks->handle()
#38 G:/Projects/customer-management/vendor/laravel/framework/src/Illuminate/Http/Middleware/ValidatePathEncoding.php(26): Illuminate/Pipeline/Pipeline->Illuminate/Pipeline/{closure}()
#39 G:/Projects/customer-management/vendor/laravel/framework/src/Illuminate/Pipeline/Pipeline.php(219): Illuminate/Http/Middleware/ValidatePathEncoding->handle()
#40 G:/Projects/customer-management/vendor/laravel/framework/src/Illuminate/Pipeline/Pipeline.php(137): Illuminate/Pipeline/Pipeline->Illuminate/Pipeline/{closure}()
#41 G:/Projects/customer-management/vendor/laravel/framework/src/Illuminate/Foundation/Http/Kernel.php(175): Illuminate/Pipeline/Pipeline->then()
#42 G:/Projects/customer-management/vendor/laravel/framework/src/Illuminate/Foundation/Http/Kernel.php(144): Illuminate/Foundation/Http/Kernel->sendRequestThroughRouter()
#43 G:/Projects/customer-management/vendor/laravel/framework/src/Illuminate/Foundation/Application.php(1220): Illuminate/Foundation/Http/Kernel->handle()
#44 G:/Projects/customer-management/public/index.php(20): Illuminate/Foundation/Application->handleRequest()
#45 G:/Projects/customer-management/vendor/laravel/framework/src/Illuminate/Foundation/resources/server.php(23): require_once('...')
#46 {main}

[previous exception] [object] (GuzzleHttp\\Exception\\RequestException(code: 0): cURL error 60: SSL certificate problem: unable to get local issuer certificate (see https://curl.haxx.se/libcurl/c/libcurl-errors.html) for https://generativelanguage.googleapis.com/v1beta/models/gemini-2.0-flash-exp:generateContent?key=AIzaSyCYlwkEZDuJuxfLfz6H2aYjTZCnNyo88bY at G:/Projects/customer-management/vendor/guzzlehttp/guzzle/src/Handler/CurlFactory.php:278)
[stacktrace]
#0 G:/Projects/customer-management/vendor/guzzlehttp/guzzle/src/Handler/CurlFactory.php(207): GuzzleHttp/Handler/CurlFactory::createRejection()
#1 G:/Projects/customer-management/vendor/guzzlehttp/guzzle/src/Handler/CurlFactory.php(159): GuzzleHttp/Handler/CurlFactory::finishError()
#2 G:/Projects/customer-management/vendor/guzzlehttp/guzzle/src/Handler/CurlHandler.php(47): GuzzleHttp/Handler/CurlFactory::finish()
#3 G:/Projects/customer-management/vendor/guzzlehttp/guzzle/src/Handler/Proxy.php(28): GuzzleHttp/Handler/CurlHandler->__invoke()
#4 G:/Projects/customer-management/vendor/guzzlehttp/guzzle/src/Handler/Proxy.php(48): GuzzleHttp/Handler/Proxy::GuzzleHttp/Handler/{closure}()
#5 G:/Projects/customer-management/vendor/laravel/framework/src/Illuminate/Http/Client/PendingRequest.php(1507): GuzzleHttp/Handler/Proxy::GuzzleHttp/Handler/{closure}()
#6 G:/Projects/customer-management/vendor/laravel/framework/src/Illuminate/Http/Client/PendingRequest.php(1466): Illuminate/Http/Client/PendingRequest->Illuminate/Http/Client/{closure}()
#7 G:/Projects/customer-management/vendor/laravel/framework/src/Illuminate/Http/Client/PendingRequest.php(1452): Illuminate/Http/Client/PendingRequest->Illuminate/Http/Client/{closure}()
#8 G:/Projects/customer-management/vendor/guzzlehttp/guzzle/src/PrepareBodyMiddleware.php(64): Illuminate/Http/Client/PendingRequest->Illuminate/Http/Client/{closure}()
#9 G:/Projects/customer-management/vendor/guzzlehttp/guzzle/src/Middleware.php(38): GuzzleHttp/PrepareBodyMiddleware->__invoke()
#10 G:/Projects/customer-management/vendor/guzzlehttp/guzzle/src/RedirectMiddleware.php(71): GuzzleHttp/Middleware::GuzzleHttp/{closure}()
#11 G:/Projects/customer-management/vendor/guzzlehttp/guzzle/src/Middleware.php(63): GuzzleHttp/RedirectMiddleware->__invoke()
#12 G:/Projects/customer-management/vendor/guzzlehttp/guzzle/src/HandlerStack.php(75): GuzzleHttp/Middleware::GuzzleHttp/{closure}()
#13 G:/Projects/customer-management/vendor/guzzlehttp/guzzle/src/Client.php(333): GuzzleHttp/HandlerStack->__invoke()
#14 G:/Projects/customer-management/vendor/guzzlehttp/guzzle/src/Client.php(169): GuzzleHttp/Client->transfer()
#15 G:/Projects/customer-management/vendor/guzzlehttp/guzzle/src/Client.php(189): GuzzleHttp/Client->requestAsync()
#16 G:/Projects/customer-management/vendor/laravel/framework/src/Illuminate/Http/Client/PendingRequest.php(1292): GuzzleHttp/Client->request()
#17 G:/Projects/customer-management/vendor/laravel/framework/src/Illuminate/Http/Client/PendingRequest.php(1029): Illuminate/Http/Client/PendingRequest->sendRequest()
#18 G:/Projects/customer-management/vendor/laravel/framework/src/Illuminate/Support/helpers.php(327): Illuminate/Http/Client/PendingRequest->Illuminate/Http/Client/{closure}()
#19 G:/Projects/customer-management/vendor/laravel/framework/src/Illuminate/Http/Client/PendingRequest.php(1027): retry()
#20 G:/Projects/customer-management/vendor/laravel/framework/src/Illuminate/Http/Client/PendingRequest.php(879): Illuminate/Http/Client/PendingRequest->send()
#21 G:/Projects/customer-management/app/Services/TransactionService.php(150): Illuminate/Http/Client/PendingRequest->post()
#22 G:/Projects/customer-management/app/Http/Controllers/Api/TransactionController.php(195): App/Services/TransactionService->scanCCCD()
#23 G:/Projects/customer-management/vendor/laravel/framework/src/Illuminate/Routing/ControllerDispatcher.php(46): App/Http/Controllers/Api/TransactionController->scanCCCD()
#24 G:/Projects/customer-management/vendor/laravel/framework/src/Illuminate/Routing/Route.php(265): Illuminate/Routing/ControllerDispatcher->dispatch()
#25 G:/Projects/customer-management/vendor/laravel/framework/src/Illuminate/Routing/Route.php(211): Illuminate/Routing/Route->runController()
#26 G:/Projects/customer-management/vendor/laravel/framework/src/Illuminate/Routing/Router.php(822): Illuminate/Routing/Route->run()
#27 G:/Projects/customer-management/vendor/laravel/framework/src/Illuminate/Pipeline/Pipeline.php(180): Illuminate/Routing/Router->Illuminate/Routing/{closure}()
#28 G:/Projects/customer-management/vendor/laravel/framework/src/Illuminate/Routing/Middleware/SubstituteBindings.php(50): Illuminate/Pipeline/Pipeline->Illuminate/Pipeline/{closure}()
#29 G:/Projects/customer-management/vendor/laravel/framework/src/Illuminate/Pipeline/Pipeline.php(219): Illuminate/Routing/Middleware/SubstituteBindings->handle()
#30 G:/Projects/customer-management/vendor/laravel/framework/src/Illuminate/Auth/Middleware/Authenticate.php(63): Illuminate/Pipeline/Pipeline->Illuminate/Pipeline/{closure}()
#31 G:/Projects/customer-management/vendor/laravel/framework/src/Illuminate/Pipeline/Pipeline.php(219): Illuminate/Auth/Middleware/Authenticate->handle()
#32 G:/Projects/customer-management/vendor/laravel/framework/src/Illuminate/Pipeline/Pipeline.php(137): Illuminate/Pipeline/Pipeline->Illuminate/Pipeline/{closure}()
#33 G:/Projects/customer-management/vendor/laravel/framework/src/Illuminate/Routing/Router.php(821): Illuminate/Pipeline/Pipeline->then()
#34 G:/Projects/customer-management/vendor/laravel/framework/src/Illuminate/Routing/Router.php(800): Illuminate/Routing/Router->runRouteWithinStack()
#35 G:/Projects/customer-management/vendor/laravel/framework/src/Illuminate/Routing/Router.php(764): Illuminate/Routing/Router->runRoute()
#36 G:/Projects/customer-management/vendor/laravel/framework/src/Illuminate/Routing/Router.php(753): Illuminate/Routing/Router->dispatchToRoute()
#37 G:/Projects/customer-management/vendor/laravel/framework/src/Illuminate/Foundation/Http/Kernel.php(200): Illuminate/Routing/Router->dispatch()
#38 G:/Projects/customer-management/vendor/laravel/framework/src/Illuminate/Pipeline/Pipeline.php(180): Illuminate/Foundation/Http/Kernel->Illuminate/Foundation/Http/{closure}()
#39 G:/Projects/customer-management/vendor/laravel/framework/src/Illuminate/Foundation/Http/Middleware/TransformsRequest.php(21): Illuminate/Pipeline/Pipeline->Illuminate/Pipeline/{closure}()
#40 G:/Projects/customer-management/vendor/laravel/framework/src/Illuminate/Foundation/Http/Middleware/ConvertEmptyStringsToNull.php(31): Illuminate/Foundation/Http/Middleware/TransformsRequest->handle()
#41 G:/Projects/customer-management/vendor/laravel/framework/src/Illuminate/Pipeline/Pipeline.php(219): Illuminate/Foundation/Http/Middleware/ConvertEmptyStringsToNull->handle()
#42 G:/Projects/customer-management/vendor/laravel/framework/src/Illuminate/Foundation/Http/Middleware/TransformsRequest.php(21): Illuminate/Pipeline/Pipeline->Illuminate/Pipeline/{closure}()
#43 G:/Projects/customer-management/vendor/laravel/framework/src/Illuminate/Foundation/Http/Middleware/TrimStrings.php(51): Illuminate/Foundation/Http/Middleware/TransformsRequest->handle()
#44 G:/Projects/customer-management/vendor/laravel/framework/src/Illuminate/Pipeline/Pipeline.php(219): Illuminate/Foundation/Http/Middleware/TrimStrings->handle()
#45 G:/Projects/customer-management/vendor/laravel/framework/src/Illuminate/Http/Middleware/ValidatePostSize.php(27): Illuminate/Pipeline/Pipeline->Illuminate/Pipeline/{closure}()
#46 G:/Projects/customer-management/vendor/laravel/framework/src/Illuminate/Pipeline/Pipeline.php(219): Illuminate/Http/Middleware/ValidatePostSize->handle()
#47 G:/Projects/customer-management/vendor/laravel/framework/src/Illuminate/Foundation/Http/Middleware/PreventRequestsDuringMaintenance.php(109): Illuminate/Pipeline/Pipeline->Illuminate/Pipeline/{closure}()
#48 G:/Projects/customer-management/vendor/laravel/framework/src/Illuminate/Pipeline/Pipeline.php(219): Illuminate/Foundation/Http/Middleware/PreventRequestsDuringMaintenance->handle()
#49 G:/Projects/customer-management/vendor/laravel/framework/src/Illuminate/Http/Middleware/HandleCors.php(74): Illuminate/Pipeline/Pipeline->Illuminate/Pipeline/{closure}()
#50 G:/Projects/customer-management/vendor/laravel/framework/src/Illuminate/Pipeline/Pipeline.php(219): Illuminate/Http/Middleware/HandleCors->handle()
#51 G:/Projects/customer-management/vendor/laravel/framework/src/Illuminate/Http/Middleware/TrustProxies.php(58): Illuminate/Pipeline/Pipeline->Illuminate/Pipeline/{closure}()
#52 G:/Projects/customer-management/vendor/laravel/framework/src/Illuminate/Pipeline/Pipeline.php(219): Illuminate/Http/Middleware/TrustProxies->handle()
#53 G:/Projects/customer-management/vendor/laravel/framework/src/Illuminate/Foundation/Http/Middleware/InvokeDeferredCallbacks.php(22): Illuminate/Pipeline/Pipeline->Illuminate/Pipeline/{closure}()
#54 G:/Projects/customer-management/vendor/laravel/framework/src/Illuminate/Pipeline/Pipeline.php(219): Illuminate/Foundation/Http/Middleware/InvokeDeferredCallbacks->handle()
#55 G:/Projects/customer-management/vendor/laravel/framework/src/Illuminate/Http/Middleware/ValidatePathEncoding.php(26): Illuminate/Pipeline/Pipeline->Illuminate/Pipeline/{closure}()
#56 G:/Projects/customer-management/vendor/laravel/framework/src/Illuminate/Pipeline/Pipeline.php(219): Illuminate/Http/Middleware/ValidatePathEncoding->handle()
#57 G:/Projects/customer-management/vendor/laravel/framework/src/Illuminate/Pipeline/Pipeline.php(137): Illuminate/Pipeline/Pipeline->Illuminate/Pipeline/{closure}()
#58 G:/Projects/customer-management/vendor/laravel/framework/src/Illuminate/Foundation/Http/Kernel.php(175): Illuminate/Pipeline/Pipeline->then()
#59 G:/Projects/customer-management/vendor/laravel/framework/src/Illuminate/Foundation/Http/Kernel.php(144): Illuminate/Foundation/Http/Kernel->sendRequestThroughRouter()
#60 G:/Projects/customer-management/vendor/laravel/framework/src/Illuminate/Foundation/Application.php(1220): Illuminate/Foundation/Http/Kernel->handle()
#61 G:/Projects/customer-management/public/index.php(20): Illuminate/Foundation/Application->handleRequest()
#62 G:/Projects/customer-management/vendor/laravel/framework/src/Illuminate/Foundation/resources/server.php(23): require_once('...')
#63 {main}
"} 
[2026-02-11 03:58:45] local.ERROR: HTTP request returned status code 404:
{
  "error": {
    "code": 404,
    "message": "models/gemini-2.0-flash-exp is not found for API version v1beta, or is n (truncated...)
 {"userId":1,"exception":"[object] (Illuminate\\Http\\Client\\RequestException(code: 404): HTTP request returned status code 404:
{
  \"error\": {
    \"code\": 404,
    \"message\": \"models/gemini-2.0-flash-exp is not found for API version v1beta, or is n (truncated...)
 at G:/Projects/customer-management/vendor/laravel/framework/src/Illuminate/Http/Client/Response.php:332)
[stacktrace]
#0 G:/Projects/customer-management/vendor/laravel/framework/src/Illuminate/Http/Client/Response.php(348): Illuminate/Http/Client/Response->toException()
#1 G:/Projects/customer-management/vendor/laravel/framework/src/Illuminate/Http/Client/PendingRequest.php(1062): Illuminate/Http/Client/Response->throw()
#2 G:/Projects/customer-management/vendor/laravel/framework/src/Illuminate/Support/helpers.php(388): Illuminate/Http/Client/PendingRequest->Illuminate/Http/Client/{closure}()
#3 G:/Projects/customer-management/vendor/laravel/framework/src/Illuminate/Http/Client/PendingRequest.php(1029): tap()
#4 G:/Projects/customer-management/vendor/laravel/framework/src/Illuminate/Support/helpers.php(327): Illuminate/Http/Client/PendingRequest->Illuminate/Http/Client/{closure}()
#5 G:/Projects/customer-management/vendor/laravel/framework/src/Illuminate/Http/Client/PendingRequest.php(1027): retry()
#6 G:/Projects/customer-management/vendor/laravel/framework/src/Illuminate/Http/Client/PendingRequest.php(879): Illuminate/Http/Client/PendingRequest->send()
#7 G:/Projects/customer-management/app/Services/TransactionService.php(148): Illuminate/Http/Client/PendingRequest->post()
#8 G:/Projects/customer-management/app/Http/Controllers/Api/TransactionController.php(195): App/Services/TransactionService->scanCCCD()
#9 G:/Projects/customer-management/vendor/laravel/framework/src/Illuminate/Routing/ControllerDispatcher.php(46): App/Http/Controllers/Api/TransactionController->scanCCCD()
#10 G:/Projects/customer-management/vendor/laravel/framework/src/Illuminate/Routing/Route.php(265): Illuminate/Routing/ControllerDispatcher->dispatch()
#11 G:/Projects/customer-management/vendor/laravel/framework/src/Illuminate/Routing/Route.php(211): Illuminate/Routing/Route->runController()
#12 G:/Projects/customer-management/vendor/laravel/framework/src/Illuminate/Routing/Router.php(822): Illuminate/Routing/Route->run()
#13 G:/Projects/customer-management/vendor/laravel/framework/src/Illuminate/Pipeline/Pipeline.php(180): Illuminate/Routing/Router->Illuminate/Routing/{closure}()
#14 G:/Projects/customer-management/vendor/laravel/framework/src/Illuminate/Routing/Middleware/SubstituteBindings.php(50): Illuminate/Pipeline/Pipeline->Illuminate/Pipeline/{closure}()
#15 G:/Projects/customer-management/vendor/laravel/framework/src/Illuminate/Pipeline/Pipeline.php(219): Illuminate/Routing/Middleware/SubstituteBindings->handle()
#16 G:/Projects/customer-management/vendor/laravel/framework/src/Illuminate/Auth/Middleware/Authenticate.php(63): Illuminate/Pipeline/Pipeline->Illuminate/Pipeline/{closure}()
#17 G:/Projects/customer-management/vendor/laravel/framework/src/Illuminate/Pipeline/Pipeline.php(219): Illuminate/Auth/Middleware/Authenticate->handle()
#18 G:/Projects/customer-management/vendor/laravel/framework/src/Illuminate/Pipeline/Pipeline.php(137): Illuminate/Pipeline/Pipeline->Illuminate/Pipeline/{closure}()
#19 G:/Projects/customer-management/vendor/laravel/framework/src/Illuminate/Routing/Router.php(821): Illuminate/Pipeline/Pipeline->then()
#20 G:/Projects/customer-management/vendor/laravel/framework/src/Illuminate/Routing/Router.php(800): Illuminate/Routing/Router->runRouteWithinStack()
#21 G:/Projects/customer-management/vendor/laravel/framework/src/Illuminate/Routing/Router.php(764): Illuminate/Routing/Router->runRoute()
#22 G:/Projects/customer-management/vendor/laravel/framework/src/Illuminate/Routing/Router.php(753): Illuminate/Routing/Router->dispatchToRoute()
#23 G:/Projects/customer-management/vendor/laravel/framework/src/Illuminate/Foundation/Http/Kernel.php(200): Illuminate/Routing/Router->dispatch()
#24 G:/Projects/customer-management/vendor/laravel/framework/src/Illuminate/Pipeline/Pipeline.php(180): Illuminate/Foundation/Http/Kernel->Illuminate/Foundation/Http/{closure}()
#25 G:/Projects/customer-management/vendor/laravel/framework/src/Illuminate/Foundation/Http/Middleware/TransformsRequest.php(21): Illuminate/Pipeline/Pipeline->Illuminate/Pipeline/{closure}()
#26 G:/Projects/customer-management/vendor/laravel/framework/src/Illuminate/Foundation/Http/Middleware/ConvertEmptyStringsToNull.php(31): Illuminate/Foundation/Http/Middleware/TransformsRequest->handle()
#27 G:/Projects/customer-management/vendor/laravel/framework/src/Illuminate/Pipeline/Pipeline.php(219): Illuminate/Foundation/Http/Middleware/ConvertEmptyStringsToNull->handle()
#28 G:/Projects/customer-management/vendor/laravel/framework/src/Illuminate/Foundation/Http/Middleware/TransformsRequest.php(21): Illuminate/Pipeline/Pipeline->Illuminate/Pipeline/{closure}()
#29 G:/Projects/customer-management/vendor/laravel/framework/src/Illuminate/Foundation/Http/Middleware/TrimStrings.php(51): Illuminate/Foundation/Http/Middleware/TransformsRequest->handle()
#30 G:/Projects/customer-management/vendor/laravel/framework/src/Illuminate/Pipeline/Pipeline.php(219): Illuminate/Foundation/Http/Middleware/TrimStrings->handle()
#31 G:/Projects/customer-management/vendor/laravel/framework/src/Illuminate/Http/Middleware/ValidatePostSize.php(27): Illuminate/Pipeline/Pipeline->Illuminate/Pipeline/{closure}()
#32 G:/Projects/customer-management/vendor/laravel/framework/src/Illuminate/Pipeline/Pipeline.php(219): Illuminate/Http/Middleware/ValidatePostSize->handle()
#33 G:/Projects/customer-management/vendor/laravel/framework/src/Illuminate/Foundation/Http/Middleware/PreventRequestsDuringMaintenance.php(109): Illuminate/Pipeline/Pipeline->Illuminate/Pipeline/{closure}()
#34 G:/Projects/customer-management/vendor/laravel/framework/src/Illuminate/Pipeline/Pipeline.php(219): Illuminate/Foundation/Http/Middleware/PreventRequestsDuringMaintenance->handle()
#35 G:/Projects/customer-management/vendor/laravel/framework/src/Illuminate/Http/Middleware/HandleCors.php(74): Illuminate/Pipeline/Pipeline->Illuminate/Pipeline/{closure}()
#36 G:/Projects/customer-management/vendor/laravel/framework/src/Illuminate/Pipeline/Pipeline.php(219): Illuminate/Http/Middleware/HandleCors->handle()
#37 G:/Projects/customer-management/vendor/laravel/framework/src/Illuminate/Http/Middleware/TrustProxies.php(58): Illuminate/Pipeline/Pipeline->Illuminate/Pipeline/{closure}()
#38 G:/Projects/customer-management/vendor/laravel/framework/src/Illuminate/Pipeline/Pipeline.php(219): Illuminate/Http/Middleware/TrustProxies->handle()
#39 G:/Projects/customer-management/vendor/laravel/framework/src/Illuminate/Foundation/Http/Middleware/InvokeDeferredCallbacks.php(22): Illuminate/Pipeline/Pipeline->Illuminate/Pipeline/{closure}()
#40 G:/Projects/customer-management/vendor/laravel/framework/src/Illuminate/Pipeline/Pipeline.php(219): Illuminate/Foundation/Http/Middleware/InvokeDeferredCallbacks->handle()
#41 G:/Projects/customer-management/vendor/laravel/framework/src/Illuminate/Http/Middleware/ValidatePathEncoding.php(26): Illuminate/Pipeline/Pipeline->Illuminate/Pipeline/{closure}()
#42 G:/Projects/customer-management/vendor/laravel/framework/src/Illuminate/Pipeline/Pipeline.php(219): Illuminate/Http/Middleware/ValidatePathEncoding->handle()
#43 G:/Projects/customer-management/vendor/laravel/framework/src/Illuminate/Pipeline/Pipeline.php(137): Illuminate/Pipeline/Pipeline->Illuminate/Pipeline/{closure}()
#44 G:/Projects/customer-management/vendor/laravel/framework/src/Illuminate/Foundation/Http/Kernel.php(175): Illuminate/Pipeline/Pipeline->then()
#45 G:/Projects/customer-management/vendor/laravel/framework/src/Illuminate/Foundation/Http/Kernel.php(144): Illuminate/Foundation/Http/Kernel->sendRequestThroughRouter()
#46 G:/Projects/customer-management/vendor/laravel/framework/src/Illuminate/Foundation/Application.php(1220): Illuminate/Foundation/Http/Kernel->handle()
#47 G:/Projects/customer-management/public/index.php(20): Illuminate/Foundation/Application->handleRequest()
#48 G:/Projects/customer-management/vendor/laravel/framework/src/Illuminate/Foundation/resources/server.php(23): require_once('...')
#49 {main}
"} 
[2026-02-11 04:00:49] local.ERROR: HTTP request returned status code 404:
{
  "error": {
    "code": 404,
    "message": "models/gemini-2.0-flash-exp is not found for API version v1beta, or is n (truncated...)
 {"userId":1,"exception":"[object] (Illuminate\\Http\\Client\\RequestException(code: 404): HTTP request returned status code 404:
{
  \"error\": {
    \"code\": 404,
    \"message\": \"models/gemini-2.0-flash-exp is not found for API version v1beta, or is n (truncated...)
 at G:/Projects/customer-management/vendor/laravel/framework/src/Illuminate/Http/Client/Response.php:332)
[stacktrace]
#0 G:/Projects/customer-management/vendor/laravel/framework/src/Illuminate/Http/Client/Response.php(348): Illuminate/Http/Client/Response->toException()
#1 G:/Projects/customer-management/vendor/laravel/framework/src/Illuminate/Http/Client/PendingRequest.php(1062): Illuminate/Http/Client/Response->throw()
#2 G:/Projects/customer-management/vendor/laravel/framework/src/Illuminate/Support/helpers.php(388): Illuminate/Http/Client/PendingRequest->Illuminate/Http/Client/{closure}()
#3 G:/Projects/customer-management/vendor/laravel/framework/src/Illuminate/Http/Client/PendingRequest.php(1029): tap()
#4 G:/Projects/customer-management/vendor/laravel/framework/src/Illuminate/Support/helpers.php(327): Illuminate/Http/Client/PendingRequest->Illuminate/Http/Client/{closure}()
#5 G:/Projects/customer-management/vendor/laravel/framework/src/Illuminate/Http/Client/PendingRequest.php(1027): retry()
#6 G:/Projects/customer-management/vendor/laravel/framework/src/Illuminate/Http/Client/PendingRequest.php(879): Illuminate/Http/Client/PendingRequest->send()
#7 G:/Projects/customer-management/app/Services/TransactionService.php(151): Illuminate/Http/Client/PendingRequest->post()
#8 G:/Projects/customer-management/app/Http/Controllers/Api/TransactionController.php(195): App/Services/TransactionService->scanCCCD()
#9 G:/Projects/customer-management/vendor/laravel/framework/src/Illuminate/Routing/ControllerDispatcher.php(46): App/Http/Controllers/Api/TransactionController->scanCCCD()
#10 G:/Projects/customer-management/vendor/laravel/framework/src/Illuminate/Routing/Route.php(265): Illuminate/Routing/ControllerDispatcher->dispatch()
#11 G:/Projects/customer-management/vendor/laravel/framework/src/Illuminate/Routing/Route.php(211): Illuminate/Routing/Route->runController()
#12 G:/Projects/customer-management/vendor/laravel/framework/src/Illuminate/Routing/Router.php(822): Illuminate/Routing/Route->run()
#13 G:/Projects/customer-management/vendor/laravel/framework/src/Illuminate/Pipeline/Pipeline.php(180): Illuminate/Routing/Router->Illuminate/Routing/{closure}()
#14 G:/Projects/customer-management/vendor/laravel/framework/src/Illuminate/Routing/Middleware/SubstituteBindings.php(50): Illuminate/Pipeline/Pipeline->Illuminate/Pipeline/{closure}()
#15 G:/Projects/customer-management/vendor/laravel/framework/src/Illuminate/Pipeline/Pipeline.php(219): Illuminate/Routing/Middleware/SubstituteBindings->handle()
#16 G:/Projects/customer-management/vendor/laravel/framework/src/Illuminate/Auth/Middleware/Authenticate.php(63): Illuminate/Pipeline/Pipeline->Illuminate/Pipeline/{closure}()
#17 G:/Projects/customer-management/vendor/laravel/framework/src/Illuminate/Pipeline/Pipeline.php(219): Illuminate/Auth/Middleware/Authenticate->handle()
#18 G:/Projects/customer-management/vendor/laravel/framework/src/Illuminate/Pipeline/Pipeline.php(137): Illuminate/Pipeline/Pipeline->Illuminate/Pipeline/{closure}()
#19 G:/Projects/customer-management/vendor/laravel/framework/src/Illuminate/Routing/Router.php(821): Illuminate/Pipeline/Pipeline->then()
#20 G:/Projects/customer-management/vendor/laravel/framework/src/Illuminate/Routing/Router.php(800): Illuminate/Routing/Router->runRouteWithinStack()
#21 G:/Projects/customer-management/vendor/laravel/framework/src/Illuminate/Routing/Router.php(764): Illuminate/Routing/Router->runRoute()
#22 G:/Projects/customer-management/vendor/laravel/framework/src/Illuminate/Routing/Router.php(753): Illuminate/Routing/Router->dispatchToRoute()
#23 G:/Projects/customer-management/vendor/laravel/framework/src/Illuminate/Foundation/Http/Kernel.php(200): Illuminate/Routing/Router->dispatch()
#24 G:/Projects/customer-management/vendor/laravel/framework/src/Illuminate/Pipeline/Pipeline.php(180): Illuminate/Foundation/Http/Kernel->Illuminate/Foundation/Http/{closure}()
#25 G:/Projects/customer-management/vendor/laravel/framework/src/Illuminate/Foundation/Http/Middleware/TransformsRequest.php(21): Illuminate/Pipeline/Pipeline->Illuminate/Pipeline/{closure}()
#26 G:/Projects/customer-management/vendor/laravel/framework/src/Illuminate/Foundation/Http/Middleware/ConvertEmptyStringsToNull.php(31): Illuminate/Foundation/Http/Middleware/TransformsRequest->handle()
#27 G:/Projects/customer-management/vendor/laravel/framework/src/Illuminate/Pipeline/Pipeline.php(219): Illuminate/Foundation/Http/Middleware/ConvertEmptyStringsToNull->handle()
#28 G:/Projects/customer-management/vendor/laravel/framework/src/Illuminate/Foundation/Http/Middleware/TransformsRequest.php(21): Illuminate/Pipeline/Pipeline->Illuminate/Pipeline/{closure}()
#29 G:/Projects/customer-management/vendor/laravel/framework/src/Illuminate/Foundation/Http/Middleware/TrimStrings.php(51): Illuminate/Foundation/Http/Middleware/TransformsRequest->handle()
#30 G:/Projects/customer-management/vendor/laravel/framework/src/Illuminate/Pipeline/Pipeline.php(219): Illuminate/Foundation/Http/Middleware/TrimStrings->handle()
#31 G:/Projects/customer-management/vendor/laravel/framework/src/Illuminate/Http/Middleware/ValidatePostSize.php(27): Illuminate/Pipeline/Pipeline->Illuminate/Pipeline/{closure}()
#32 G:/Projects/customer-management/vendor/laravel/framework/src/Illuminate/Pipeline/Pipeline.php(219): Illuminate/Http/Middleware/ValidatePostSize->handle()
#33 G:/Projects/customer-management/vendor/laravel/framework/src/Illuminate/Foundation/Http/Middleware/PreventRequestsDuringMaintenance.php(109): Illuminate/Pipeline/Pipeline->Illuminate/Pipeline/{closure}()
#34 G:/Projects/customer-management/vendor/laravel/framework/src/Illuminate/Pipeline/Pipeline.php(219): Illuminate/Foundation/Http/Middleware/PreventRequestsDuringMaintenance->handle()
#35 G:/Projects/customer-management/vendor/laravel/framework/src/Illuminate/Http/Middleware/HandleCors.php(74): Illuminate/Pipeline/Pipeline->Illuminate/Pipeline/{closure}()
#36 G:/Projects/customer-management/vendor/laravel/framework/src/Illuminate/Pipeline/Pipeline.php(219): Illuminate/Http/Middleware/HandleCors->handle()
#37 G:/Projects/customer-management/vendor/laravel/framework/src/Illuminate/Http/Middleware/TrustProxies.php(58): Illuminate/Pipeline/Pipeline->Illuminate/Pipeline/{closure}()
#38 G:/Projects/customer-management/vendor/laravel/framework/src/Illuminate/Pipeline/Pipeline.php(219): Illuminate/Http/Middleware/TrustProxies->handle()
#39 G:/Projects/customer-management/vendor/laravel/framework/src/Illuminate/Foundation/Http/Middleware/InvokeDeferredCallbacks.php(22): Illuminate/Pipeline/Pipeline->Illuminate/Pipeline/{closure}()
#40 G:/Projects/customer-management/vendor/laravel/framework/src/Illuminate/Pipeline/Pipeline.php(219): Illuminate/Foundation/Http/Middleware/InvokeDeferredCallbacks->handle()
#41 G:/Projects/customer-management/vendor/laravel/framework/src/Illuminate/Http/Middleware/ValidatePathEncoding.php(26): Illuminate/Pipeline/Pipeline->Illuminate/Pipeline/{closure}()
#42 G:/Projects/customer-management/vendor/laravel/framework/src/Illuminate/Pipeline/Pipeline.php(219): Illuminate/Http/Middleware/ValidatePathEncoding->handle()
#43 G:/Projects/customer-management/vendor/laravel/framework/src/Illuminate/Pipeline/Pipeline.php(137): Illuminate/Pipeline/Pipeline->Illuminate/Pipeline/{closure}()
#44 G:/Projects/customer-management/vendor/laravel/framework/src/Illuminate/Foundation/Http/Kernel.php(175): Illuminate/Pipeline/Pipeline->then()
#45 G:/Projects/customer-management/vendor/laravel/framework/src/Illuminate/Foundation/Http/Kernel.php(144): Illuminate/Foundation/Http/Kernel->sendRequestThroughRouter()
#46 G:/Projects/customer-management/vendor/laravel/framework/src/Illuminate/Foundation/Application.php(1220): Illuminate/Foundation/Http/Kernel->handle()
#47 G:/Projects/customer-management/public/index.php(20): Illuminate/Foundation/Application->handleRequest()
#48 G:/Projects/customer-management/vendor/laravel/framework/src/Illuminate/Foundation/resources/server.php(23): require_once('...')
#49 {main}
"} 
[2026-02-11 04:01:11] local.ERROR: HTTP request returned status code 404:
{
  "error": {
    "code": 404,
    "message": "models/gemini-2.0-flash-exp is not found for API version v1beta, or is n (truncated...)
 {"userId":1,"exception":"[object] (Illuminate\\Http\\Client\\RequestException(code: 404): HTTP request returned status code 404:
{
  \"error\": {
    \"code\": 404,
    \"message\": \"models/gemini-2.0-flash-exp is not found for API version v1beta, or is n (truncated...)
 at G:/Projects/customer-management/vendor/laravel/framework/src/Illuminate/Http/Client/Response.php:332)
[stacktrace]
#0 G:/Projects/customer-management/vendor/laravel/framework/src/Illuminate/Http/Client/Response.php(348): Illuminate/Http/Client/Response->toException()
#1 G:/Projects/customer-management/vendor/laravel/framework/src/Illuminate/Http/Client/PendingRequest.php(1062): Illuminate/Http/Client/Response->throw()
#2 G:/Projects/customer-management/vendor/laravel/framework/src/Illuminate/Support/helpers.php(388): Illuminate/Http/Client/PendingRequest->Illuminate/Http/Client/{closure}()
#3 G:/Projects/customer-management/vendor/laravel/framework/src/Illuminate/Http/Client/PendingRequest.php(1029): tap()
#4 G:/Projects/customer-management/vendor/laravel/framework/src/Illuminate/Support/helpers.php(327): Illuminate/Http/Client/PendingRequest->Illuminate/Http/Client/{closure}()
#5 G:/Projects/customer-management/vendor/laravel/framework/src/Illuminate/Http/Client/PendingRequest.php(1027): retry()
#6 G:/Projects/customer-management/vendor/laravel/framework/src/Illuminate/Http/Client/PendingRequest.php(879): Illuminate/Http/Client/PendingRequest->send()
#7 G:/Projects/customer-management/app/Services/TransactionService.php(151): Illuminate/Http/Client/PendingRequest->post()
#8 G:/Projects/customer-management/app/Http/Controllers/Api/TransactionController.php(195): App/Services/TransactionService->scanCCCD()
#9 G:/Projects/customer-management/vendor/laravel/framework/src/Illuminate/Routing/ControllerDispatcher.php(46): App/Http/Controllers/Api/TransactionController->scanCCCD()
#10 G:/Projects/customer-management/vendor/laravel/framework/src/Illuminate/Routing/Route.php(265): Illuminate/Routing/ControllerDispatcher->dispatch()
#11 G:/Projects/customer-management/vendor/laravel/framework/src/Illuminate/Routing/Route.php(211): Illuminate/Routing/Route->runController()
#12 G:/Projects/customer-management/vendor/laravel/framework/src/Illuminate/Routing/Router.php(822): Illuminate/Routing/Route->run()
#13 G:/Projects/customer-management/vendor/laravel/framework/src/Illuminate/Pipeline/Pipeline.php(180): Illuminate/Routing/Router->Illuminate/Routing/{closure}()
#14 G:/Projects/customer-management/vendor/laravel/framework/src/Illuminate/Routing/Middleware/SubstituteBindings.php(50): Illuminate/Pipeline/Pipeline->Illuminate/Pipeline/{closure}()
#15 G:/Projects/customer-management/vendor/laravel/framework/src/Illuminate/Pipeline/Pipeline.php(219): Illuminate/Routing/Middleware/SubstituteBindings->handle()
#16 G:/Projects/customer-management/vendor/laravel/framework/src/Illuminate/Auth/Middleware/Authenticate.php(63): Illuminate/Pipeline/Pipeline->Illuminate/Pipeline/{closure}()
#17 G:/Projects/customer-management/vendor/laravel/framework/src/Illuminate/Pipeline/Pipeline.php(219): Illuminate/Auth/Middleware/Authenticate->handle()
#18 G:/Projects/customer-management/vendor/laravel/framework/src/Illuminate/Pipeline/Pipeline.php(137): Illuminate/Pipeline/Pipeline->Illuminate/Pipeline/{closure}()
#19 G:/Projects/customer-management/vendor/laravel/framework/src/Illuminate/Routing/Router.php(821): Illuminate/Pipeline/Pipeline->then()
#20 G:/Projects/customer-management/vendor/laravel/framework/src/Illuminate/Routing/Router.php(800): Illuminate/Routing/Router->runRouteWithinStack()
#21 G:/Projects/customer-management/vendor/laravel/framework/src/Illuminate/Routing/Router.php(764): Illuminate/Routing/Router->runRoute()
#22 G:/Projects/customer-management/vendor/laravel/framework/src/Illuminate/Routing/Router.php(753): Illuminate/Routing/Router->dispatchToRoute()
#23 G:/Projects/customer-management/vendor/laravel/framework/src/Illuminate/Foundation/Http/Kernel.php(200): Illuminate/Routing/Router->dispatch()
#24 G:/Projects/customer-management/vendor/laravel/framework/src/Illuminate/Pipeline/Pipeline.php(180): Illuminate/Foundation/Http/Kernel->Illuminate/Foundation/Http/{closure}()
#25 G:/Projects/customer-management/vendor/laravel/framework/src/Illuminate/Foundation/Http/Middleware/TransformsRequest.php(21): Illuminate/Pipeline/Pipeline->Illuminate/Pipeline/{closure}()
#26 G:/Projects/customer-management/vendor/laravel/framework/src/Illuminate/Foundation/Http/Middleware/ConvertEmptyStringsToNull.php(31): Illuminate/Foundation/Http/Middleware/TransformsRequest->handle()
#27 G:/Projects/customer-management/vendor/laravel/framework/src/Illuminate/Pipeline/Pipeline.php(219): Illuminate/Foundation/Http/Middleware/ConvertEmptyStringsToNull->handle()
#28 G:/Projects/customer-management/vendor/laravel/framework/src/Illuminate/Foundation/Http/Middleware/TransformsRequest.php(21): Illuminate/Pipeline/Pipeline->Illuminate/Pipeline/{closure}()
#29 G:/Projects/customer-management/vendor/laravel/framework/src/Illuminate/Foundation/Http/Middleware/TrimStrings.php(51): Illuminate/Foundation/Http/Middleware/TransformsRequest->handle()
#30 G:/Projects/customer-management/vendor/laravel/framework/src/Illuminate/Pipeline/Pipeline.php(219): Illuminate/Foundation/Http/Middleware/TrimStrings->handle()
#31 G:/Projects/customer-management/vendor/laravel/framework/src/Illuminate/Http/Middleware/ValidatePostSize.php(27): Illuminate/Pipeline/Pipeline->Illuminate/Pipeline/{closure}()
#32 G:/Projects/customer-management/vendor/laravel/framework/src/Illuminate/Pipeline/Pipeline.php(219): Illuminate/Http/Middleware/ValidatePostSize->handle()
#33 G:/Projects/customer-management/vendor/laravel/framework/src/Illuminate/Foundation/Http/Middleware/PreventRequestsDuringMaintenance.php(109): Illuminate/Pipeline/Pipeline->Illuminate/Pipeline/{closure}()
#34 G:/Projects/customer-management/vendor/laravel/framework/src/Illuminate/Pipeline/Pipeline.php(219): Illuminate/Foundation/Http/Middleware/PreventRequestsDuringMaintenance->handle()
#35 G:/Projects/customer-management/vendor/laravel/framework/src/Illuminate/Http/Middleware/HandleCors.php(74): Illuminate/Pipeline/Pipeline->Illuminate/Pipeline/{closure}()
#36 G:/Projects/customer-management/vendor/laravel/framework/src/Illuminate/Pipeline/Pipeline.php(219): Illuminate/Http/Middleware/HandleCors->handle()
#37 G:/Projects/customer-management/vendor/laravel/framework/src/Illuminate/Http/Middleware/TrustProxies.php(58): Illuminate/Pipeline/Pipeline->Illuminate/Pipeline/{closure}()
#38 G:/Projects/customer-management/vendor/laravel/framework/src/Illuminate/Pipeline/Pipeline.php(219): Illuminate/Http/Middleware/TrustProxies->handle()
#39 G:/Projects/customer-management/vendor/laravel/framework/src/Illuminate/Foundation/Http/Middleware/InvokeDeferredCallbacks.php(22): Illuminate/Pipeline/Pipeline->Illuminate/Pipeline/{closure}()
#40 G:/Projects/customer-management/vendor/laravel/framework/src/Illuminate/Pipeline/Pipeline.php(219): Illuminate/Foundation/Http/Middleware/InvokeDeferredCallbacks->handle()
#41 G:/Projects/customer-management/vendor/laravel/framework/src/Illuminate/Http/Middleware/ValidatePathEncoding.php(26): Illuminate/Pipeline/Pipeline->Illuminate/Pipeline/{closure}()
#42 G:/Projects/customer-management/vendor/laravel/framework/src/Illuminate/Pipeline/Pipeline.php(219): Illuminate/Http/Middleware/ValidatePathEncoding->handle()
#43 G:/Projects/customer-management/vendor/laravel/framework/src/Illuminate/Pipeline/Pipeline.php(137): Illuminate/Pipeline/Pipeline->Illuminate/Pipeline/{closure}()
#44 G:/Projects/customer-management/vendor/laravel/framework/src/Illuminate/Foundation/Http/Kernel.php(175): Illuminate/Pipeline/Pipeline->then()
#45 G:/Projects/customer-management/vendor/laravel/framework/src/Illuminate/Foundation/Http/Kernel.php(144): Illuminate/Foundation/Http/Kernel->sendRequestThroughRouter()
#46 G:/Projects/customer-management/vendor/laravel/framework/src/Illuminate/Foundation/Application.php(1220): Illuminate/Foundation/Http/Kernel->handle()
#47 G:/Projects/customer-management/public/index.php(20): Illuminate/Foundation/Application->handleRequest()
#48 G:/Projects/customer-management/vendor/laravel/framework/src/Illuminate/Foundation/resources/server.php(23): require_once('...')
#49 {main}
"} 
[2026-02-11 04:02:53] local.ERROR: HTTP request returned status code 404:
{
  "error": {
    "code": 404,
    "message": "models/gemini-1.5-flash is not found for API version v1beta, or is not s (truncated...)
 {"userId":1,"exception":"[object] (Illuminate\\Http\\Client\\RequestException(code: 404): HTTP request returned status code 404:
{
  \"error\": {
    \"code\": 404,
    \"message\": \"models/gemini-1.5-flash is not found for API version v1beta, or is not s (truncated...)
 at G:/Projects/customer-management/vendor/laravel/framework/src/Illuminate/Http/Client/Response.php:332)
[stacktrace]
#0 G:/Projects/customer-management/vendor/laravel/framework/src/Illuminate/Http/Client/Response.php(348): Illuminate/Http/Client/Response->toException()
#1 G:/Projects/customer-management/vendor/laravel/framework/src/Illuminate/Http/Client/PendingRequest.php(1062): Illuminate/Http/Client/Response->throw()
#2 G:/Projects/customer-management/vendor/laravel/framework/src/Illuminate/Support/helpers.php(388): Illuminate/Http/Client/PendingRequest->Illuminate/Http/Client/{closure}()
#3 G:/Projects/customer-management/vendor/laravel/framework/src/Illuminate/Http/Client/PendingRequest.php(1029): tap()
#4 G:/Projects/customer-management/vendor/laravel/framework/src/Illuminate/Support/helpers.php(327): Illuminate/Http/Client/PendingRequest->Illuminate/Http/Client/{closure}()
#5 G:/Projects/customer-management/vendor/laravel/framework/src/Illuminate/Http/Client/PendingRequest.php(1027): retry()
#6 G:/Projects/customer-management/vendor/laravel/framework/src/Illuminate/Http/Client/PendingRequest.php(879): Illuminate/Http/Client/PendingRequest->send()
#7 G:/Projects/customer-management/app/Services/TransactionService.php(151): Illuminate/Http/Client/PendingRequest->post()
#8 G:/Projects/customer-management/app/Http/Controllers/Api/TransactionController.php(195): App/Services/TransactionService->scanCCCD()
#9 G:/Projects/customer-management/vendor/laravel/framework/src/Illuminate/Routing/ControllerDispatcher.php(46): App/Http/Controllers/Api/TransactionController->scanCCCD()
#10 G:/Projects/customer-management/vendor/laravel/framework/src/Illuminate/Routing/Route.php(265): Illuminate/Routing/ControllerDispatcher->dispatch()
#11 G:/Projects/customer-management/vendor/laravel/framework/src/Illuminate/Routing/Route.php(211): Illuminate/Routing/Route->runController()
#12 G:/Projects/customer-management/vendor/laravel/framework/src/Illuminate/Routing/Router.php(822): Illuminate/Routing/Route->run()
#13 G:/Projects/customer-management/vendor/laravel/framework/src/Illuminate/Pipeline/Pipeline.php(180): Illuminate/Routing/Router->Illuminate/Routing/{closure}()
#14 G:/Projects/customer-management/vendor/laravel/framework/src/Illuminate/Routing/Middleware/SubstituteBindings.php(50): Illuminate/Pipeline/Pipeline->Illuminate/Pipeline/{closure}()
#15 G:/Projects/customer-management/vendor/laravel/framework/src/Illuminate/Pipeline/Pipeline.php(219): Illuminate/Routing/Middleware/SubstituteBindings->handle()
#16 G:/Projects/customer-management/vendor/laravel/framework/src/Illuminate/Auth/Middleware/Authenticate.php(63): Illuminate/Pipeline/Pipeline->Illuminate/Pipeline/{closure}()
#17 G:/Projects/customer-management/vendor/laravel/framework/src/Illuminate/Pipeline/Pipeline.php(219): Illuminate/Auth/Middleware/Authenticate->handle()
#18 G:/Projects/customer-management/vendor/laravel/framework/src/Illuminate/Pipeline/Pipeline.php(137): Illuminate/Pipeline/Pipeline->Illuminate/Pipeline/{closure}()
#19 G:/Projects/customer-management/vendor/laravel/framework/src/Illuminate/Routing/Router.php(821): Illuminate/Pipeline/Pipeline->then()
#20 G:/Projects/customer-management/vendor/laravel/framework/src/Illuminate/Routing/Router.php(800): Illuminate/Routing/Router->runRouteWithinStack()
#21 G:/Projects/customer-management/vendor/laravel/framework/src/Illuminate/Routing/Router.php(764): Illuminate/Routing/Router->runRoute()
#22 G:/Projects/customer-management/vendor/laravel/framework/src/Illuminate/Routing/Router.php(753): Illuminate/Routing/Router->dispatchToRoute()
#23 G:/Projects/customer-management/vendor/laravel/framework/src/Illuminate/Foundation/Http/Kernel.php(200): Illuminate/Routing/Router->dispatch()
#24 G:/Projects/customer-management/vendor/laravel/framework/src/Illuminate/Pipeline/Pipeline.php(180): Illuminate/Foundation/Http/Kernel->Illuminate/Foundation/Http/{closure}()
#25 G:/Projects/customer-management/vendor/laravel/framework/src/Illuminate/Foundation/Http/Middleware/TransformsRequest.php(21): Illuminate/Pipeline/Pipeline->Illuminate/Pipeline/{closure}()
#26 G:/Projects/customer-management/vendor/laravel/framework/src/Illuminate/Foundation/Http/Middleware/ConvertEmptyStringsToNull.php(31): Illuminate/Foundation/Http/Middleware/TransformsRequest->handle()
#27 G:/Projects/customer-management/vendor/laravel/framework/src/Illuminate/Pipeline/Pipeline.php(219): Illuminate/Foundation/Http/Middleware/ConvertEmptyStringsToNull->handle()
#28 G:/Projects/customer-management/vendor/laravel/framework/src/Illuminate/Foundation/Http/Middleware/TransformsRequest.php(21): Illuminate/Pipeline/Pipeline->Illuminate/Pipeline/{closure}()
#29 G:/Projects/customer-management/vendor/laravel/framework/src/Illuminate/Foundation/Http/Middleware/TrimStrings.php(51): Illuminate/Foundation/Http/Middleware/TransformsRequest->handle()
#30 G:/Projects/customer-management/vendor/laravel/framework/src/Illuminate/Pipeline/Pipeline.php(219): Illuminate/Foundation/Http/Middleware/TrimStrings->handle()
#31 G:/Projects/customer-management/vendor/laravel/framework/src/Illuminate/Http/Middleware/ValidatePostSize.php(27): Illuminate/Pipeline/Pipeline->Illuminate/Pipeline/{closure}()
#32 G:/Projects/customer-management/vendor/laravel/framework/src/Illuminate/Pipeline/Pipeline.php(219): Illuminate/Http/Middleware/ValidatePostSize->handle()
#33 G:/Projects/customer-management/vendor/laravel/framework/src/Illuminate/Foundation/Http/Middleware/PreventRequestsDuringMaintenance.php(109): Illuminate/Pipeline/Pipeline->Illuminate/Pipeline/{closure}()
#34 G:/Projects/customer-management/vendor/laravel/framework/src/Illuminate/Pipeline/Pipeline.php(219): Illuminate/Foundation/Http/Middleware/PreventRequestsDuringMaintenance->handle()
#35 G:/Projects/customer-management/vendor/laravel/framework/src/Illuminate/Http/Middleware/HandleCors.php(74): Illuminate/Pipeline/Pipeline->Illuminate/Pipeline/{closure}()
#36 G:/Projects/customer-management/vendor/laravel/framework/src/Illuminate/Pipeline/Pipeline.php(219): Illuminate/Http/Middleware/HandleCors->handle()
#37 G:/Projects/customer-management/vendor/laravel/framework/src/Illuminate/Http/Middleware/TrustProxies.php(58): Illuminate/Pipeline/Pipeline->Illuminate/Pipeline/{closure}()
#38 G:/Projects/customer-management/vendor/laravel/framework/src/Illuminate/Pipeline/Pipeline.php(219): Illuminate/Http/Middleware/TrustProxies->handle()
#39 G:/Projects/customer-management/vendor/laravel/framework/src/Illuminate/Foundation/Http/Middleware/InvokeDeferredCallbacks.php(22): Illuminate/Pipeline/Pipeline->Illuminate/Pipeline/{closure}()
#40 G:/Projects/customer-management/vendor/laravel/framework/src/Illuminate/Pipeline/Pipeline.php(219): Illuminate/Foundation/Http/Middleware/InvokeDeferredCallbacks->handle()
#41 G:/Projects/customer-management/vendor/laravel/framework/src/Illuminate/Http/Middleware/ValidatePathEncoding.php(26): Illuminate/Pipeline/Pipeline->Illuminate/Pipeline/{closure}()
#42 G:/Projects/customer-management/vendor/laravel/framework/src/Illuminate/Pipeline/Pipeline.php(219): Illuminate/Http/Middleware/ValidatePathEncoding->handle()
#43 G:/Projects/customer-management/vendor/laravel/framework/src/Illuminate/Pipeline/Pipeline.php(137): Illuminate/Pipeline/Pipeline->Illuminate/Pipeline/{closure}()
#44 G:/Projects/customer-management/vendor/laravel/framework/src/Illuminate/Foundation/Http/Kernel.php(175): Illuminate/Pipeline/Pipeline->then()
#45 G:/Projects/customer-management/vendor/laravel/framework/src/Illuminate/Foundation/Http/Kernel.php(144): Illuminate/Foundation/Http/Kernel->sendRequestThroughRouter()
#46 G:/Projects/customer-management/vendor/laravel/framework/src/Illuminate/Foundation/Application.php(1220): Illuminate/Foundation/Http/Kernel->handle()
#47 G:/Projects/customer-management/public/index.php(20): Illuminate/Foundation/Application->handleRequest()
#48 G:/Projects/customer-management/vendor/laravel/framework/src/Illuminate/Foundation/resources/server.php(23): require_once('...')
#49 {main}
"} 
[2026-02-11 04:04:32] local.ERROR: HTTP request returned status code 404:
{
  "error": {
    "code": 404,
    "message": "models/gemini-1.5-flash is not found for API version v1beta, or is not s (truncated...)
 {"userId":1,"exception":"[object] (Illuminate\\Http\\Client\\RequestException(code: 404): HTTP request returned status code 404:
{
  \"error\": {
    \"code\": 404,
    \"message\": \"models/gemini-1.5-flash is not found for API version v1beta, or is not s (truncated...)
 at G:/Projects/customer-management/vendor/laravel/framework/src/Illuminate/Http/Client/Response.php:332)
[stacktrace]
#0 G:/Projects/customer-management/vendor/laravel/framework/src/Illuminate/Http/Client/Response.php(348): Illuminate/Http/Client/Response->toException()
#1 G:/Projects/customer-management/vendor/laravel/framework/src/Illuminate/Http/Client/PendingRequest.php(1062): Illuminate/Http/Client/Response->throw()
#2 G:/Projects/customer-management/vendor/laravel/framework/src/Illuminate/Support/helpers.php(388): Illuminate/Http/Client/PendingRequest->Illuminate/Http/Client/{closure}()
#3 G:/Projects/customer-management/vendor/laravel/framework/src/Illuminate/Http/Client/PendingRequest.php(1029): tap()
#4 G:/Projects/customer-management/vendor/laravel/framework/src/Illuminate/Support/helpers.php(327): Illuminate/Http/Client/PendingRequest->Illuminate/Http/Client/{closure}()
#5 G:/Projects/customer-management/vendor/laravel/framework/src/Illuminate/Http/Client/PendingRequest.php(1027): retry()
#6 G:/Projects/customer-management/vendor/laravel/framework/src/Illuminate/Http/Client/PendingRequest.php(879): Illuminate/Http/Client/PendingRequest->send()
#7 G:/Projects/customer-management/app/Services/TransactionService.php(151): Illuminate/Http/Client/PendingRequest->post()
#8 G:/Projects/customer-management/app/Http/Controllers/Api/TransactionController.php(195): App/Services/TransactionService->scanCCCD()
#9 G:/Projects/customer-management/vendor/laravel/framework/src/Illuminate/Routing/ControllerDispatcher.php(46): App/Http/Controllers/Api/TransactionController->scanCCCD()
#10 G:/Projects/customer-management/vendor/laravel/framework/src/Illuminate/Routing/Route.php(265): Illuminate/Routing/ControllerDispatcher->dispatch()
#11 G:/Projects/customer-management/vendor/laravel/framework/src/Illuminate/Routing/Route.php(211): Illuminate/Routing/Route->runController()
#12 G:/Projects/customer-management/vendor/laravel/framework/src/Illuminate/Routing/Router.php(822): Illuminate/Routing/Route->run()
#13 G:/Projects/customer-management/vendor/laravel/framework/src/Illuminate/Pipeline/Pipeline.php(180): Illuminate/Routing/Router->Illuminate/Routing/{closure}()
#14 G:/Projects/customer-management/vendor/laravel/framework/src/Illuminate/Routing/Middleware/SubstituteBindings.php(50): Illuminate/Pipeline/Pipeline->Illuminate/Pipeline/{closure}()
#15 G:/Projects/customer-management/vendor/laravel/framework/src/Illuminate/Pipeline/Pipeline.php(219): Illuminate/Routing/Middleware/SubstituteBindings->handle()
#16 G:/Projects/customer-management/vendor/laravel/framework/src/Illuminate/Auth/Middleware/Authenticate.php(63): Illuminate/Pipeline/Pipeline->Illuminate/Pipeline/{closure}()
#17 G:/Projects/customer-management/vendor/laravel/framework/src/Illuminate/Pipeline/Pipeline.php(219): Illuminate/Auth/Middleware/Authenticate->handle()
#18 G:/Projects/customer-management/vendor/laravel/framework/src/Illuminate/Pipeline/Pipeline.php(137): Illuminate/Pipeline/Pipeline->Illuminate/Pipeline/{closure}()
#19 G:/Projects/customer-management/vendor/laravel/framework/src/Illuminate/Routing/Router.php(821): Illuminate/Pipeline/Pipeline->then()
#20 G:/Projects/customer-management/vendor/laravel/framework/src/Illuminate/Routing/Router.php(800): Illuminate/Routing/Router->runRouteWithinStack()
#21 G:/Projects/customer-management/vendor/laravel/framework/src/Illuminate/Routing/Router.php(764): Illuminate/Routing/Router->runRoute()
#22 G:/Projects/customer-management/vendor/laravel/framework/src/Illuminate/Routing/Router.php(753): Illuminate/Routing/Router->dispatchToRoute()
#23 G:/Projects/customer-management/vendor/laravel/framework/src/Illuminate/Foundation/Http/Kernel.php(200): Illuminate/Routing/Router->dispatch()
#24 G:/Projects/customer-management/vendor/laravel/framework/src/Illuminate/Pipeline/Pipeline.php(180): Illuminate/Foundation/Http/Kernel->Illuminate/Foundation/Http/{closure}()
#25 G:/Projects/customer-management/vendor/laravel/framework/src/Illuminate/Foundation/Http/Middleware/TransformsRequest.php(21): Illuminate/Pipeline/Pipeline->Illuminate/Pipeline/{closure}()
#26 G:/Projects/customer-management/vendor/laravel/framework/src/Illuminate/Foundation/Http/Middleware/ConvertEmptyStringsToNull.php(31): Illuminate/Foundation/Http/Middleware/TransformsRequest->handle()
#27 G:/Projects/customer-management/vendor/laravel/framework/src/Illuminate/Pipeline/Pipeline.php(219): Illuminate/Foundation/Http/Middleware/ConvertEmptyStringsToNull->handle()
#28 G:/Projects/customer-management/vendor/laravel/framework/src/Illuminate/Foundation/Http/Middleware/TransformsRequest.php(21): Illuminate/Pipeline/Pipeline->Illuminate/Pipeline/{closure}()
#29 G:/Projects/customer-management/vendor/laravel/framework/src/Illuminate/Foundation/Http/Middleware/TrimStrings.php(51): Illuminate/Foundation/Http/Middleware/TransformsRequest->handle()
#30 G:/Projects/customer-management/vendor/laravel/framework/src/Illuminate/Pipeline/Pipeline.php(219): Illuminate/Foundation/Http/Middleware/TrimStrings->handle()
#31 G:/Projects/customer-management/vendor/laravel/framework/src/Illuminate/Http/Middleware/ValidatePostSize.php(27): Illuminate/Pipeline/Pipeline->Illuminate/Pipeline/{closure}()
#32 G:/Projects/customer-management/vendor/laravel/framework/src/Illuminate/Pipeline/Pipeline.php(219): Illuminate/Http/Middleware/ValidatePostSize->handle()
#33 G:/Projects/customer-management/vendor/laravel/framework/src/Illuminate/Foundation/Http/Middleware/PreventRequestsDuringMaintenance.php(109): Illuminate/Pipeline/Pipeline->Illuminate/Pipeline/{closure}()
#34 G:/Projects/customer-management/vendor/laravel/framework/src/Illuminate/Pipeline/Pipeline.php(219): Illuminate/Foundation/Http/Middleware/PreventRequestsDuringMaintenance->handle()
#35 G:/Projects/customer-management/vendor/laravel/framework/src/Illuminate/Http/Middleware/HandleCors.php(74): Illuminate/Pipeline/Pipeline->Illuminate/Pipeline/{closure}()
#36 G:/Projects/customer-management/vendor/laravel/framework/src/Illuminate/Pipeline/Pipeline.php(219): Illuminate/Http/Middleware/HandleCors->handle()
#37 G:/Projects/customer-management/vendor/laravel/framework/src/Illuminate/Http/Middleware/TrustProxies.php(58): Illuminate/Pipeline/Pipeline->Illuminate/Pipeline/{closure}()
#38 G:/Projects/customer-management/vendor/laravel/framework/src/Illuminate/Pipeline/Pipeline.php(219): Illuminate/Http/Middleware/TrustProxies->handle()
#39 G:/Projects/customer-management/vendor/laravel/framework/src/Illuminate/Foundation/Http/Middleware/InvokeDeferredCallbacks.php(22): Illuminate/Pipeline/Pipeline->Illuminate/Pipeline/{closure}()
#40 G:/Projects/customer-management/vendor/laravel/framework/src/Illuminate/Pipeline/Pipeline.php(219): Illuminate/Foundation/Http/Middleware/InvokeDeferredCallbacks->handle()
#41 G:/Projects/customer-management/vendor/laravel/framework/src/Illuminate/Http/Middleware/ValidatePathEncoding.php(26): Illuminate/Pipeline/Pipeline->Illuminate/Pipeline/{closure}()
#42 G:/Projects/customer-management/vendor/laravel/framework/src/Illuminate/Pipeline/Pipeline.php(219): Illuminate/Http/Middleware/ValidatePathEncoding->handle()
#43 G:/Projects/customer-management/vendor/laravel/framework/src/Illuminate/Pipeline/Pipeline.php(137): Illuminate/Pipeline/Pipeline->Illuminate/Pipeline/{closure}()
#44 G:/Projects/customer-management/vendor/laravel/framework/src/Illuminate/Foundation/Http/Kernel.php(175): Illuminate/Pipeline/Pipeline->then()
#45 G:/Projects/customer-management/vendor/laravel/framework/src/Illuminate/Foundation/Http/Kernel.php(144): Illuminate/Foundation/Http/Kernel->sendRequestThroughRouter()
#46 G:/Projects/customer-management/vendor/laravel/framework/src/Illuminate/Foundation/Application.php(1220): Illuminate/Foundation/Http/Kernel->handle()
#47 G:/Projects/customer-management/public/index.php(20): Illuminate/Foundation/Application->handleRequest()
#48 G:/Projects/customer-management/vendor/laravel/framework/src/Illuminate/Foundation/resources/server.php(23): require_once('...')
#49 {main}
"} 
[2026-02-11 04:12:19] local.ERROR: cURL error 60: SSL certificate problem: self-signed certificate in certificate chain (see https://curl.haxx.se/libcurl/c/libcurl-errors.html) for https://payment.momo.vn/v2/gateway/api/create {"userId":1,"exception":"[object] (Illuminate\\Http\\Client\\ConnectionException(code: 0): cURL error 60: SSL certificate problem: self-signed certificate in certificate chain (see https://curl.haxx.se/libcurl/c/libcurl-errors.html) for https://payment.momo.vn/v2/gateway/api/create at G:/Projects/customer-management/vendor/laravel/framework/src/Illuminate/Http/Client/PendingRequest.php:1808)
[stacktrace]
#0 G:/Projects/customer-management/vendor/laravel/framework/src/Illuminate/Http/Client/PendingRequest.php(1071): Illuminate/Http/Client/PendingRequest->marshalRequestExceptionWithoutResponse()
#1 G:/Projects/customer-management/vendor/laravel/framework/src/Illuminate/Support/helpers.php(327): Illuminate/Http/Client/PendingRequest->Illuminate/Http/Client/{closure}()
#2 G:/Projects/customer-management/vendor/laravel/framework/src/Illuminate/Http/Client/PendingRequest.php(1027): retry()
#3 G:/Projects/customer-management/vendor/laravel/framework/src/Illuminate/Http/Client/PendingRequest.php(879): Illuminate/Http/Client/PendingRequest->send()
#4 G:/Projects/customer-management/app/Http/Controllers/Api/MoMoController.php(55): Illuminate/Http/Client/PendingRequest->post()
#5 G:/Projects/customer-management/vendor/laravel/framework/src/Illuminate/Routing/ControllerDispatcher.php(46): App/Http/Controllers/Api/MoMoController->generateQR()
#6 G:/Projects/customer-management/vendor/laravel/framework/src/Illuminate/Routing/Route.php(265): Illuminate/Routing/ControllerDispatcher->dispatch()
#7 G:/Projects/customer-management/vendor/laravel/framework/src/Illuminate/Routing/Route.php(211): Illuminate/Routing/Route->runController()
#8 G:/Projects/customer-management/vendor/laravel/framework/src/Illuminate/Routing/Router.php(822): Illuminate/Routing/Route->run()
#9 G:/Projects/customer-management/vendor/laravel/framework/src/Illuminate/Pipeline/Pipeline.php(180): Illuminate/Routing/Router->Illuminate/Routing/{closure}()
#10 G:/Projects/customer-management/vendor/laravel/framework/src/Illuminate/Routing/Middleware/SubstituteBindings.php(50): Illuminate/Pipeline/Pipeline->Illuminate/Pipeline/{closure}()
#11 G:/Projects/customer-management/vendor/laravel/framework/src/Illuminate/Pipeline/Pipeline.php(219): Illuminate/Routing/Middleware/SubstituteBindings->handle()
#12 G:/Projects/customer-management/vendor/laravel/framework/src/Illuminate/Auth/Middleware/Authenticate.php(63): Illuminate/Pipeline/Pipeline->Illuminate/Pipeline/{closure}()
#13 G:/Projects/customer-management/vendor/laravel/framework/src/Illuminate/Pipeline/Pipeline.php(219): Illuminate/Auth/Middleware/Authenticate->handle()
#14 G:/Projects/customer-management/vendor/laravel/framework/src/Illuminate/Pipeline/Pipeline.php(137): Illuminate/Pipeline/Pipeline->Illuminate/Pipeline/{closure}()
#15 G:/Projects/customer-management/vendor/laravel/framework/src/Illuminate/Routing/Router.php(821): Illuminate/Pipeline/Pipeline->then()
#16 G:/Projects/customer-management/vendor/laravel/framework/src/Illuminate/Routing/Router.php(800): Illuminate/Routing/Router->runRouteWithinStack()
#17 G:/Projects/customer-management/vendor/laravel/framework/src/Illuminate/Routing/Router.php(764): Illuminate/Routing/Router->runRoute()
#18 G:/Projects/customer-management/vendor/laravel/framework/src/Illuminate/Routing/Router.php(753): Illuminate/Routing/Router->dispatchToRoute()
#19 G:/Projects/customer-management/vendor/laravel/framework/src/Illuminate/Foundation/Http/Kernel.php(200): Illuminate/Routing/Router->dispatch()
#20 G:/Projects/customer-management/vendor/laravel/framework/src/Illuminate/Pipeline/Pipeline.php(180): Illuminate/Foundation/Http/Kernel->Illuminate/Foundation/Http/{closure}()
#21 G:/Projects/customer-management/vendor/laravel/framework/src/Illuminate/Foundation/Http/Middleware/TransformsRequest.php(21): Illuminate/Pipeline/Pipeline->Illuminate/Pipeline/{closure}()
#22 G:/Projects/customer-management/vendor/laravel/framework/src/Illuminate/Foundation/Http/Middleware/ConvertEmptyStringsToNull.php(31): Illuminate/Foundation/Http/Middleware/TransformsRequest->handle()
#23 G:/Projects/customer-management/vendor/laravel/framework/src/Illuminate/Pipeline/Pipeline.php(219): Illuminate/Foundation/Http/Middleware/ConvertEmptyStringsToNull->handle()
#24 G:/Projects/customer-management/vendor/laravel/framework/src/Illuminate/Foundation/Http/Middleware/TransformsRequest.php(21): Illuminate/Pipeline/Pipeline->Illuminate/Pipeline/{closure}()
#25 G:/Projects/customer-management/vendor/laravel/framework/src/Illuminate/Foundation/Http/Middleware/TrimStrings.php(51): Illuminate/Foundation/Http/Middleware/TransformsRequest->handle()
#26 G:/Projects/customer-management/vendor/laravel/framework/src/Illuminate/Pipeline/Pipeline.php(219): Illuminate/Foundation/Http/Middleware/TrimStrings->handle()
#27 G:/Projects/customer-management/vendor/laravel/framework/src/Illuminate/Http/Middleware/ValidatePostSize.php(27): Illuminate/Pipeline/Pipeline->Illuminate/Pipeline/{closure}()
#28 G:/Projects/customer-management/vendor/laravel/framework/src/Illuminate/Pipeline/Pipeline.php(219): Illuminate/Http/Middleware/ValidatePostSize->handle()
#29 G:/Projects/customer-management/vendor/laravel/framework/src/Illuminate/Foundation/Http/Middleware/PreventRequestsDuringMaintenance.php(109): Illuminate/Pipeline/Pipeline->Illuminate/Pipeline/{closure}()
#30 G:/Projects/customer-management/vendor/laravel/framework/src/Illuminate/Pipeline/Pipeline.php(219): Illuminate/Foundation/Http/Middleware/PreventRequestsDuringMaintenance->handle()
#31 G:/Projects/customer-management/vendor/laravel/framework/src/Illuminate/Http/Middleware/HandleCors.php(74): Illuminate/Pipeline/Pipeline->Illuminate/Pipeline/{closure}()
#32 G:/Projects/customer-management/vendor/laravel/framework/src/Illuminate/Pipeline/Pipeline.php(219): Illuminate/Http/Middleware/HandleCors->handle()
#33 G:/Projects/customer-management/vendor/laravel/framework/src/Illuminate/Http/Middleware/TrustProxies.php(58): Illuminate/Pipeline/Pipeline->Illuminate/Pipeline/{closure}()
#34 G:/Projects/customer-management/vendor/laravel/framework/src/Illuminate/Pipeline/Pipeline.php(219): Illuminate/Http/Middleware/TrustProxies->handle()
#35 G:/Projects/customer-management/vendor/laravel/framework/src/Illuminate/Foundation/Http/Middleware/InvokeDeferredCallbacks.php(22): Illuminate/Pipeline/Pipeline->Illuminate/Pipeline/{closure}()
#36 G:/Projects/customer-management/vendor/laravel/framework/src/Illuminate/Pipeline/Pipeline.php(219): Illuminate/Foundation/Http/Middleware/InvokeDeferredCallbacks->handle()
#37 G:/Projects/customer-management/vendor/laravel/framework/src/Illuminate/Http/Middleware/ValidatePathEncoding.php(26): Illuminate/Pipeline/Pipeline->Illuminate/Pipeline/{closure}()
#38 G:/Projects/customer-management/vendor/laravel/framework/src/Illuminate/Pipeline/Pipeline.php(219): Illuminate/Http/Middleware/ValidatePathEncoding->handle()
#39 G:/Projects/customer-management/vendor/laravel/framework/src/Illuminate/Pipeline/Pipeline.php(137): Illuminate/Pipeline/Pipeline->Illuminate/Pipeline/{closure}()
#40 G:/Projects/customer-management/vendor/laravel/framework/src/Illuminate/Foundation/Http/Kernel.php(175): Illuminate/Pipeline/Pipeline->then()
#41 G:/Projects/customer-management/vendor/laravel/framework/src/Illuminate/Foundation/Http/Kernel.php(144): Illuminate/Foundation/Http/Kernel->sendRequestThroughRouter()
#42 G:/Projects/customer-management/vendor/laravel/framework/src/Illuminate/Foundation/Application.php(1220): Illuminate/Foundation/Http/Kernel->handle()
#43 G:/Projects/customer-management/public/index.php(20): Illuminate/Foundation/Application->handleRequest()
#44 G:/Projects/customer-management/vendor/laravel/framework/src/Illuminate/Foundation/resources/server.php(23): require_once('...')
#45 {main}

[previous exception] [object] (GuzzleHttp\\Exception\\RequestException(code: 0): cURL error 60: SSL certificate problem: self-signed certificate in certificate chain (see https://curl.haxx.se/libcurl/c/libcurl-errors.html) for https://payment.momo.vn/v2/gateway/api/create at G:/Projects/customer-management/vendor/guzzlehttp/guzzle/src/Handler/CurlFactory.php:278)
[stacktrace]
#0 G:/Projects/customer-management/vendor/guzzlehttp/guzzle/src/Handler/CurlFactory.php(207): GuzzleHttp/Handler/CurlFactory::createRejection()
#1 G:/Projects/customer-management/vendor/guzzlehttp/guzzle/src/Handler/CurlFactory.php(159): GuzzleHttp/Handler/CurlFactory::finishError()
#2 G:/Projects/customer-management/vendor/guzzlehttp/guzzle/src/Handler/CurlHandler.php(47): GuzzleHttp/Handler/CurlFactory::finish()
#3 G:/Projects/customer-management/vendor/guzzlehttp/guzzle/src/Handler/Proxy.php(28): GuzzleHttp/Handler/CurlHandler->__invoke()
#4 G:/Projects/customer-management/vendor/guzzlehttp/guzzle/src/Handler/Proxy.php(48): GuzzleHttp/Handler/Proxy::GuzzleHttp/Handler/{closure}()
#5 G:/Projects/customer-management/vendor/laravel/framework/src/Illuminate/Http/Client/PendingRequest.php(1507): GuzzleHttp/Handler/Proxy::GuzzleHttp/Handler/{closure}()
#6 G:/Projects/customer-management/vendor/laravel/framework/src/Illuminate/Http/Client/PendingRequest.php(1466): Illuminate/Http/Client/PendingRequest->Illuminate/Http/Client/{closure}()
#7 G:/Projects/customer-management/vendor/laravel/framework/src/Illuminate/Http/Client/PendingRequest.php(1452): Illuminate/Http/Client/PendingRequest->Illuminate/Http/Client/{closure}()
#8 G:/Projects/customer-management/vendor/guzzlehttp/guzzle/src/PrepareBodyMiddleware.php(64): Illuminate/Http/Client/PendingRequest->Illuminate/Http/Client/{closure}()
#9 G:/Projects/customer-management/vendor/guzzlehttp/guzzle/src/Middleware.php(38): GuzzleHttp/PrepareBodyMiddleware->__invoke()
#10 G:/Projects/customer-management/vendor/guzzlehttp/guzzle/src/RedirectMiddleware.php(71): GuzzleHttp/Middleware::GuzzleHttp/{closure}()
#11 G:/Projects/customer-management/vendor/guzzlehttp/guzzle/src/Middleware.php(63): GuzzleHttp/RedirectMiddleware->__invoke()
#12 G:/Projects/customer-management/vendor/guzzlehttp/guzzle/src/HandlerStack.php(75): GuzzleHttp/Middleware::GuzzleHttp/{closure}()
#13 G:/Projects/customer-management/vendor/guzzlehttp/guzzle/src/Client.php(333): GuzzleHttp/HandlerStack->__invoke()
#14 G:/Projects/customer-management/vendor/guzzlehttp/guzzle/src/Client.php(169): GuzzleHttp/Client->transfer()
#15 G:/Projects/customer-management/vendor/guzzlehttp/guzzle/src/Client.php(189): GuzzleHttp/Client->requestAsync()
#16 G:/Projects/customer-management/vendor/laravel/framework/src/Illuminate/Http/Client/PendingRequest.php(1292): GuzzleHttp/Client->request()
#17 G:/Projects/customer-management/vendor/laravel/framework/src/Illuminate/Http/Client/PendingRequest.php(1029): Illuminate/Http/Client/PendingRequest->sendRequest()
#18 G:/Projects/customer-management/vendor/laravel/framework/src/Illuminate/Support/helpers.php(327): Illuminate/Http/Client/PendingRequest->Illuminate/Http/Client/{closure}()
#19 G:/Projects/customer-management/vendor/laravel/framework/src/Illuminate/Http/Client/PendingRequest.php(1027): retry()
#20 G:/Projects/customer-management/vendor/laravel/framework/src/Illuminate/Http/Client/PendingRequest.php(879): Illuminate/Http/Client/PendingRequest->send()
#21 G:/Projects/customer-management/app/Http/Controllers/Api/MoMoController.php(55): Illuminate/Http/Client/PendingRequest->post()
#22 G:/Projects/customer-management/vendor/laravel/framework/src/Illuminate/Routing/ControllerDispatcher.php(46): App/Http/Controllers/Api/MoMoController->generateQR()
#23 G:/Projects/customer-management/vendor/laravel/framework/src/Illuminate/Routing/Route.php(265): Illuminate/Routing/ControllerDispatcher->dispatch()
#24 G:/Projects/customer-management/vendor/laravel/framework/src/Illuminate/Routing/Route.php(211): Illuminate/Routing/Route->runController()
#25 G:/Projects/customer-management/vendor/laravel/framework/src/Illuminate/Routing/Router.php(822): Illuminate/Routing/Route->run()
#26 G:/Projects/customer-management/vendor/laravel/framework/src/Illuminate/Pipeline/Pipeline.php(180): Illuminate/Routing/Router->Illuminate/Routing/{closure}()
#27 G:/Projects/customer-management/vendor/laravel/framework/src/Illuminate/Routing/Middleware/SubstituteBindings.php(50): Illuminate/Pipeline/Pipeline->Illuminate/Pipeline/{closure}()
#28 G:/Projects/customer-management/vendor/laravel/framework/src/Illuminate/Pipeline/Pipeline.php(219): Illuminate/Routing/Middleware/SubstituteBindings->handle()
#29 G:/Projects/customer-management/vendor/laravel/framework/src/Illuminate/Auth/Middleware/Authenticate.php(63): Illuminate/Pipeline/Pipeline->Illuminate/Pipeline/{closure}()
#30 G:/Projects/customer-management/vendor/laravel/framework/src/Illuminate/Pipeline/Pipeline.php(219): Illuminate/Auth/Middleware/Authenticate->handle()
#31 G:/Projects/customer-management/vendor/laravel/framework/src/Illuminate/Pipeline/Pipeline.php(137): Illuminate/Pipeline/Pipeline->Illuminate/Pipeline/{closure}()
#32 G:/Projects/customer-management/vendor/laravel/framework/src/Illuminate/Routing/Router.php(821): Illuminate/Pipeline/Pipeline->then()
#33 G:/Projects/customer-management/vendor/laravel/framework/src/Illuminate/Routing/Router.php(800): Illuminate/Routing/Router->runRouteWithinStack()
#34 G:/Projects/customer-management/vendor/laravel/framework/src/Illuminate/Routing/Router.php(764): Illuminate/Routing/Router->runRoute()
#35 G:/Projects/customer-management/vendor/laravel/framework/src/Illuminate/Routing/Router.php(753): Illuminate/Routing/Router->dispatchToRoute()
#36 G:/Projects/customer-management/vendor/laravel/framework/src/Illuminate/Foundation/Http/Kernel.php(200): Illuminate/Routing/Router->dispatch()
#37 G:/Projects/customer-management/vendor/laravel/framework/src/Illuminate/Pipeline/Pipeline.php(180): Illuminate/Foundation/Http/Kernel->Illuminate/Foundation/Http/{closure}()
#38 G:/Projects/customer-management/vendor/laravel/framework/src/Illuminate/Foundation/Http/Middleware/TransformsRequest.php(21): Illuminate/Pipeline/Pipeline->Illuminate/Pipeline/{closure}()
#39 G:/Projects/customer-management/vendor/laravel/framework/src/Illuminate/Foundation/Http/Middleware/ConvertEmptyStringsToNull.php(31): Illuminate/Foundation/Http/Middleware/TransformsRequest->handle()
#40 G:/Projects/customer-management/vendor/laravel/framework/src/Illuminate/Pipeline/Pipeline.php(219): Illuminate/Foundation/Http/Middleware/ConvertEmptyStringsToNull->handle()
#41 G:/Projects/customer-management/vendor/laravel/framework/src/Illuminate/Foundation/Http/Middleware/TransformsRequest.php(21): Illuminate/Pipeline/Pipeline->Illuminate/Pipeline/{closure}()
#42 G:/Projects/customer-management/vendor/laravel/framework/src/Illuminate/Foundation/Http/Middleware/TrimStrings.php(51): Illuminate/Foundation/Http/Middleware/TransformsRequest->handle()
#43 G:/Projects/customer-management/vendor/laravel/framework/src/Illuminate/Pipeline/Pipeline.php(219): Illuminate/Foundation/Http/Middleware/TrimStrings->handle()
#44 G:/Projects/customer-management/vendor/laravel/framework/src/Illuminate/Http/Middleware/ValidatePostSize.php(27): Illuminate/Pipeline/Pipeline->Illuminate/Pipeline/{closure}()
#45 G:/Projects/customer-management/vendor/laravel/framework/src/Illuminate/Pipeline/Pipeline.php(219): Illuminate/Http/Middleware/ValidatePostSize->handle()
#46 G:/Projects/customer-management/vendor/laravel/framework/src/Illuminate/Foundation/Http/Middleware/PreventRequestsDuringMaintenance.php(109): Illuminate/Pipeline/Pipeline->Illuminate/Pipeline/{closure}()
#47 G:/Projects/customer-management/vendor/laravel/framework/src/Illuminate/Pipeline/Pipeline.php(219): Illuminate/Foundation/Http/Middleware/PreventRequestsDuringMaintenance->handle()
#48 G:/Projects/customer-management/vendor/laravel/framework/src/Illuminate/Http/Middleware/HandleCors.php(74): Illuminate/Pipeline/Pipeline->Illuminate/Pipeline/{closure}()
#49 G:/Projects/customer-management/vendor/laravel/framework/src/Illuminate/Pipeline/Pipeline.php(219): Illuminate/Http/Middleware/HandleCors->handle()
#50 G:/Projects/customer-management/vendor/laravel/framework/src/Illuminate/Http/Middleware/TrustProxies.php(58): Illuminate/Pipeline/Pipeline->Illuminate/Pipeline/{closure}()
#51 G:/Projects/customer-management/vendor/laravel/framework/src/Illuminate/Pipeline/Pipeline.php(219): Illuminate/Http/Middleware/TrustProxies->handle()
#52 G:/Projects/customer-management/vendor/laravel/framework/src/Illuminate/Foundation/Http/Middleware/InvokeDeferredCallbacks.php(22): Illuminate/Pipeline/Pipeline->Illuminate/Pipeline/{closure}()
#53 G:/Projects/customer-management/vendor/laravel/framework/src/Illuminate/Pipeline/Pipeline.php(219): Illuminate/Foundation/Http/Middleware/InvokeDeferredCallbacks->handle()
#54 G:/Projects/customer-management/vendor/laravel/framework/src/Illuminate/Http/Middleware/ValidatePathEncoding.php(26): Illuminate/Pipeline/Pipeline->Illuminate/Pipeline/{closure}()
#55 G:/Projects/customer-management/vendor/laravel/framework/src/Illuminate/Pipeline/Pipeline.php(219): Illuminate/Http/Middleware/ValidatePathEncoding->handle()
#56 G:/Projects/customer-management/vendor/laravel/framework/src/Illuminate/Pipeline/Pipeline.php(137): Illuminate/Pipeline/Pipeline->Illuminate/Pipeline/{closure}()
#57 G:/Projects/customer-management/vendor/laravel/framework/src/Illuminate/Foundation/Http/Kernel.php(175): Illuminate/Pipeline/Pipeline->then()
#58 G:/Projects/customer-management/vendor/laravel/framework/src/Illuminate/Foundation/Http/Kernel.php(144): Illuminate/Foundation/Http/Kernel->sendRequestThroughRouter()
#59 G:/Projects/customer-management/vendor/laravel/framework/src/Illuminate/Foundation/Application.php(1220): Illuminate/Foundation/Http/Kernel->handle()
#60 G:/Projects/customer-management/public/index.php(20): Illuminate/Foundation/Application->handleRequest()
#61 G:/Projects/customer-management/vendor/laravel/framework/src/Illuminate/Foundation/resources/server.php(23): require_once('...')
#62 {main}
"} 
[2026-02-11 04:14:10] local.ERROR: cURL error 60: SSL certificate problem: self-signed certificate in certificate chain (see https://curl.haxx.se/libcurl/c/libcurl-errors.html) for https://test-payment.momo.vn/v2/gateway/api/create {"userId":1,"exception":"[object] (Illuminate\\Http\\Client\\ConnectionException(code: 0): cURL error 60: SSL certificate problem: self-signed certificate in certificate chain (see https://curl.haxx.se/libcurl/c/libcurl-errors.html) for https://test-payment.momo.vn/v2/gateway/api/create at G:/Projects/customer-management/vendor/laravel/framework/src/Illuminate/Http/Client/PendingRequest.php:1808)
[stacktrace]
#0 G:/Projects/customer-management/vendor/laravel/framework/src/Illuminate/Http/Client/PendingRequest.php(1071): Illuminate/Http/Client/PendingRequest->marshalRequestExceptionWithoutResponse()
#1 G:/Projects/customer-management/vendor/laravel/framework/src/Illuminate/Support/helpers.php(327): Illuminate/Http/Client/PendingRequest->Illuminate/Http/Client/{closure}()
#2 G:/Projects/customer-management/vendor/laravel/framework/src/Illuminate/Http/Client/PendingRequest.php(1027): retry()
#3 G:/Projects/customer-management/vendor/laravel/framework/src/Illuminate/Http/Client/PendingRequest.php(879): Illuminate/Http/Client/PendingRequest->send()
#4 G:/Projects/customer-management/app/Http/Controllers/Api/MoMoController.php(55): Illuminate/Http/Client/PendingRequest->post()
#5 G:/Projects/customer-management/vendor/laravel/framework/src/Illuminate/Routing/ControllerDispatcher.php(46): App/Http/Controllers/Api/MoMoController->generateQR()
#6 G:/Projects/customer-management/vendor/laravel/framework/src/Illuminate/Routing/Route.php(265): Illuminate/Routing/ControllerDispatcher->dispatch()
#7 G:/Projects/customer-management/vendor/laravel/framework/src/Illuminate/Routing/Route.php(211): Illuminate/Routing/Route->runController()
#8 G:/Projects/customer-management/vendor/laravel/framework/src/Illuminate/Routing/Router.php(822): Illuminate/Routing/Route->run()
#9 G:/Projects/customer-management/vendor/laravel/framework/src/Illuminate/Pipeline/Pipeline.php(180): Illuminate/Routing/Router->Illuminate/Routing/{closure}()
#10 G:/Projects/customer-management/vendor/laravel/framework/src/Illuminate/Routing/Middleware/SubstituteBindings.php(50): Illuminate/Pipeline/Pipeline->Illuminate/Pipeline/{closure}()
#11 G:/Projects/customer-management/vendor/laravel/framework/src/Illuminate/Pipeline/Pipeline.php(219): Illuminate/Routing/Middleware/SubstituteBindings->handle()
#12 G:/Projects/customer-management/vendor/laravel/framework/src/Illuminate/Auth/Middleware/Authenticate.php(63): Illuminate/Pipeline/Pipeline->Illuminate/Pipeline/{closure}()
#13 G:/Projects/customer-management/vendor/laravel/framework/src/Illuminate/Pipeline/Pipeline.php(219): Illuminate/Auth/Middleware/Authenticate->handle()
#14 G:/Projects/customer-management/vendor/laravel/framework/src/Illuminate/Pipeline/Pipeline.php(137): Illuminate/Pipeline/Pipeline->Illuminate/Pipeline/{closure}()
#15 G:/Projects/customer-management/vendor/laravel/framework/src/Illuminate/Routing/Router.php(821): Illuminate/Pipeline/Pipeline->then()
#16 G:/Projects/customer-management/vendor/laravel/framework/src/Illuminate/Routing/Router.php(800): Illuminate/Routing/Router->runRouteWithinStack()
#17 G:/Projects/customer-management/vendor/laravel/framework/src/Illuminate/Routing/Router.php(764): Illuminate/Routing/Router->runRoute()
#18 G:/Projects/customer-management/vendor/laravel/framework/src/Illuminate/Routing/Router.php(753): Illuminate/Routing/Router->dispatchToRoute()
#19 G:/Projects/customer-management/vendor/laravel/framework/src/Illuminate/Foundation/Http/Kernel.php(200): Illuminate/Routing/Router->dispatch()
#20 G:/Projects/customer-management/vendor/laravel/framework/src/Illuminate/Pipeline/Pipeline.php(180): Illuminate/Foundation/Http/Kernel->Illuminate/Foundation/Http/{closure}()
#21 G:/Projects/customer-management/vendor/laravel/framework/src/Illuminate/Foundation/Http/Middleware/TransformsRequest.php(21): Illuminate/Pipeline/Pipeline->Illuminate/Pipeline/{closure}()
#22 G:/Projects/customer-management/vendor/laravel/framework/src/Illuminate/Foundation/Http/Middleware/ConvertEmptyStringsToNull.php(31): Illuminate/Foundation/Http/Middleware/TransformsRequest->handle()
#23 G:/Projects/customer-management/vendor/laravel/framework/src/Illuminate/Pipeline/Pipeline.php(219): Illuminate/Foundation/Http/Middleware/ConvertEmptyStringsToNull->handle()
#24 G:/Projects/customer-management/vendor/laravel/framework/src/Illuminate/Foundation/Http/Middleware/TransformsRequest.php(21): Illuminate/Pipeline/Pipeline->Illuminate/Pipeline/{closure}()
#25 G:/Projects/customer-management/vendor/laravel/framework/src/Illuminate/Foundation/Http/Middleware/TrimStrings.php(51): Illuminate/Foundation/Http/Middleware/TransformsRequest->handle()
#26 G:/Projects/customer-management/vendor/laravel/framework/src/Illuminate/Pipeline/Pipeline.php(219): Illuminate/Foundation/Http/Middleware/TrimStrings->handle()
#27 G:/Projects/customer-management/vendor/laravel/framework/src/Illuminate/Http/Middleware/ValidatePostSize.php(27): Illuminate/Pipeline/Pipeline->Illuminate/Pipeline/{closure}()
#28 G:/Projects/customer-management/vendor/laravel/framework/src/Illuminate/Pipeline/Pipeline.php(219): Illuminate/Http/Middleware/ValidatePostSize->handle()
#29 G:/Projects/customer-management/vendor/laravel/framework/src/Illuminate/Foundation/Http/Middleware/PreventRequestsDuringMaintenance.php(109): Illuminate/Pipeline/Pipeline->Illuminate/Pipeline/{closure}()
#30 G:/Projects/customer-management/vendor/laravel/framework/src/Illuminate/Pipeline/Pipeline.php(219): Illuminate/Foundation/Http/Middleware/PreventRequestsDuringMaintenance->handle()
#31 G:/Projects/customer-management/vendor/laravel/framework/src/Illuminate/Http/Middleware/HandleCors.php(74): Illuminate/Pipeline/Pipeline->Illuminate/Pipeline/{closure}()
#32 G:/Projects/customer-management/vendor/laravel/framework/src/Illuminate/Pipeline/Pipeline.php(219): Illuminate/Http/Middleware/HandleCors->handle()
#33 G:/Projects/customer-management/vendor/laravel/framework/src/Illuminate/Http/Middleware/TrustProxies.php(58): Illuminate/Pipeline/Pipeline->Illuminate/Pipeline/{closure}()
#34 G:/Projects/customer-management/vendor/laravel/framework/src/Illuminate/Pipeline/Pipeline.php(219): Illuminate/Http/Middleware/TrustProxies->handle()
#35 G:/Projects/customer-management/vendor/laravel/framework/src/Illuminate/Foundation/Http/Middleware/InvokeDeferredCallbacks.php(22): Illuminate/Pipeline/Pipeline->Illuminate/Pipeline/{closure}()
#36 G:/Projects/customer-management/vendor/laravel/framework/src/Illuminate/Pipeline/Pipeline.php(219): Illuminate/Foundation/Http/Middleware/InvokeDeferredCallbacks->handle()
#37 G:/Projects/customer-management/vendor/laravel/framework/src/Illuminate/Http/Middleware/ValidatePathEncoding.php(26): Illuminate/Pipeline/Pipeline->Illuminate/Pipeline/{closure}()
#38 G:/Projects/customer-management/vendor/laravel/framework/src/Illuminate/Pipeline/Pipeline.php(219): Illuminate/Http/Middleware/ValidatePathEncoding->handle()
#39 G:/Projects/customer-management/vendor/laravel/framework/src/Illuminate/Pipeline/Pipeline.php(137): Illuminate/Pipeline/Pipeline->Illuminate/Pipeline/{closure}()
#40 G:/Projects/customer-management/vendor/laravel/framework/src/Illuminate/Foundation/Http/Kernel.php(175): Illuminate/Pipeline/Pipeline->then()
#41 G:/Projects/customer-management/vendor/laravel/framework/src/Illuminate/Foundation/Http/Kernel.php(144): Illuminate/Foundation/Http/Kernel->sendRequestThroughRouter()
#42 G:/Projects/customer-management/vendor/laravel/framework/src/Illuminate/Foundation/Application.php(1220): Illuminate/Foundation/Http/Kernel->handle()
#43 G:/Projects/customer-management/public/index.php(20): Illuminate/Foundation/Application->handleRequest()
#44 G:/Projects/customer-management/vendor/laravel/framework/src/Illuminate/Foundation/resources/server.php(23): require_once('...')
#45 {main}

[previous exception] [object] (GuzzleHttp\\Exception\\RequestException(code: 0): cURL error 60: SSL certificate problem: self-signed certificate in certificate chain (see https://curl.haxx.se/libcurl/c/libcurl-errors.html) for https://test-payment.momo.vn/v2/gateway/api/create at G:/Projects/customer-management/vendor/guzzlehttp/guzzle/src/Handler/CurlFactory.php:278)
[stacktrace]
#0 G:/Projects/customer-management/vendor/guzzlehttp/guzzle/src/Handler/CurlFactory.php(207): GuzzleHttp/Handler/CurlFactory::createRejection()
#1 G:/Projects/customer-management/vendor/guzzlehttp/guzzle/src/Handler/CurlFactory.php(159): GuzzleHttp/Handler/CurlFactory::finishError()
#2 G:/Projects/customer-management/vendor/guzzlehttp/guzzle/src/Handler/CurlHandler.php(47): GuzzleHttp/Handler/CurlFactory::finish()
#3 G:/Projects/customer-management/vendor/guzzlehttp/guzzle/src/Handler/Proxy.php(28): GuzzleHttp/Handler/CurlHandler->__invoke()
#4 G:/Projects/customer-management/vendor/guzzlehttp/guzzle/src/Handler/Proxy.php(48): GuzzleHttp/Handler/Proxy::GuzzleHttp/Handler/{closure}()
#5 G:/Projects/customer-management/vendor/laravel/framework/src/Illuminate/Http/Client/PendingRequest.php(1507): GuzzleHttp/Handler/Proxy::GuzzleHttp/Handler/{closure}()
#6 G:/Projects/customer-management/vendor/laravel/framework/src/Illuminate/Http/Client/PendingRequest.php(1466): Illuminate/Http/Client/PendingRequest->Illuminate/Http/Client/{closure}()
#7 G:/Projects/customer-management/vendor/laravel/framework/src/Illuminate/Http/Client/PendingRequest.php(1452): Illuminate/Http/Client/PendingRequest->Illuminate/Http/Client/{closure}()
#8 G:/Projects/customer-management/vendor/guzzlehttp/guzzle/src/PrepareBodyMiddleware.php(64): Illuminate/Http/Client/PendingRequest->Illuminate/Http/Client/{closure}()
#9 G:/Projects/customer-management/vendor/guzzlehttp/guzzle/src/Middleware.php(38): GuzzleHttp/PrepareBodyMiddleware->__invoke()
#10 G:/Projects/customer-management/vendor/guzzlehttp/guzzle/src/RedirectMiddleware.php(71): GuzzleHttp/Middleware::GuzzleHttp/{closure}()
#11 G:/Projects/customer-management/vendor/guzzlehttp/guzzle/src/Middleware.php(63): GuzzleHttp/RedirectMiddleware->__invoke()
#12 G:/Projects/customer-management/vendor/guzzlehttp/guzzle/src/HandlerStack.php(75): GuzzleHttp/Middleware::GuzzleHttp/{closure}()
#13 G:/Projects/customer-management/vendor/guzzlehttp/guzzle/src/Client.php(333): GuzzleHttp/HandlerStack->__invoke()
#14 G:/Projects/customer-management/vendor/guzzlehttp/guzzle/src/Client.php(169): GuzzleHttp/Client->transfer()
#15 G:/Projects/customer-management/vendor/guzzlehttp/guzzle/src/Client.php(189): GuzzleHttp/Client->requestAsync()
#16 G:/Projects/customer-management/vendor/laravel/framework/src/Illuminate/Http/Client/PendingRequest.php(1292): GuzzleHttp/Client->request()
#17 G:/Projects/customer-management/vendor/laravel/framework/src/Illuminate/Http/Client/PendingRequest.php(1029): Illuminate/Http/Client/PendingRequest->sendRequest()
#18 G:/Projects/customer-management/vendor/laravel/framework/src/Illuminate/Support/helpers.php(327): Illuminate/Http/Client/PendingRequest->Illuminate/Http/Client/{closure}()
#19 G:/Projects/customer-management/vendor/laravel/framework/src/Illuminate/Http/Client/PendingRequest.php(1027): retry()
#20 G:/Projects/customer-management/vendor/laravel/framework/src/Illuminate/Http/Client/PendingRequest.php(879): Illuminate/Http/Client/PendingRequest->send()
#21 G:/Projects/customer-management/app/Http/Controllers/Api/MoMoController.php(55): Illuminate/Http/Client/PendingRequest->post()
#22 G:/Projects/customer-management/vendor/laravel/framework/src/Illuminate/Routing/ControllerDispatcher.php(46): App/Http/Controllers/Api/MoMoController->generateQR()
#23 G:/Projects/customer-management/vendor/laravel/framework/src/Illuminate/Routing/Route.php(265): Illuminate/Routing/ControllerDispatcher->dispatch()
#24 G:/Projects/customer-management/vendor/laravel/framework/src/Illuminate/Routing/Route.php(211): Illuminate/Routing/Route->runController()
#25 G:/Projects/customer-management/vendor/laravel/framework/src/Illuminate/Routing/Router.php(822): Illuminate/Routing/Route->run()
#26 G:/Projects/customer-management/vendor/laravel/framework/src/Illuminate/Pipeline/Pipeline.php(180): Illuminate/Routing/Router->Illuminate/Routing/{closure}()
#27 G:/Projects/customer-management/vendor/laravel/framework/src/Illuminate/Routing/Middleware/SubstituteBindings.php(50): Illuminate/Pipeline/Pipeline->Illuminate/Pipeline/{closure}()
#28 G:/Projects/customer-management/vendor/laravel/framework/src/Illuminate/Pipeline/Pipeline.php(219): Illuminate/Routing/Middleware/SubstituteBindings->handle()
#29 G:/Projects/customer-management/vendor/laravel/framework/src/Illuminate/Auth/Middleware/Authenticate.php(63): Illuminate/Pipeline/Pipeline->Illuminate/Pipeline/{closure}()
#30 G:/Projects/customer-management/vendor/laravel/framework/src/Illuminate/Pipeline/Pipeline.php(219): Illuminate/Auth/Middleware/Authenticate->handle()
#31 G:/Projects/customer-management/vendor/laravel/framework/src/Illuminate/Pipeline/Pipeline.php(137): Illuminate/Pipeline/Pipeline->Illuminate/Pipeline/{closure}()
#32 G:/Projects/customer-management/vendor/laravel/framework/src/Illuminate/Routing/Router.php(821): Illuminate/Pipeline/Pipeline->then()
#33 G:/Projects/customer-management/vendor/laravel/framework/src/Illuminate/Routing/Router.php(800): Illuminate/Routing/Router->runRouteWithinStack()
#34 G:/Projects/customer-management/vendor/laravel/framework/src/Illuminate/Routing/Router.php(764): Illuminate/Routing/Router->runRoute()
#35 G:/Projects/customer-management/vendor/laravel/framework/src/Illuminate/Routing/Router.php(753): Illuminate/Routing/Router->dispatchToRoute()
#36 G:/Projects/customer-management/vendor/laravel/framework/src/Illuminate/Foundation/Http/Kernel.php(200): Illuminate/Routing/Router->dispatch()
#37 G:/Projects/customer-management/vendor/laravel/framework/src/Illuminate/Pipeline/Pipeline.php(180): Illuminate/Foundation/Http/Kernel->Illuminate/Foundation/Http/{closure}()
#38 G:/Projects/customer-management/vendor/laravel/framework/src/Illuminate/Foundation/Http/Middleware/TransformsRequest.php(21): Illuminate/Pipeline/Pipeline->Illuminate/Pipeline/{closure}()
#39 G:/Projects/customer-management/vendor/laravel/framework/src/Illuminate/Foundation/Http/Middleware/ConvertEmptyStringsToNull.php(31): Illuminate/Foundation/Http/Middleware/TransformsRequest->handle()
#40 G:/Projects/customer-management/vendor/laravel/framework/src/Illuminate/Pipeline/Pipeline.php(219): Illuminate/Foundation/Http/Middleware/ConvertEmptyStringsToNull->handle()
#41 G:/Projects/customer-management/vendor/laravel/framework/src/Illuminate/Foundation/Http/Middleware/TransformsRequest.php(21): Illuminate/Pipeline/Pipeline->Illuminate/Pipeline/{closure}()
#42 G:/Projects/customer-management/vendor/laravel/framework/src/Illuminate/Foundation/Http/Middleware/TrimStrings.php(51): Illuminate/Foundation/Http/Middleware/TransformsRequest->handle()
#43 G:/Projects/customer-management/vendor/laravel/framework/src/Illuminate/Pipeline/Pipeline.php(219): Illuminate/Foundation/Http/Middleware/TrimStrings->handle()
#44 G:/Projects/customer-management/vendor/laravel/framework/src/Illuminate/Http/Middleware/ValidatePostSize.php(27): Illuminate/Pipeline/Pipeline->Illuminate/Pipeline/{closure}()
#45 G:/Projects/customer-management/vendor/laravel/framework/src/Illuminate/Pipeline/Pipeline.php(219): Illuminate/Http/Middleware/ValidatePostSize->handle()
#46 G:/Projects/customer-management/vendor/laravel/framework/src/Illuminate/Foundation/Http/Middleware/PreventRequestsDuringMaintenance.php(109): Illuminate/Pipeline/Pipeline->Illuminate/Pipeline/{closure}()
#47 G:/Projects/customer-management/vendor/laravel/framework/src/Illuminate/Pipeline/Pipeline.php(219): Illuminate/Foundation/Http/Middleware/PreventRequestsDuringMaintenance->handle()
#48 G:/Projects/customer-management/vendor/laravel/framework/src/Illuminate/Http/Middleware/HandleCors.php(74): Illuminate/Pipeline/Pipeline->Illuminate/Pipeline/{closure}()
#49 G:/Projects/customer-management/vendor/laravel/framework/src/Illuminate/Pipeline/Pipeline.php(219): Illuminate/Http/Middleware/HandleCors->handle()
#50 G:/Projects/customer-management/vendor/laravel/framework/src/Illuminate/Http/Middleware/TrustProxies.php(58): Illuminate/Pipeline/Pipeline->Illuminate/Pipeline/{closure}()
#51 G:/Projects/customer-management/vendor/laravel/framework/src/Illuminate/Pipeline/Pipeline.php(219): Illuminate/Http/Middleware/TrustProxies->handle()
#52 G:/Projects/customer-management/vendor/laravel/framework/src/Illuminate/Foundation/Http/Middleware/InvokeDeferredCallbacks.php(22): Illuminate/Pipeline/Pipeline->Illuminate/Pipeline/{closure}()
#53 G:/Projects/customer-management/vendor/laravel/framework/src/Illuminate/Pipeline/Pipeline.php(219): Illuminate/Foundation/Http/Middleware/InvokeDeferredCallbacks->handle()
#54 G:/Projects/customer-management/vendor/laravel/framework/src/Illuminate/Http/Middleware/ValidatePathEncoding.php(26): Illuminate/Pipeline/Pipeline->Illuminate/Pipeline/{closure}()
#55 G:/Projects/customer-management/vendor/laravel/framework/src/Illuminate/Pipeline/Pipeline.php(219): Illuminate/Http/Middleware/ValidatePathEncoding->handle()
#56 G:/Projects/customer-management/vendor/laravel/framework/src/Illuminate/Pipeline/Pipeline.php(137): Illuminate/Pipeline/Pipeline->Illuminate/Pipeline/{closure}()
#57 G:/Projects/customer-management/vendor/laravel/framework/src/Illuminate/Foundation/Http/Kernel.php(175): Illuminate/Pipeline/Pipeline->then()
#58 G:/Projects/customer-management/vendor/laravel/framework/src/Illuminate/Foundation/Http/Kernel.php(144): Illuminate/Foundation/Http/Kernel->sendRequestThroughRouter()
#59 G:/Projects/customer-management/vendor/laravel/framework/src/Illuminate/Foundation/Application.php(1220): Illuminate/Foundation/Http/Kernel->handle()
#60 G:/Projects/customer-management/public/index.php(20): Illuminate/Foundation/Application->handleRequest()
#61 G:/Projects/customer-management/vendor/laravel/framework/src/Illuminate/Foundation/resources/server.php(23): require_once('...')
#62 {main}
"} 
[2026-02-11 04:17:55] local.ERROR: cURL error 60: SSL certificate problem: unable to get local issuer certificate (see https://curl.haxx.se/libcurl/c/libcurl-errors.html) for https://generativelanguage.googleapis.com/v1beta/models/gemini-1.5-flash:generateContent?key=AIzaSyCYlwkEZDuJuxfLfz6H2aYjTZCnNyo88bY {"userId":1,"exception":"[object] (Illuminate\\Http\\Client\\ConnectionException(code: 0): cURL error 60: SSL certificate problem: unable to get local issuer certificate (see https://curl.haxx.se/libcurl/c/libcurl-errors.html) for https://generativelanguage.googleapis.com/v1beta/models/gemini-1.5-flash:generateContent?key=AIzaSyCYlwkEZDuJuxfLfz6H2aYjTZCnNyo88bY at G:/Projects/customer-management/vendor/laravel/framework/src/Illuminate/Http/Client/PendingRequest.php:1808)
[stacktrace]
#0 G:/Projects/customer-management/vendor/laravel/framework/src/Illuminate/Http/Client/PendingRequest.php(1071): Illuminate/Http/Client/PendingRequest->marshalRequestExceptionWithoutResponse()
#1 G:/Projects/customer-management/vendor/laravel/framework/src/Illuminate/Support/helpers.php(327): Illuminate/Http/Client/PendingRequest->Illuminate/Http/Client/{closure}()
#2 G:/Projects/customer-management/vendor/laravel/framework/src/Illuminate/Http/Client/PendingRequest.php(1027): retry()
#3 G:/Projects/customer-management/vendor/laravel/framework/src/Illuminate/Http/Client/PendingRequest.php(879): Illuminate/Http/Client/PendingRequest->send()
#4 G:/Projects/customer-management/app/Services/TransactionService.php(151): Illuminate/Http/Client/PendingRequest->post()
#5 G:/Projects/customer-management/app/Http/Controllers/Api/TransactionController.php(195): App/Services/TransactionService->scanCCCD()
#6 G:/Projects/customer-management/vendor/laravel/framework/src/Illuminate/Routing/ControllerDispatcher.php(46): App/Http/Controllers/Api/TransactionController->scanCCCD()
#7 G:/Projects/customer-management/vendor/laravel/framework/src/Illuminate/Routing/Route.php(265): Illuminate/Routing/ControllerDispatcher->dispatch()
#8 G:/Projects/customer-management/vendor/laravel/framework/src/Illuminate/Routing/Route.php(211): Illuminate/Routing/Route->runController()
#9 G:/Projects/customer-management/vendor/laravel/framework/src/Illuminate/Routing/Router.php(822): Illuminate/Routing/Route->run()
#10 G:/Projects/customer-management/vendor/laravel/framework/src/Illuminate/Pipeline/Pipeline.php(180): Illuminate/Routing/Router->Illuminate/Routing/{closure}()
#11 G:/Projects/customer-management/vendor/laravel/framework/src/Illuminate/Routing/Middleware/SubstituteBindings.php(50): Illuminate/Pipeline/Pipeline->Illuminate/Pipeline/{closure}()
#12 G:/Projects/customer-management/vendor/laravel/framework/src/Illuminate/Pipeline/Pipeline.php(219): Illuminate/Routing/Middleware/SubstituteBindings->handle()
#13 G:/Projects/customer-management/vendor/laravel/framework/src/Illuminate/Auth/Middleware/Authenticate.php(63): Illuminate/Pipeline/Pipeline->Illuminate/Pipeline/{closure}()
#14 G:/Projects/customer-management/vendor/laravel/framework/src/Illuminate/Pipeline/Pipeline.php(219): Illuminate/Auth/Middleware/Authenticate->handle()
#15 G:/Projects/customer-management/vendor/laravel/framework/src/Illuminate/Pipeline/Pipeline.php(137): Illuminate/Pipeline/Pipeline->Illuminate/Pipeline/{closure}()
#16 G:/Projects/customer-management/vendor/laravel/framework/src/Illuminate/Routing/Router.php(821): Illuminate/Pipeline/Pipeline->then()
#17 G:/Projects/customer-management/vendor/laravel/framework/src/Illuminate/Routing/Router.php(800): Illuminate/Routing/Router->runRouteWithinStack()
#18 G:/Projects/customer-management/vendor/laravel/framework/src/Illuminate/Routing/Router.php(764): Illuminate/Routing/Router->runRoute()
#19 G:/Projects/customer-management/vendor/laravel/framework/src/Illuminate/Routing/Router.php(753): Illuminate/Routing/Router->dispatchToRoute()
#20 G:/Projects/customer-management/vendor/laravel/framework/src/Illuminate/Foundation/Http/Kernel.php(200): Illuminate/Routing/Router->dispatch()
#21 G:/Projects/customer-management/vendor/laravel/framework/src/Illuminate/Pipeline/Pipeline.php(180): Illuminate/Foundation/Http/Kernel->Illuminate/Foundation/Http/{closure}()
#22 G:/Projects/customer-management/vendor/laravel/framework/src/Illuminate/Foundation/Http/Middleware/TransformsRequest.php(21): Illuminate/Pipeline/Pipeline->Illuminate/Pipeline/{closure}()
#23 G:/Projects/customer-management/vendor/laravel/framework/src/Illuminate/Foundation/Http/Middleware/ConvertEmptyStringsToNull.php(31): Illuminate/Foundation/Http/Middleware/TransformsRequest->handle()
#24 G:/Projects/customer-management/vendor/laravel/framework/src/Illuminate/Pipeline/Pipeline.php(219): Illuminate/Foundation/Http/Middleware/ConvertEmptyStringsToNull->handle()
#25 G:/Projects/customer-management/vendor/laravel/framework/src/Illuminate/Foundation/Http/Middleware/TransformsRequest.php(21): Illuminate/Pipeline/Pipeline->Illuminate/Pipeline/{closure}()
#26 G:/Projects/customer-management/vendor/laravel/framework/src/Illuminate/Foundation/Http/Middleware/TrimStrings.php(51): Illuminate/Foundation/Http/Middleware/TransformsRequest->handle()
#27 G:/Projects/customer-management/vendor/laravel/framework/src/Illuminate/Pipeline/Pipeline.php(219): Illuminate/Foundation/Http/Middleware/TrimStrings->handle()
#28 G:/Projects/customer-management/vendor/laravel/framework/src/Illuminate/Http/Middleware/ValidatePostSize.php(27): Illuminate/Pipeline/Pipeline->Illuminate/Pipeline/{closure}()
#29 G:/Projects/customer-management/vendor/laravel/framework/src/Illuminate/Pipeline/Pipeline.php(219): Illuminate/Http/Middleware/ValidatePostSize->handle()
#30 G:/Projects/customer-management/vendor/laravel/framework/src/Illuminate/Foundation/Http/Middleware/PreventRequestsDuringMaintenance.php(109): Illuminate/Pipeline/Pipeline->Illuminate/Pipeline/{closure}()
#31 G:/Projects/customer-management/vendor/laravel/framework/src/Illuminate/Pipeline/Pipeline.php(219): Illuminate/Foundation/Http/Middleware/PreventRequestsDuringMaintenance->handle()
#32 G:/Projects/customer-management/vendor/laravel/framework/src/Illuminate/Http/Middleware/HandleCors.php(74): Illuminate/Pipeline/Pipeline->Illuminate/Pipeline/{closure}()
#33 G:/Projects/customer-management/vendor/laravel/framework/src/Illuminate/Pipeline/Pipeline.php(219): Illuminate/Http/Middleware/HandleCors->handle()
#34 G:/Projects/customer-management/vendor/laravel/framework/src/Illuminate/Http/Middleware/TrustProxies.php(58): Illuminate/Pipeline/Pipeline->Illuminate/Pipeline/{closure}()
#35 G:/Projects/customer-management/vendor/laravel/framework/src/Illuminate/Pipeline/Pipeline.php(219): Illuminate/Http/Middleware/TrustProxies->handle()
#36 G:/Projects/customer-management/vendor/laravel/framework/src/Illuminate/Foundation/Http/Middleware/InvokeDeferredCallbacks.php(22): Illuminate/Pipeline/Pipeline->Illuminate/Pipeline/{closure}()
#37 G:/Projects/customer-management/vendor/laravel/framework/src/Illuminate/Pipeline/Pipeline.php(219): Illuminate/Foundation/Http/Middleware/InvokeDeferredCallbacks->handle()
#38 G:/Projects/customer-management/vendor/laravel/framework/src/Illuminate/Http/Middleware/ValidatePathEncoding.php(26): Illuminate/Pipeline/Pipeline->Illuminate/Pipeline/{closure}()
#39 G:/Projects/customer-management/vendor/laravel/framework/src/Illuminate/Pipeline/Pipeline.php(219): Illuminate/Http/Middleware/ValidatePathEncoding->handle()
#40 G:/Projects/customer-management/vendor/laravel/framework/src/Illuminate/Pipeline/Pipeline.php(137): Illuminate/Pipeline/Pipeline->Illuminate/Pipeline/{closure}()
#41 G:/Projects/customer-management/vendor/laravel/framework/src/Illuminate/Foundation/Http/Kernel.php(175): Illuminate/Pipeline/Pipeline->then()
#42 G:/Projects/customer-management/vendor/laravel/framework/src/Illuminate/Foundation/Http/Kernel.php(144): Illuminate/Foundation/Http/Kernel->sendRequestThroughRouter()
#43 G:/Projects/customer-management/vendor/laravel/framework/src/Illuminate/Foundation/Application.php(1220): Illuminate/Foundation/Http/Kernel->handle()
#44 G:/Projects/customer-management/public/index.php(20): Illuminate/Foundation/Application->handleRequest()
#45 G:/Projects/customer-management/vendor/laravel/framework/src/Illuminate/Foundation/resources/server.php(23): require_once('...')
#46 {main}

[previous exception] [object] (GuzzleHttp\\Exception\\RequestException(code: 0): cURL error 60: SSL certificate problem: unable to get local issuer certificate (see https://curl.haxx.se/libcurl/c/libcurl-errors.html) for https://generativelanguage.googleapis.com/v1beta/models/gemini-1.5-flash:generateContent?key=AIzaSyCYlwkEZDuJuxfLfz6H2aYjTZCnNyo88bY at G:/Projects/customer-management/vendor/guzzlehttp/guzzle/src/Handler/CurlFactory.php:278)
[stacktrace]
#0 G:/Projects/customer-management/vendor/guzzlehttp/guzzle/src/Handler/CurlFactory.php(207): GuzzleHttp/Handler/CurlFactory::createRejection()
#1 G:/Projects/customer-management/vendor/guzzlehttp/guzzle/src/Handler/CurlFactory.php(159): GuzzleHttp/Handler/CurlFactory::finishError()
#2 G:/Projects/customer-management/vendor/guzzlehttp/guzzle/src/Handler/CurlHandler.php(47): GuzzleHttp/Handler/CurlFactory::finish()
#3 G:/Projects/customer-management/vendor/guzzlehttp/guzzle/src/Handler/Proxy.php(28): GuzzleHttp/Handler/CurlHandler->__invoke()
#4 G:/Projects/customer-management/vendor/guzzlehttp/guzzle/src/Handler/Proxy.php(48): GuzzleHttp/Handler/Proxy::GuzzleHttp/Handler/{closure}()
#5 G:/Projects/customer-management/vendor/laravel/framework/src/Illuminate/Http/Client/PendingRequest.php(1507): GuzzleHttp/Handler/Proxy::GuzzleHttp/Handler/{closure}()
#6 G:/Projects/customer-management/vendor/laravel/framework/src/Illuminate/Http/Client/PendingRequest.php(1466): Illuminate/Http/Client/PendingRequest->Illuminate/Http/Client/{closure}()
#7 G:/Projects/customer-management/vendor/laravel/framework/src/Illuminate/Http/Client/PendingRequest.php(1452): Illuminate/Http/Client/PendingRequest->Illuminate/Http/Client/{closure}()
#8 G:/Projects/customer-management/vendor/guzzlehttp/guzzle/src/PrepareBodyMiddleware.php(64): Illuminate/Http/Client/PendingRequest->Illuminate/Http/Client/{closure}()
#9 G:/Projects/customer-management/vendor/guzzlehttp/guzzle/src/Middleware.php(38): GuzzleHttp/PrepareBodyMiddleware->__invoke()
#10 G:/Projects/customer-management/vendor/guzzlehttp/guzzle/src/RedirectMiddleware.php(71): GuzzleHttp/Middleware::GuzzleHttp/{closure}()
#11 G:/Projects/customer-management/vendor/guzzlehttp/guzzle/src/Middleware.php(63): GuzzleHttp/RedirectMiddleware->__invoke()
#12 G:/Projects/customer-management/vendor/guzzlehttp/guzzle/src/HandlerStack.php(75): GuzzleHttp/Middleware::GuzzleHttp/{closure}()
#13 G:/Projects/customer-management/vendor/guzzlehttp/guzzle/src/Client.php(333): GuzzleHttp/HandlerStack->__invoke()
#14 G:/Projects/customer-management/vendor/guzzlehttp/guzzle/src/Client.php(169): GuzzleHttp/Client->transfer()
#15 G:/Projects/customer-management/vendor/guzzlehttp/guzzle/src/Client.php(189): GuzzleHttp/Client->requestAsync()
#16 G:/Projects/customer-management/vendor/laravel/framework/src/Illuminate/Http/Client/PendingRequest.php(1292): GuzzleHttp/Client->request()
#17 G:/Projects/customer-management/vendor/laravel/framework/src/Illuminate/Http/Client/PendingRequest.php(1029): Illuminate/Http/Client/PendingRequest->sendRequest()
#18 G:/Projects/customer-management/vendor/laravel/framework/src/Illuminate/Support/helpers.php(327): Illuminate/Http/Client/PendingRequest->Illuminate/Http/Client/{closure}()
#19 G:/Projects/customer-management/vendor/laravel/framework/src/Illuminate/Http/Client/PendingRequest.php(1027): retry()
#20 G:/Projects/customer-management/vendor/laravel/framework/src/Illuminate/Http/Client/PendingRequest.php(879): Illuminate/Http/Client/PendingRequest->send()
#21 G:/Projects/customer-management/app/Services/TransactionService.php(151): Illuminate/Http/Client/PendingRequest->post()
#22 G:/Projects/customer-management/app/Http/Controllers/Api/TransactionController.php(195): App/Services/TransactionService->scanCCCD()
#23 G:/Projects/customer-management/vendor/laravel/framework/src/Illuminate/Routing/ControllerDispatcher.php(46): App/Http/Controllers/Api/TransactionController->scanCCCD()
#24 G:/Projects/customer-management/vendor/laravel/framework/src/Illuminate/Routing/Route.php(265): Illuminate/Routing/ControllerDispatcher->dispatch()
#25 G:/Projects/customer-management/vendor/laravel/framework/src/Illuminate/Routing/Route.php(211): Illuminate/Routing/Route->runController()
#26 G:/Projects/customer-management/vendor/laravel/framework/src/Illuminate/Routing/Router.php(822): Illuminate/Routing/Route->run()
#27 G:/Projects/customer-management/vendor/laravel/framework/src/Illuminate/Pipeline/Pipeline.php(180): Illuminate/Routing/Router->Illuminate/Routing/{closure}()
#28 G:/Projects/customer-management/vendor/laravel/framework/src/Illuminate/Routing/Middleware/SubstituteBindings.php(50): Illuminate/Pipeline/Pipeline->Illuminate/Pipeline/{closure}()
#29 G:/Projects/customer-management/vendor/laravel/framework/src/Illuminate/Pipeline/Pipeline.php(219): Illuminate/Routing/Middleware/SubstituteBindings->handle()
#30 G:/Projects/customer-management/vendor/laravel/framework/src/Illuminate/Auth/Middleware/Authenticate.php(63): Illuminate/Pipeline/Pipeline->Illuminate/Pipeline/{closure}()
#31 G:/Projects/customer-management/vendor/laravel/framework/src/Illuminate/Pipeline/Pipeline.php(219): Illuminate/Auth/Middleware/Authenticate->handle()
#32 G:/Projects/customer-management/vendor/laravel/framework/src/Illuminate/Pipeline/Pipeline.php(137): Illuminate/Pipeline/Pipeline->Illuminate/Pipeline/{closure}()
#33 G:/Projects/customer-management/vendor/laravel/framework/src/Illuminate/Routing/Router.php(821): Illuminate/Pipeline/Pipeline->then()
#34 G:/Projects/customer-management/vendor/laravel/framework/src/Illuminate/Routing/Router.php(800): Illuminate/Routing/Router->runRouteWithinStack()
#35 G:/Projects/customer-management/vendor/laravel/framework/src/Illuminate/Routing/Router.php(764): Illuminate/Routing/Router->runRoute()
#36 G:/Projects/customer-management/vendor/laravel/framework/src/Illuminate/Routing/Router.php(753): Illuminate/Routing/Router->dispatchToRoute()
#37 G:/Projects/customer-management/vendor/laravel/framework/src/Illuminate/Foundation/Http/Kernel.php(200): Illuminate/Routing/Router->dispatch()
#38 G:/Projects/customer-management/vendor/laravel/framework/src/Illuminate/Pipeline/Pipeline.php(180): Illuminate/Foundation/Http/Kernel->Illuminate/Foundation/Http/{closure}()
#39 G:/Projects/customer-management/vendor/laravel/framework/src/Illuminate/Foundation/Http/Middleware/TransformsRequest.php(21): Illuminate/Pipeline/Pipeline->Illuminate/Pipeline/{closure}()
#40 G:/Projects/customer-management/vendor/laravel/framework/src/Illuminate/Foundation/Http/Middleware/ConvertEmptyStringsToNull.php(31): Illuminate/Foundation/Http/Middleware/TransformsRequest->handle()
#41 G:/Projects/customer-management/vendor/laravel/framework/src/Illuminate/Pipeline/Pipeline.php(219): Illuminate/Foundation/Http/Middleware/ConvertEmptyStringsToNull->handle()
#42 G:/Projects/customer-management/vendor/laravel/framework/src/Illuminate/Foundation/Http/Middleware/TransformsRequest.php(21): Illuminate/Pipeline/Pipeline->Illuminate/Pipeline/{closure}()
#43 G:/Projects/customer-management/vendor/laravel/framework/src/Illuminate/Foundation/Http/Middleware/TrimStrings.php(51): Illuminate/Foundation/Http/Middleware/TransformsRequest->handle()
#44 G:/Projects/customer-management/vendor/laravel/framework/src/Illuminate/Pipeline/Pipeline.php(219): Illuminate/Foundation/Http/Middleware/TrimStrings->handle()
#45 G:/Projects/customer-management/vendor/laravel/framework/src/Illuminate/Http/Middleware/ValidatePostSize.php(27): Illuminate/Pipeline/Pipeline->Illuminate/Pipeline/{closure}()
#46 G:/Projects/customer-management/vendor/laravel/framework/src/Illuminate/Pipeline/Pipeline.php(219): Illuminate/Http/Middleware/ValidatePostSize->handle()
#47 G:/Projects/customer-management/vendor/laravel/framework/src/Illuminate/Foundation/Http/Middleware/PreventRequestsDuringMaintenance.php(109): Illuminate/Pipeline/Pipeline->Illuminate/Pipeline/{closure}()
#48 G:/Projects/customer-management/vendor/laravel/framework/src/Illuminate/Pipeline/Pipeline.php(219): Illuminate/Foundation/Http/Middleware/PreventRequestsDuringMaintenance->handle()
#49 G:/Projects/customer-management/vendor/laravel/framework/src/Illuminate/Http/Middleware/HandleCors.php(74): Illuminate/Pipeline/Pipeline->Illuminate/Pipeline/{closure}()
#50 G:/Projects/customer-management/vendor/laravel/framework/src/Illuminate/Pipeline/Pipeline.php(219): Illuminate/Http/Middleware/HandleCors->handle()
#51 G:/Projects/customer-management/vendor/laravel/framework/src/Illuminate/Http/Middleware/TrustProxies.php(58): Illuminate/Pipeline/Pipeline->Illuminate/Pipeline/{closure}()
#52 G:/Projects/customer-management/vendor/laravel/framework/src/Illuminate/Pipeline/Pipeline.php(219): Illuminate/Http/Middleware/TrustProxies->handle()
#53 G:/Projects/customer-management/vendor/laravel/framework/src/Illuminate/Foundation/Http/Middleware/InvokeDeferredCallbacks.php(22): Illuminate/Pipeline/Pipeline->Illuminate/Pipeline/{closure}()
#54 G:/Projects/customer-management/vendor/laravel/framework/src/Illuminate/Pipeline/Pipeline.php(219): Illuminate/Foundation/Http/Middleware/InvokeDeferredCallbacks->handle()
#55 G:/Projects/customer-management/vendor/laravel/framework/src/Illuminate/Http/Middleware/ValidatePathEncoding.php(26): Illuminate/Pipeline/Pipeline->Illuminate/Pipeline/{closure}()
#56 G:/Projects/customer-management/vendor/laravel/framework/src/Illuminate/Pipeline/Pipeline.php(219): Illuminate/Http/Middleware/ValidatePathEncoding->handle()
#57 G:/Projects/customer-management/vendor/laravel/framework/src/Illuminate/Pipeline/Pipeline.php(137): Illuminate/Pipeline/Pipeline->Illuminate/Pipeline/{closure}()
#58 G:/Projects/customer-management/vendor/laravel/framework/src/Illuminate/Foundation/Http/Kernel.php(175): Illuminate/Pipeline/Pipeline->then()
#59 G:/Projects/customer-management/vendor/laravel/framework/src/Illuminate/Foundation/Http/Kernel.php(144): Illuminate/Foundation/Http/Kernel->sendRequestThroughRouter()
#60 G:/Projects/customer-management/vendor/laravel/framework/src/Illuminate/Foundation/Application.php(1220): Illuminate/Foundation/Http/Kernel->handle()
#61 G:/Projects/customer-management/public/index.php(20): Illuminate/Foundation/Application->handleRequest()
#62 G:/Projects/customer-management/vendor/laravel/framework/src/Illuminate/Foundation/resources/server.php(23): require_once('...')
#63 {main}
"} 
[2026-02-11 04:18:28] local.ERROR: cURL error 60: SSL certificate problem: unable to get local issuer certificate (see https://curl.haxx.se/libcurl/c/libcurl-errors.html) for https://generativelanguage.googleapis.com/v1beta/models/gemini-1.5-flash:generateContent?key=AIzaSyCYlwkEZDuJuxfLfz6H2aYjTZCnNyo88bY {"userId":1,"exception":"[object] (Illuminate\\Http\\Client\\ConnectionException(code: 0): cURL error 60: SSL certificate problem: unable to get local issuer certificate (see https://curl.haxx.se/libcurl/c/libcurl-errors.html) for https://generativelanguage.googleapis.com/v1beta/models/gemini-1.5-flash:generateContent?key=AIzaSyCYlwkEZDuJuxfLfz6H2aYjTZCnNyo88bY at G:/Projects/customer-management/vendor/laravel/framework/src/Illuminate/Http/Client/PendingRequest.php:1808)
[stacktrace]
#0 G:/Projects/customer-management/vendor/laravel/framework/src/Illuminate/Http/Client/PendingRequest.php(1071): Illuminate/Http/Client/PendingRequest->marshalRequestExceptionWithoutResponse()
#1 G:/Projects/customer-management/vendor/laravel/framework/src/Illuminate/Support/helpers.php(327): Illuminate/Http/Client/PendingRequest->Illuminate/Http/Client/{closure}()
#2 G:/Projects/customer-management/vendor/laravel/framework/src/Illuminate/Http/Client/PendingRequest.php(1027): retry()
#3 G:/Projects/customer-management/vendor/laravel/framework/src/Illuminate/Http/Client/PendingRequest.php(879): Illuminate/Http/Client/PendingRequest->send()
#4 G:/Projects/customer-management/app/Services/TransactionService.php(149): Illuminate/Http/Client/PendingRequest->post()
#5 G:/Projects/customer-management/app/Http/Controllers/Api/TransactionController.php(195): App/Services/TransactionService->scanCCCD()
#6 G:/Projects/customer-management/vendor/laravel/framework/src/Illuminate/Routing/ControllerDispatcher.php(46): App/Http/Controllers/Api/TransactionController->scanCCCD()
#7 G:/Projects/customer-management/vendor/laravel/framework/src/Illuminate/Routing/Route.php(265): Illuminate/Routing/ControllerDispatcher->dispatch()
#8 G:/Projects/customer-management/vendor/laravel/framework/src/Illuminate/Routing/Route.php(211): Illuminate/Routing/Route->runController()
#9 G:/Projects/customer-management/vendor/laravel/framework/src/Illuminate/Routing/Router.php(822): Illuminate/Routing/Route->run()
#10 G:/Projects/customer-management/vendor/laravel/framework/src/Illuminate/Pipeline/Pipeline.php(180): Illuminate/Routing/Router->Illuminate/Routing/{closure}()
#11 G:/Projects/customer-management/vendor/laravel/framework/src/Illuminate/Routing/Middleware/SubstituteBindings.php(50): Illuminate/Pipeline/Pipeline->Illuminate/Pipeline/{closure}()
#12 G:/Projects/customer-management/vendor/laravel/framework/src/Illuminate/Pipeline/Pipeline.php(219): Illuminate/Routing/Middleware/SubstituteBindings->handle()
#13 G:/Projects/customer-management/vendor/laravel/framework/src/Illuminate/Auth/Middleware/Authenticate.php(63): Illuminate/Pipeline/Pipeline->Illuminate/Pipeline/{closure}()
#14 G:/Projects/customer-management/vendor/laravel/framework/src/Illuminate/Pipeline/Pipeline.php(219): Illuminate/Auth/Middleware/Authenticate->handle()
#15 G:/Projects/customer-management/vendor/laravel/framework/src/Illuminate/Pipeline/Pipeline.php(137): Illuminate/Pipeline/Pipeline->Illuminate/Pipeline/{closure}()
#16 G:/Projects/customer-management/vendor/laravel/framework/src/Illuminate/Routing/Router.php(821): Illuminate/Pipeline/Pipeline->then()
#17 G:/Projects/customer-management/vendor/laravel/framework/src/Illuminate/Routing/Router.php(800): Illuminate/Routing/Router->runRouteWithinStack()
#18 G:/Projects/customer-management/vendor/laravel/framework/src/Illuminate/Routing/Router.php(764): Illuminate/Routing/Router->runRoute()
#19 G:/Projects/customer-management/vendor/laravel/framework/src/Illuminate/Routing/Router.php(753): Illuminate/Routing/Router->dispatchToRoute()
#20 G:/Projects/customer-management/vendor/laravel/framework/src/Illuminate/Foundation/Http/Kernel.php(200): Illuminate/Routing/Router->dispatch()
#21 G:/Projects/customer-management/vendor/laravel/framework/src/Illuminate/Pipeline/Pipeline.php(180): Illuminate/Foundation/Http/Kernel->Illuminate/Foundation/Http/{closure}()
#22 G:/Projects/customer-management/vendor/laravel/framework/src/Illuminate/Foundation/Http/Middleware/TransformsRequest.php(21): Illuminate/Pipeline/Pipeline->Illuminate/Pipeline/{closure}()
#23 G:/Projects/customer-management/vendor/laravel/framework/src/Illuminate/Foundation/Http/Middleware/ConvertEmptyStringsToNull.php(31): Illuminate/Foundation/Http/Middleware/TransformsRequest->handle()
#24 G:/Projects/customer-management/vendor/laravel/framework/src/Illuminate/Pipeline/Pipeline.php(219): Illuminate/Foundation/Http/Middleware/ConvertEmptyStringsToNull->handle()
#25 G:/Projects/customer-management/vendor/laravel/framework/src/Illuminate/Foundation/Http/Middleware/TransformsRequest.php(21): Illuminate/Pipeline/Pipeline->Illuminate/Pipeline/{closure}()
#26 G:/Projects/customer-management/vendor/laravel/framework/src/Illuminate/Foundation/Http/Middleware/TrimStrings.php(51): Illuminate/Foundation/Http/Middleware/TransformsRequest->handle()
#27 G:/Projects/customer-management/vendor/laravel/framework/src/Illuminate/Pipeline/Pipeline.php(219): Illuminate/Foundation/Http/Middleware/TrimStrings->handle()
#28 G:/Projects/customer-management/vendor/laravel/framework/src/Illuminate/Http/Middleware/ValidatePostSize.php(27): Illuminate/Pipeline/Pipeline->Illuminate/Pipeline/{closure}()
#29 G:/Projects/customer-management/vendor/laravel/framework/src/Illuminate/Pipeline/Pipeline.php(219): Illuminate/Http/Middleware/ValidatePostSize->handle()
#30 G:/Projects/customer-management/vendor/laravel/framework/src/Illuminate/Foundation/Http/Middleware/PreventRequestsDuringMaintenance.php(109): Illuminate/Pipeline/Pipeline->Illuminate/Pipeline/{closure}()
#31 G:/Projects/customer-management/vendor/laravel/framework/src/Illuminate/Pipeline/Pipeline.php(219): Illuminate/Foundation/Http/Middleware/PreventRequestsDuringMaintenance->handle()
#32 G:/Projects/customer-management/vendor/laravel/framework/src/Illuminate/Http/Middleware/HandleCors.php(74): Illuminate/Pipeline/Pipeline->Illuminate/Pipeline/{closure}()
#33 G:/Projects/customer-management/vendor/laravel/framework/src/Illuminate/Pipeline/Pipeline.php(219): Illuminate/Http/Middleware/HandleCors->handle()
#34 G:/Projects/customer-management/vendor/laravel/framework/src/Illuminate/Http/Middleware/TrustProxies.php(58): Illuminate/Pipeline/Pipeline->Illuminate/Pipeline/{closure}()
#35 G:/Projects/customer-management/vendor/laravel/framework/src/Illuminate/Pipeline/Pipeline.php(219): Illuminate/Http/Middleware/TrustProxies->handle()
#36 G:/Projects/customer-management/vendor/laravel/framework/src/Illuminate/Foundation/Http/Middleware/InvokeDeferredCallbacks.php(22): Illuminate/Pipeline/Pipeline->Illuminate/Pipeline/{closure}()
#37 G:/Projects/customer-management/vendor/laravel/framework/src/Illuminate/Pipeline/Pipeline.php(219): Illuminate/Foundation/Http/Middleware/InvokeDeferredCallbacks->handle()
#38 G:/Projects/customer-management/vendor/laravel/framework/src/Illuminate/Http/Middleware/ValidatePathEncoding.php(26): Illuminate/Pipeline/Pipeline->Illuminate/Pipeline/{closure}()
#39 G:/Projects/customer-management/vendor/laravel/framework/src/Illuminate/Pipeline/Pipeline.php(219): Illuminate/Http/Middleware/ValidatePathEncoding->handle()
#40 G:/Projects/customer-management/vendor/laravel/framework/src/Illuminate/Pipeline/Pipeline.php(137): Illuminate/Pipeline/Pipeline->Illuminate/Pipeline/{closure}()
#41 G:/Projects/customer-management/vendor/laravel/framework/src/Illuminate/Foundation/Http/Kernel.php(175): Illuminate/Pipeline/Pipeline->then()
#42 G:/Projects/customer-management/vendor/laravel/framework/src/Illuminate/Foundation/Http/Kernel.php(144): Illuminate/Foundation/Http/Kernel->sendRequestThroughRouter()
#43 G:/Projects/customer-management/vendor/laravel/framework/src/Illuminate/Foundation/Application.php(1220): Illuminate/Foundation/Http/Kernel->handle()
#44 G:/Projects/customer-management/public/index.php(20): Illuminate/Foundation/Application->handleRequest()
#45 G:/Projects/customer-management/vendor/laravel/framework/src/Illuminate/Foundation/resources/server.php(23): require_once('...')
#46 {main}

[previous exception] [object] (GuzzleHttp\\Exception\\RequestException(code: 0): cURL error 60: SSL certificate problem: unable to get local issuer certificate (see https://curl.haxx.se/libcurl/c/libcurl-errors.html) for https://generativelanguage.googleapis.com/v1beta/models/gemini-1.5-flash:generateContent?key=AIzaSyCYlwkEZDuJuxfLfz6H2aYjTZCnNyo88bY at G:/Projects/customer-management/vendor/guzzlehttp/guzzle/src/Handler/CurlFactory.php:278)
[stacktrace]
#0 G:/Projects/customer-management/vendor/guzzlehttp/guzzle/src/Handler/CurlFactory.php(207): GuzzleHttp/Handler/CurlFactory::createRejection()
#1 G:/Projects/customer-management/vendor/guzzlehttp/guzzle/src/Handler/CurlFactory.php(159): GuzzleHttp/Handler/CurlFactory::finishError()
#2 G:/Projects/customer-management/vendor/guzzlehttp/guzzle/src/Handler/CurlHandler.php(47): GuzzleHttp/Handler/CurlFactory::finish()
#3 G:/Projects/customer-management/vendor/guzzlehttp/guzzle/src/Handler/Proxy.php(28): GuzzleHttp/Handler/CurlHandler->__invoke()
#4 G:/Projects/customer-management/vendor/guzzlehttp/guzzle/src/Handler/Proxy.php(48): GuzzleHttp/Handler/Proxy::GuzzleHttp/Handler/{closure}()
#5 G:/Projects/customer-management/vendor/laravel/framework/src/Illuminate/Http/Client/PendingRequest.php(1507): GuzzleHttp/Handler/Proxy::GuzzleHttp/Handler/{closure}()
#6 G:/Projects/customer-management/vendor/laravel/framework/src/Illuminate/Http/Client/PendingRequest.php(1466): Illuminate/Http/Client/PendingRequest->Illuminate/Http/Client/{closure}()
#7 G:/Projects/customer-management/vendor/laravel/framework/src/Illuminate/Http/Client/PendingRequest.php(1452): Illuminate/Http/Client/PendingRequest->Illuminate/Http/Client/{closure}()
#8 G:/Projects/customer-management/vendor/guzzlehttp/guzzle/src/PrepareBodyMiddleware.php(64): Illuminate/Http/Client/PendingRequest->Illuminate/Http/Client/{closure}()
#9 G:/Projects/customer-management/vendor/guzzlehttp/guzzle/src/Middleware.php(38): GuzzleHttp/PrepareBodyMiddleware->__invoke()
#10 G:/Projects/customer-management/vendor/guzzlehttp/guzzle/src/RedirectMiddleware.php(71): GuzzleHttp/Middleware::GuzzleHttp/{closure}()
#11 G:/Projects/customer-management/vendor/guzzlehttp/guzzle/src/Middleware.php(63): GuzzleHttp/RedirectMiddleware->__invoke()
#12 G:/Projects/customer-management/vendor/guzzlehttp/guzzle/src/HandlerStack.php(75): GuzzleHttp/Middleware::GuzzleHttp/{closure}()
#13 G:/Projects/customer-management/vendor/guzzlehttp/guzzle/src/Client.php(333): GuzzleHttp/HandlerStack->__invoke()
#14 G:/Projects/customer-management/vendor/guzzlehttp/guzzle/src/Client.php(169): GuzzleHttp/Client->transfer()
#15 G:/Projects/customer-management/vendor/guzzlehttp/guzzle/src/Client.php(189): GuzzleHttp/Client->requestAsync()
#16 G:/Projects/customer-management/vendor/laravel/framework/src/Illuminate/Http/Client/PendingRequest.php(1292): GuzzleHttp/Client->request()
#17 G:/Projects/customer-management/vendor/laravel/framework/src/Illuminate/Http/Client/PendingRequest.php(1029): Illuminate/Http/Client/PendingRequest->sendRequest()
#18 G:/Projects/customer-management/vendor/laravel/framework/src/Illuminate/Support/helpers.php(327): Illuminate/Http/Client/PendingRequest->Illuminate/Http/Client/{closure}()
#19 G:/Projects/customer-management/vendor/laravel/framework/src/Illuminate/Http/Client/PendingRequest.php(1027): retry()
#20 G:/Projects/customer-management/vendor/laravel/framework/src/Illuminate/Http/Client/PendingRequest.php(879): Illuminate/Http/Client/PendingRequest->send()
#21 G:/Projects/customer-management/app/Services/TransactionService.php(149): Illuminate/Http/Client/PendingRequest->post()
#22 G:/Projects/customer-management/app/Http/Controllers/Api/TransactionController.php(195): App/Services/TransactionService->scanCCCD()
#23 G:/Projects/customer-management/vendor/laravel/framework/src/Illuminate/Routing/ControllerDispatcher.php(46): App/Http/Controllers/Api/TransactionController->scanCCCD()
#24 G:/Projects/customer-management/vendor/laravel/framework/src/Illuminate/Routing/Route.php(265): Illuminate/Routing/ControllerDispatcher->dispatch()
#25 G:/Projects/customer-management/vendor/laravel/framework/src/Illuminate/Routing/Route.php(211): Illuminate/Routing/Route->runController()
#26 G:/Projects/customer-management/vendor/laravel/framework/src/Illuminate/Routing/Router.php(822): Illuminate/Routing/Route->run()
#27 G:/Projects/customer-management/vendor/laravel/framework/src/Illuminate/Pipeline/Pipeline.php(180): Illuminate/Routing/Router->Illuminate/Routing/{closure}()
#28 G:/Projects/customer-management/vendor/laravel/framework/src/Illuminate/Routing/Middleware/SubstituteBindings.php(50): Illuminate/Pipeline/Pipeline->Illuminate/Pipeline/{closure}()
#29 G:/Projects/customer-management/vendor/laravel/framework/src/Illuminate/Pipeline/Pipeline.php(219): Illuminate/Routing/Middleware/SubstituteBindings->handle()
#30 G:/Projects/customer-management/vendor/laravel/framework/src/Illuminate/Auth/Middleware/Authenticate.php(63): Illuminate/Pipeline/Pipeline->Illuminate/Pipeline/{closure}()
#31 G:/Projects/customer-management/vendor/laravel/framework/src/Illuminate/Pipeline/Pipeline.php(219): Illuminate/Auth/Middleware/Authenticate->handle()
#32 G:/Projects/customer-management/vendor/laravel/framework/src/Illuminate/Pipeline/Pipeline.php(137): Illuminate/Pipeline/Pipeline->Illuminate/Pipeline/{closure}()
#33 G:/Projects/customer-management/vendor/laravel/framework/src/Illuminate/Routing/Router.php(821): Illuminate/Pipeline/Pipeline->then()
#34 G:/Projects/customer-management/vendor/laravel/framework/src/Illuminate/Routing/Router.php(800): Illuminate/Routing/Router->runRouteWithinStack()
#35 G:/Projects/customer-management/vendor/laravel/framework/src/Illuminate/Routing/Router.php(764): Illuminate/Routing/Router->runRoute()
#36 G:/Projects/customer-management/vendor/laravel/framework/src/Illuminate/Routing/Router.php(753): Illuminate/Routing/Router->dispatchToRoute()
#37 G:/Projects/customer-management/vendor/laravel/framework/src/Illuminate/Foundation/Http/Kernel.php(200): Illuminate/Routing/Router->dispatch()
#38 G:/Projects/customer-management/vendor/laravel/framework/src/Illuminate/Pipeline/Pipeline.php(180): Illuminate/Foundation/Http/Kernel->Illuminate/Foundation/Http/{closure}()
#39 G:/Projects/customer-management/vendor/laravel/framework/src/Illuminate/Foundation/Http/Middleware/TransformsRequest.php(21): Illuminate/Pipeline/Pipeline->Illuminate/Pipeline/{closure}()
#40 G:/Projects/customer-management/vendor/laravel/framework/src/Illuminate/Foundation/Http/Middleware/ConvertEmptyStringsToNull.php(31): Illuminate/Foundation/Http/Middleware/TransformsRequest->handle()
#41 G:/Projects/customer-management/vendor/laravel/framework/src/Illuminate/Pipeline/Pipeline.php(219): Illuminate/Foundation/Http/Middleware/ConvertEmptyStringsToNull->handle()
#42 G:/Projects/customer-management/vendor/laravel/framework/src/Illuminate/Foundation/Http/Middleware/TransformsRequest.php(21): Illuminate/Pipeline/Pipeline->Illuminate/Pipeline/{closure}()
#43 G:/Projects/customer-management/vendor/laravel/framework/src/Illuminate/Foundation/Http/Middleware/TrimStrings.php(51): Illuminate/Foundation/Http/Middleware/TransformsRequest->handle()
#44 G:/Projects/customer-management/vendor/laravel/framework/src/Illuminate/Pipeline/Pipeline.php(219): Illuminate/Foundation/Http/Middleware/TrimStrings->handle()
#45 G:/Projects/customer-management/vendor/laravel/framework/src/Illuminate/Http/Middleware/ValidatePostSize.php(27): Illuminate/Pipeline/Pipeline->Illuminate/Pipeline/{closure}()
#46 G:/Projects/customer-management/vendor/laravel/framework/src/Illuminate/Pipeline/Pipeline.php(219): Illuminate/Http/Middleware/ValidatePostSize->handle()
#47 G:/Projects/customer-management/vendor/laravel/framework/src/Illuminate/Foundation/Http/Middleware/PreventRequestsDuringMaintenance.php(109): Illuminate/Pipeline/Pipeline->Illuminate/Pipeline/{closure}()
#48 G:/Projects/customer-management/vendor/laravel/framework/src/Illuminate/Pipeline/Pipeline.php(219): Illuminate/Foundation/Http/Middleware/PreventRequestsDuringMaintenance->handle()
#49 G:/Projects/customer-management/vendor/laravel/framework/src/Illuminate/Http/Middleware/HandleCors.php(74): Illuminate/Pipeline/Pipeline->Illuminate/Pipeline/{closure}()
#50 G:/Projects/customer-management/vendor/laravel/framework/src/Illuminate/Pipeline/Pipeline.php(219): Illuminate/Http/Middleware/HandleCors->handle()
#51 G:/Projects/customer-management/vendor/laravel/framework/src/Illuminate/Http/Middleware/TrustProxies.php(58): Illuminate/Pipeline/Pipeline->Illuminate/Pipeline/{closure}()
#52 G:/Projects/customer-management/vendor/laravel/framework/src/Illuminate/Pipeline/Pipeline.php(219): Illuminate/Http/Middleware/TrustProxies->handle()
#53 G:/Projects/customer-management/vendor/laravel/framework/src/Illuminate/Foundation/Http/Middleware/InvokeDeferredCallbacks.php(22): Illuminate/Pipeline/Pipeline->Illuminate/Pipeline/{closure}()
#54 G:/Projects/customer-management/vendor/laravel/framework/src/Illuminate/Pipeline/Pipeline.php(219): Illuminate/Foundation/Http/Middleware/InvokeDeferredCallbacks->handle()
#55 G:/Projects/customer-management/vendor/laravel/framework/src/Illuminate/Http/Middleware/ValidatePathEncoding.php(26): Illuminate/Pipeline/Pipeline->Illuminate/Pipeline/{closure}()
#56 G:/Projects/customer-management/vendor/laravel/framework/src/Illuminate/Pipeline/Pipeline.php(219): Illuminate/Http/Middleware/ValidatePathEncoding->handle()
#57 G:/Projects/customer-management/vendor/laravel/framework/src/Illuminate/Pipeline/Pipeline.php(137): Illuminate/Pipeline/Pipeline->Illuminate/Pipeline/{closure}()
#58 G:/Projects/customer-management/vendor/laravel/framework/src/Illuminate/Foundation/Http/Kernel.php(175): Illuminate/Pipeline/Pipeline->then()
#59 G:/Projects/customer-management/vendor/laravel/framework/src/Illuminate/Foundation/Http/Kernel.php(144): Illuminate/Foundation/Http/Kernel->sendRequestThroughRouter()
#60 G:/Projects/customer-management/vendor/laravel/framework/src/Illuminate/Foundation/Application.php(1220): Illuminate/Foundation/Http/Kernel->handle()
#61 G:/Projects/customer-management/public/index.php(20): Illuminate/Foundation/Application->handleRequest()
#62 G:/Projects/customer-management/vendor/laravel/framework/src/Illuminate/Foundation/resources/server.php(23): require_once('...')
#63 {main}
"} 
